C,0.3751082441782852,-0.9264662885706163,0.03088723509269446,0.8503926066157431,-0.5219294386413511,-0.06649868940667919,0.9295698443723083,-0.32991207639552367,-0.1644929368758332,0.9550811110271353,-0.24488774283370843,-0.16688338673751915,0.36250383987650026,-0.9142951864128384,-0.1807077147691975,0.9164589236594959,-0.10694240249504772,-0.38557277366726206,0.3625156004345524,-0.9165111786259503,-0.16908488665533408,0.9453972938468396,0.07361336584023839,-0.3174980774063738,0.378695241852856,-0.9108051376313201,-0.16438952236197707,0.9700958782855454,0.09455734197769587,-0.22354618317365454,0.5910244819840065,-0.7853601667499742,-0.18411808759051715,0.9819386748595907,-0.1077353965209001,-0.15552981434913193,0.0,0.0,0.0,0.0,0.0,0.0,0.0,0.0,0.0,0.0,0.0,0.0,0.0,0.0,0.0,0.0,0.0,0.0,0.0,0.0,0.0,0.0,0.0,0.0,0.0,0.0,0.0,0.0,0.0,0.0,0.0,0.0,0.0
C,0.4404133101495039,-0.8913437942566094,0.10743536048893833,0.8304393444051545,-0.5568007265223346,-0.018532301749584017,0.9311248698605461,-0.3272114358742864,-0.1610563657862326,0.9316673128046425,-0.3157515647767916,-0.17971357097443696,0.4357938680751159,-0.8953096875126797,-0.0922185881158257,0.9368214748994134,-0.1162133139727341,-0.3299393729501873,0.3935434851330087,-0.9153121270652018,-0.08559927194048488,0.9589249607897237,0.02482893121349825,-0.2825711304242211,0.4023069260251262,-0.910132201190829,-0.09903794034484945,0.9800005548333794,0.13386374117375852,-0.14723929952710857,0.5720683813981052,-0.8123355736260102,-0.1133520305343184,0.995797669940964,-0.07626387836157866,-0.05070326811357836,-0.08525832818180729,-0.06999378219499042,-0.028581737739148697,-0.06375004048298089,-0.032421853792769684,-0.07311155430664329,-0.0887188641937115,-0.10598631625709012,-0.08937830963316168,0.007984962227396919,-0.016136995413848276,0.011941001257127937,-0.04494251473130123,-0.04439340579169332,-0.020914724679169133,-0.034277181272762414,-0.033923442753258426,0.006937489318605342,-0.051777399028334614,-0.08390692894074708,-0.04162117841409116,-0.04169338179894855,-0.03444955787351589,-0.011196543379116242,-0.05540038942338471,0.004183904882055708,-0.00024124174969789025,-0.08426116655711996,-0.06209790119004288,-0.005782068340045118,-0.051446070889845485,-0.0036509761546855007,0.028278420839309704
C,0.44470688934020813,-0.8908994618718534,0.09237928019744446,0.854290324073546,-0.5184464792497319,-0.03743381289520396,0.9342778028664716,-0.3034619287762985,-0.1871786442262242,0.9290994401589225,-0.32205788630560755,-0.18180469786213194,0.4241162301038818,-0.8939089096586696,-0.14509405430726488,0.9245659305504317,-0.11554834434521043,-0.3630790825488228,0.35370961386176697,-0.927129806909546,-0.12377330165115463,0.9512231660387351,0.026093187692122218,-0.30739816841892337,0.3785257171684627,-0.9176310762409133,-0.12112592356322396,0.9786962159247926,0.1305343976778463,-0.15847551216946307,0.5786705480229114,-0.8043693538277727,-0.13464894902506544,0.9955793822487874,-0.06942354018022773,-0.0632618819666875,0.019557400477687226,0.037909914887846785,-0.003845430854126076,-0.0011406461847787708,0.023305174713231958,-0.011066198148497727,-0.006861451836424226,-0.00675065391357188,0.012964953403798898,-0.015971217161938334,0.000956445469254108,-0.03781938589994531,-0.016549123539685906,0.00022063724276773222,-0.01808362930714162,-0.04412745046194594,-0.012262012229100172,-0.023117949419175887,-0.011995373941692755,0.0008199240938680276,-0.009770957703208391,-0.028074788047367683,-0.007943207434840227,-0.007031902926880648,-0.005597918099291055,-0.0037736758806681536,0.003819867649139372,0.0023085874341019497,0.007521887413481476,-0.006240838199253168,-0.0045118668828807995,0.006396005796594995,0.002497466438384728
C,0.43588202605282833,-0.8943847816350811,0.10041275687705062,0.8354457669899408,-0.5492815533863731,0.017892610990083744,0.9252769805950234,-0.3605004202038686,-0.11790655712805269,0.8772253895198603,-0.4693684134430562,-0.10084100576490446,0.38971423584718323,-0.9126921707042357,-0.12294639447025847,0.9324603881331891,-0.1434331237899877,-0.33157889492901765,0.3164801585399508,-0.9418234015936884,-0.11317680619730162,0.959360423109351,0.019009927319199864,-0.2815425389435242,0.3532548418150061,-0.9269710152751532,-0.12623689466240312,0.9772227767383709,0.14451112133511226,-0.15540971795295383,0.5304305182476168,-0.8336855875022245,-0.15366133704557988,0.9925787435599261,-0.08390679241934801,-0.08801754381312275,-0.010019693796225415,-0.02734975437341358,0.04729294720568154,-0.00017595898406835841,-0.053553171664342425,0.06123861041856536,-0.04304918735168245,-0.143825207374221,0.07293021541762132,-0.02557713096931874,-0.015297941282338412,0.014114183157400248,0.016719320870137222,-0.02439945968154965,0.023466710940199004,-0.02840459203443635,-0.011208274920914696,0.0025630187742468474,0.016962120357995658,-0.003597940609694719,0.017822152795792995,-0.01644601206607682,-0.0058546192710122735,-0.013144447778785318,0.0073514241009580705,0.017462043420493595,-0.004967682463096923,-0.03941516648791482,-0.025830913911224163,-0.027045864700120603,0.005824224598518557,-0.010997932475892647,-0.032789138526041414
C,0.4298788161764071,-0.8949219314866119,0.11966177312342755,0.8235403410350457,-0.5653877701734732,0.0460214735329996,0.9213287073256496,-0.3746519238098882,-0.1038717913737761,0.9007740445374103,-0.4227246728735271,-0.09954884043365442,0.4216699606249421,-0.9032299001689233,-0.07981348098784068,0.9424275992696859,-0.16751834586738754,-0.2894267159966934,0.35802158029116327,-0.9269971016480647,-0.11178963092302313,0.9440913147375589,0.14106964699190971,-0.2979780933805125,0.3881546724619013,-0.9133626487759519,-0.12290086275926354,0.9510035183576788,0.2515885927923145,-0.17970945453174997,0.5578126711522297,-0.8177601719421264,-0.14182145496080076,0.9941066282275414,0.05786396814682948,-0.09167209446920882,-0.005902216078473854,-0.015569066935569253,0.008879846296538933,0.002054936607047475,-0.013614353754488773,-0.005214250492100336,0.029551864893971214,0.04718089042105994,-0.017956850915126887,0.0379589346541801,0.009999420386843205,0.02388389723604087,0.015970421012918012,-0.023548072225868966,0.02290316268594733,0.04754463162763367,0.015363449797154538,-0.017861840972098433,-0.00926589849537085,0.1225968695242407,-0.035684570683365224,0.04090304052331639,0.014145516350732246,-0.015912984343237346,-0.020216048504270834,0.10761462130873309,-0.043548752825173065,0.0333853627810341,0.01646256541162905,-0.007409134161597802,0.007531094544036443,0.14230791041770835,-0.022903566902462993
C,0.3595770942915908,-0.9211824220142243,0.14875233992386122,0.7837587217053624,-0.6126452977847743,0.10192156421965695,0.8957671132383632,-0.43696949731152385,-0.08160231160894584,0.884029055038574,-0.4610823673536118,-0.07678333388955408,0.5679185637554665,-0.8225154534196999,-0.030607741303693006,0.979366004562421,0.023251757308831212,-0.20075254640848583,0.5532683675527376,-0.8304996153220497,-0.06453295604151606,0.9400598893582313,0.28065763642682917,-0.19369743295948913,0.5518019174226786,-0.8310320861537684,-0.07000225504632654,0.9480836274167274,0.31127137968452184,-0.06517333514278835,0.6369896837189797,-0.7663611978112869,-0.08327458991099157,0.9959402718438475,0.08915109595012108,0.012452188984088173,0.030520102555133044,-0.02099703708368872,0.026809523886223673,0.044740127797529894,-0.03605708297402327,-0.0068210870356034126,0.05355673238598002,-0.012097203952472324,-0.006325060256333337,0.21655032501534066,0.10697493727683582,0.02011517288371399,0.10724012717755138,0.21703059370383113,0.05958360278777389,0.2655485091463906,0.12275797685362733,0.018166108081073398,0.06627029650548866,0.16584847996253183,0.0751900936205897,0.23394896684559363,0.10859105314979578,0.023808040912503325,0.06738183094386485,0.08594327741981972,0.08544555258852794,0.14947873445156634,0.07765946465845186,0.029456298249375512,0.07213536550112243,0.057547618330903966,0.07503371665286332
C,0.35495547933211147,-0.9269137208618731,0.12180953070309622,0.8006599747266367,-0.5901254874663675,0.10341911773615003,0.9136865262576199,-0.3915764645021877,-0.10883383749207136,0.882248673776407,-0.45539830924803704,-0.11937192950522373,0.6525216107380253,-0.755844507849106,-0.05398728993194461,0.9476398016330794,0.22962307447065725,-0.22192802894510888,0.629012309179947,-0.7734185966960148,-0.07853145347488406,0.9156600160887318,0.3510359876779757,-0.19580722737256523,0.6012938605856465,-0.7949557132804784,-0.08056740745943573,0.9252201535405904,0.3750371155927834,-0.057574555232076725,0.6749997789534239,-0.7330487888123505,-0.08375423352628185,0.9868508965682461,0.15700155295373774,0.038416406814844,0.021522867980753646,0.028251109166055555,0.028440362737258085,0.022541027978736028,0.051124331656984934,-0.00028871666236052196,0.002841233697312373,0.011415356953223543,-0.015645786394904646,0.08922466194203815,0.07240224441824272,0.0035632605925133946,-0.02710458796986226,0.2121026160094748,0.005767326684141955,0.08036555658668876,0.06281231747368377,0.012944311787396995,-0.019778258310020114,0.07610965009879533,0.024833014807688902,0.054113558122447225,0.0418076717209388,0.016377656807655808,-0.01824185891665764,0.06949703475591035,0.034541589131476626,0.04263171019392353,0.039043707846585174,0.026463165605474723,-0.00446776031612206,0.07358175585126545,0.052907027051520825
C,0.3715651805800142,-0.9263008863329533,0.06249787643853634,0.8173283442585191,-0.5759797498115865,0.014889777654821393,0.8916299563217732,-0.42743667871125074,-0.14931144189889745,0.9223854593526284,-0.3489664716933462,-0.16561239690535745,0.654075728428391,-0.7486867487740066,-0.10794949602048672,0.9072317715992353,0.3245929261706519,-0.26752559668354475,0.6825834433088923,-0.7220468961152195,-0.11281898213932638,0.8510096555187197,0.46686734218096615,-0.24045259619889905,0.6769461903213227,-0.7313285998007117,-0.08308028961780259,0.8913466026803041,0.44714547178298225,-0.07457989644840322,0.7453949614597775,-0.6630954716048196,-0.0684890280815735,0.9796894646592629,0.19985007615767106,0.01638596641702857,5.8668283979601554e-05,0.013532903125861195,-0.029217685816768757,-0.038666271183749434,-0.03647304873798285,0.018834049857733792,0.023527084328318626,0.10581900302577102,0.013071186864426154,-0.015055583557537,0.006544924546179498,0.0053494481760177764,-0.05701773128174681,0.09435701717107484,0.013714086526124006,0.03696143288104259,0.050758866051875406,0.02502412560011756,-0.0812600618179149,0.11521851997407062,0.014666285438226054,0.05904262848777353,0.06301427895084688,0.056798772106193024,-0.05048325210818905,0.07149552166127904,0.04230631304823338,0.05378548125845084,0.06934048267861104,0.07457685970926822,-0.02377113315688595,0.04223568867501351,0.03728121386674445
C,0.44997389467516785,-0.8915005345470798,-0.05244321703644856,0.882742807771944,-0.4647092951120542,-0.06935709310057905,0.9139501499739743,-0.27459651203039726,-0.29881746760069083,0.9148905421757972,-0.13609745726810354,-0.38006943834309087,0.8156902475180237,-0.5100731890973238,-0.27290064468240305,0.7286831241016395,0.5769822872224492,-0.36893406576382426,0.8325312204672618,-0.5076984222380333,-0.2216620829197072,0.6512767903678764,0.6890296367722105,-0.3179256233424299,0.809419653557271,-0.5582582569277186,-0.18217448506103395,0.7584538246676474,0.631585788496342,-0.16077060557350478,0.8345837189274304,-0.5291503376773081,-0.15319900860400662,0.9445504537261361,0.32139389914511785,-0.06730826069694734,-0.012994250581728706,0.0764701029136588,0.030694222719584455,-0.056088520442952594,0.11803981489498,-0.03456493222680848,-0.0859036312719848,0.17806866263936919,-0.09951594796274851,0.083205804994479,0.20381320789080937,-0.05001005518693144,-0.25695736159274946,0.21758900926592378,0.0135326243947054,0.07153906306321584,0.17954812209131277,0.006097992694604079,-0.27814157924599686,0.18736194280537088,0.03746806633145405,0.054064749140794566,0.13826999108711968,0.015846898031753542,-0.2113014921078103,0.1496399649274862,0.02875038434988335,0.010780043372499326,0.09914478214163802,0.030231112952551792,-0.11354772502828042,0.0867434712015733,0.031246866361009
C,0.44939538973143944,-0.880323388021572,-0.15190298282241949,0.868407268519864,-0.4858156610317481,-0.09925703742382327,0.9294864181143341,-0.17381370890123063,-0.3253364306974916,0.9316884967309343,-0.03627499782050896,-0.3614424844873303,0.7771872030816285,-0.5633596444746831,-0.28036754866338326,0.7586234188353039,0.603951891015339,-0.24440258127448505,0.8199007091790105,-0.5201919990830115,-0.23908808246706045,0.7566485350569933,0.6392681759192724,-0.13718306620334844,0.8045702016939204,-0.5503337609774069,-0.22315811003561284,0.794430292137744,0.6072816313235083,0.009462092316045492,0.8468753596569919,-0.4688668951408636,-0.25093018918975674,0.9414709264431531,0.336709041322879,-0.016109505073055547,-0.013757034308351568,-0.03228351244520172,0.06955982146272671,0.016114773084088208,0.0896056566036588,0.07294080268917019,0.017376459498865515,0.08864531292208674,0.11808671964173151,-0.037924539492666776,-0.06446360190286715,0.09199286180499072,0.03051879967739285,0.015792457267381987,0.22399125027531014,-0.012052006344522914,-0.023670723370486035,0.08203376623861769,0.10595024963284522,-0.06093860737844592,0.2802023229250524,-0.004270946919622209,-0.003252650575196192,0.05847614081139205,0.03655497241382494,-0.03548130369834146,0.26969246367552124,0.012870145673289868,0.04910629601093669,0.0017285852002208169,-0.0025010223392545883,0.004137995652253312,0.15065852140986274
C,0.4562305325692422,-0.8849670694694365,-0.09320400799463034,0.8662592848284815,-0.4894442339932569,-0.10019577465742734,0.902980730997929,-0.30596836993264503,-0.3016772381987178,0.8976229545870273,-0.18406847538847795,-0.4004894852135532,0.8311123886802994,-0.4719969758215751,-0.2940596065382229,0.730142273797923,0.5555953356868543,-0.39775128280900685,0.8564780359918865,-0.44877872047818623,-0.25503535815537987,0.6090638089521695,0.7007713866991185,-0.3714306667582387,0.8456251523349279,-0.49447542949466533,-0.20102773779903166,0.7889491609399516,0.5828118016933707,-0.19465257578330028,0.8549303358710048,-0.505242716247916,-0.11757516100741158,0.9724408325458683,0.2271709071239966,-0.052461473044118294,-0.008983126529185315,0.0010151084863557203,-0.059637712061393205,-0.03334082995420784,-0.12751097958354987,-0.03503978232901535,-0.040900684981709734,-0.14314979612010445,-0.09774597555401206,0.047090042760868145,0.09600635010097253,-0.07239103270262877,-0.035316287875183705,-0.04371287388062017,-0.21204767636231092,0.029742183975073333,0.0760569600526898,-0.07464625051610856,-0.1544198689426265,0.06614689222771064,-0.29294657538267943,0.03421980780320477,0.06050201293060614,-0.03656860259120796,-0.012316274035595098,-0.01982614818227313,-0.26281364292713494,0.0012198333762101221,-0.03173213965918781,0.07465605335455601,0.024134763264912484,-0.10489445275101786,-0.09505094279885189
C,0.4346459698429286,-0.8988270305655095,-0.05650530969819347,0.8107646903703183,-0.583384982913471,-0.04819313809839904,0.8557070782331843,-0.4335259943894128,-0.2825254120434089,0.9368221412671436,-0.15827669864860408,-0.3119499355610495,0.8551033033528508,-0.47358363348749066,-0.2109902431105014,0.731694542507986,0.6106020991138148,-0.3029656300999046,0.8650545740801413,-0.46536068080861354,-0.1874033634179734,0.6565391536140864,0.6976573968940474,-0.2867586028887726,0.8317586474418001,-0.539919361341013,-0.12909157855917602,0.7905795083282593,0.60448941752406,-0.09786002816712412,0.8416100374945782,-0.5343664004505325,-0.0783906554247111,0.9787082755227364,0.20378018239659978,0.024571298006413854,-0.03391003173184959,-0.08008078782414102,0.015303938262591424,-0.025689090038431117,-0.11369766336069476,-0.01754687214112801,0.06078374940642983,0.03965173783594689,0.05184085135606684,0.04557547739886503,0.012273303430157478,0.04637066513128461,0.02313683143637668,0.06886672452303355,0.05808695441266535,0.030161100814568353,-0.0027219992343542887,0.0309332964409696,0.06905990738823053,0.010745971291001855,0.04797336557302926,0.0077180578331857985,-0.03158397075027469,0.035237460943418765,0.02321491011462129,0.035537576926762404,0.06009384931973929,0.00826426434988703,-0.015263723106543559,0.0024858072862636096,0.027852005703181693,-0.009530763631323796,0.04033407275409528
C,0.3476338153083059,-0.9280544967279517,-0.13366219195127307,0.7310904180274092,-0.6759820135960326,-0.09249388067954224,0.8768363076543899,-0.3929975005938403,-0.2769676047952374,0.904808054738238,-0.31046187910470485,-0.2914374816381401,0.7729002618904549,-0.5946758059561921,-0.22132751970782863,0.8581887555186762,0.47676388014494125,-0.1902846880083782,0.7710309832256472,-0.6108962756278842,-0.17976919460817517,0.8484666146445998,0.5254513538881013,-0.06328726989445477,0.7287827084060268,-0.66187041022676,-0.17550875760097198,0.9008350670099683,0.4281326658562203,0.0721013347448707,0.7600185613401528,-0.6207548328720907,-0.1924453789634533,0.982040307835625,0.18121894235779162,0.052502654378937884,0.007337882191713552,-0.06336956452011944,0.032856139671936395,0.10814138395582834,0.0697559599580147,0.0827146895012511,0.054998068005717105,-0.12295771429365857,0.097669336175989,0.004809113072226812,-0.0918647063062592,0.06681960565575237,0.21350636754531288,-0.10461075280643134,0.18983782434460603,-0.007011436319871389,-0.11630812865682844,0.08479105106287782,0.2789396155651361,-0.1429785768435039,0.3006282152473974,-0.015963784501150602,-0.09272358272330472,0.030739703211283637,0.19726771321633169,-0.14712928550539756,0.2471182451650744,0.005420678380197275,-0.05716096625911593,-0.03689784128566259,0.09034418684751128,0.006666226123634045,0.10508823862560362
C,0.3680329889933049,-0.929736284256491,-0.011923118282872418,0.7590236732054823,-0.6505473669664772,-0.02590727401022354,0.83158311470859,-0.49795099245468405,-0.24599661063712877,0.9295526129473394,-0.22448395709937588,-0.2924703280125686,0.798128035220813,-0.5715242874605576,-0.19066102967640397,0.7828737689419576,0.5252596440459844,-0.3334830853871003,0.8199702658952643,-0.5477830946999095,-0.1660796321306128,0.6890882207823255,0.6467655974173365,-0.3268817614619157,0.7715864004252819,-0.6288954382830432,-0.09562925486238834,0.8380160004801059,0.5386369590118729,-0.08717459105593224,0.7751019683277088,-0.6315174066051771,-0.02006748238277075,0.9875118104766961,0.12866907833348346,0.09091035391994473,0.007534081493074107,0.027116434158094727,-0.05515246699908195,-0.06565236663079888,-0.10327170433230443,-0.09076807951029202,0.00434538452410238,0.08765970953386829,-0.12277192004282918,0.0048285996453590885,0.024833306024173774,-0.091072583636976,-0.09571416026171764,0.05017755142958241,-0.2649374710471228,0.028540108984618118,0.064794968456514,-0.10804951119083829,-0.17977756754727336,0.12299603105777457,-0.3853335652358616,0.022404518334256163,0.034656759472256105,-0.041859570929817014,-0.08321824021486135,0.11218608068419195,-0.2810149994692036,-0.005315766697442936,-0.009080786204547109,0.050638822912281875,-0.014927671043927893,-0.050868076495768855,-0.0833313741273938
C,0.29519112081742027,-0.9553631604001452,0.011976390975648307,0.70550477717945,-0.7085478671506213,0.014930818238803436,0.7866531151275721,-0.5977808511171322,-0.15438565509063312,0.8800358423460006,-0.4438589268785403,-0.16889691890794142,0.699264154315355,-0.6866776082155303,-0.19875488639283873,0.8559309092358475,0.32275943144131264,-0.40399087617219287,0.7448925592770606,-0.642099466526087,-0.18122734402011498,0.7208982355226632,0.5577330258242217,-0.41138741585671856,0.6577382997299952,-0.7477960216167564,-0.09045130801954487,0.8925982714361038,0.4310018480229343,-0.13230923184001558,0.6651438972545269,-0.7466681722783176,0.008380719039323217,0.9942505878442963,0.010497001143247604,0.10656257100065643,0.019322972149852402,-0.032373624040489934,0.016938582990506254,0.027911868594866662,-0.07420298251879393,0.06771144628797493,0.023325097574545872,-0.19374809363551018,0.09967389984610647,-0.02602201272957333,-0.08952644461131842,-0.03199336597495548,0.1458990084697745,-0.1768733364610175,-0.09440730004361328,-0.0022358384423191713,-0.06868949568252325,-0.0390472211480229,0.10465188291622235,-0.06340569544946062,-0.10840516365332356,-0.04100623251940211,-0.09327370719005901,-0.01872156241567726,0.1274241391318825,-0.08200823484528441,-0.06903415004260408,-0.03711620289729728,-0.08952388952948631,0.004548692163573242,0.07958064554348482,-0.09254520104658163,-0.008247292177809028
C,0.21749525171374243,-0.9754233016756111,0.035287363605483055,0.622842253862925,-0.7815713194807071,0.03483962353611102,0.7354805755460845,-0.6724075721487028,-0.08328493207950223,0.7702556101829718,-0.6354152348387843,-0.0543486367485927,0.6528615879815073,-0.7405459241777544,-0.1592591633846549,0.9177099471218227,0.16035624303143653,-0.36344783432358496,0.6824583979997634,-0.7143105250326739,-0.15495486061154146,0.8037798202375802,0.4408132954589308,-0.3995267689723438,0.5899696325423918,-0.8033201382073255,-0.08131782232917148,0.9568167760432578,0.24020537721526425,-0.16371632123602992,0.5800770577357468,-0.8145252113130681,-0.0076998197408048785,0.9857823939569094,-0.1663520931430853,0.023665436220343564,-0.004966654212847171,-0.05296331105461993,-0.003402167332527163,0.026523329522190248,-0.054566579756104794,0.047789750381296146,-0.032084363059350945,-0.17149616668477813,0.09123730952951398,0.031293302769830084,-0.03380817468675834,0.01618475037834908,0.13947490698965312,-0.14234304713441026,0.017232069218773162,0.015261707826380672,-0.052150917231121086,0.0029615107787387754,0.16057745381859487,-0.09685958908982506,-0.011450325745459976,0.009927201916074407,-0.03546397531510326,-0.014177486939461352,0.1419143737108318,-0.1707363295322042,-0.05471806202584908,-0.00737097041510229,-0.04779689775928464,-0.039391511409962846,0.06922767521629089,-0.15678895301086707,-0.1062081074101476
C,0.13910378472485035,-0.9902430267710755,0.008299699180190268,0.5392955249629217,-0.8418478803933366,0.02127164855419705,0.6571484249579366,-0.7505089978140469,-0.06994420473104403,0.6923322037129781,-0.7201613063264702,-0.045208545343587404,0.54874069913427,-0.8228434916930153,-0.1476896519465038,0.9587807091193724,-0.01895155963274109,-0.28351435626444066,0.5814604533812919,-0.7989911180728675,-0.15335232112456376,0.9100867392162169,0.2774965225136339,-0.3077950732153359,0.5148644721209763,-0.8497055958866695,-0.11364407448903113,0.988183484260807,0.0510128919368359,-0.14453749095100601,0.5167765116475295,-0.8525565066666344,-0.07803486368153507,0.9462430386083008,-0.319877021145416,-0.047987532010563716,-0.005155261911111292,-0.04545683581716509,0.013419689443378822,5.931640074416378e-05,-0.0632817005698797,0.04032839177375099,0.00046806051889833333,-0.06992634639222162,0.036127755830298085,-0.025729421858345175,-0.06747784241979649,0.03855717586344389,0.11946222898644174,-0.16448807756871325,0.1069211424844371,-0.022606477629579375,-0.06986086794472923,0.028590203912270483,0.18469838596752872,-0.14849704784983253,0.1187193601823007,0.00328630656747661,-0.031565732583879624,-0.0053385877345668645,0.10975817520644135,-0.174372760182964,0.04616649471031669,0.015090920900674737,-0.023211570258101943,-0.04334737951543741,0.03885211164028354,-0.13870520290686633,-0.04466530380561449
C,0.13123807914438376,-0.9913505146214634,0.000850730422677058,0.5059411439784769,-0.8625668884536799,-0.0013862803060672314,0.6408541837945599,-0.7546442797085172,-0.14077615641940822,0.7787068320150929,-0.6054394521894353,-0.1644954087674619,0.47252777375872257,-0.8663965273423335,-0.16147619154466844,0.9551255729364265,0.02028901826719248,-0.2955054917605026,0.5230429315942655,-0.8408089748224209,-0.13952189637238324,0.9543429711056944,0.17949501268396462,-0.23876983461639154,0.46506346278327165,-0.8784082564042731,-0.1100677548823333,0.9952825836127094,0.05416346545722605,-0.0804916005982866,0.5138079369902007,-0.8524744152851782,-0.09637829200638191,0.949747622551553,-0.31283177547720054,-0.010757960283216423,-0.025488675403978173,-0.01961152020995538,-0.015208960102751072,-0.00842853558291004,-0.003027794044082377,-0.06338298293085098,0.09424033388258143,0.1158293419874229,-0.1118378946663613,-0.06834721979508088,-0.04244554779893028,-0.006337570840651434,0.004210569397520708,0.040348065750321516,-0.004542166738548746,-0.050551816206559824,-0.04071036889916546,0.02127939350969373,0.052121937469944174,-0.09689402197928132,0.07647420735645756,-0.04193530375723806,-0.027595172667215673,0.011025288364211048,0.01496480493236893,0.004258061370778096,0.07149485911023262,0.004897130923137788,0.0011895792318441512,-0.01089445956733363,0.01137028952371874,0.008152733518603406,0.04467854048486051
C,0.1332456275360222,-0.988034361957423,0.07767690991485032,0.5250885473625079,-0.8481485046596957,0.07018640518115635,0.6653755496883004,-0.7418950573564073,-0.08286797781486753,0.7166020898690881,-0.6935469713420597,-0.0739867781263098,0.32224093947467614,-0.9415853805308063,-0.09786597006689757,0.9689512963048105,-0.030707017820675996,-0.24533745014935626,0.3632316536074976,-0.9265002509282676,-0.09828555767466526,0.9775687357951401,0.06037258393380652,-0.20177838810201396,0.3453916850285614,-0.9348085726561025,-0.08268927622002402,0.9977484061955126,-0.0014587248749359974,-0.06705214430615697,0.43612154379405943,-0.8962377214938295,-0.08096879405199958,0.9555235994179665,-0.2947287106140915,0.010470821127712634,0.01713985499239254,0.011102231129943796,-0.005253494004949691,0.02251381750210199,0.009433069688069562,-0.018918000887632583,-0.06411229053764325,-0.09142367181666478,0.013682451148978841,-0.15229438267568488,-0.07850500585251319,-0.013215958014402396,0.011818174976745505,-0.054312188751908866,-0.026658137881026917,-0.16181882637840636,-0.0890074287698871,-0.03558984079445529,0.021218216297807263,-0.1224385814141985,-0.03983473297779569,-0.12167932614634872,-0.05971646891586979,-0.049447700829863994,0.0004582741911648147,-0.058938342996202445,-0.06338672320004364,-0.07969394158777968,-0.047079458872691715,-0.06141668153779094,0.0037684284747750707,0.014786912199068636,-0.05559739808124421
C,0.26432952087466943,-0.963906399409805,0.03184898069002011,0.6201513894047165,-0.7844557268692888,0.006439472134852416,0.6721591341447056,-0.7243098176854696,-0.15354929628715755,0.6306390862793858,-0.7584205903787232,-0.16459814988720356,0.11288461343815218,-0.9799758876547146,-0.16402537506213244,0.9276155277262261,-0.03909561270787645,-0.37148481232506786,0.08321342543604636,-0.983927814633755,-0.15799234607170892,0.9473271186193247,-0.002673223352598756,-0.3202564350724507,0.11578819343148825,-0.9821030135636045,-0.14854886405206413,0.9841628001868971,0.024218672747628855,-0.1756047796007525,0.2494285876353823,-0.9551208978195638,-0.15977937982909077,0.9209105423499592,-0.3740998782043857,-0.10942145180981543,-0.03602105129643862,0.03956481524278899,-0.017919003821473725,-0.12430030888224197,-0.00654272287668034,-0.024853389247459806,-0.21704689692834955,-0.08900158158428151,-0.04478344253606355,-0.3404402193751712,-0.06251846967152619,-0.02033147577040466,-0.17241966191723157,-0.032516557434818405,-0.08031943295088138,-0.41110212151009845,-0.08155552625310536,-0.013878859172213445,-0.16132551051446264,-0.08717376983402322,-0.07265011774560655,-0.3606873849357204,-0.07142240345511996,-0.0200316586072099,-0.1446694993472628,0.0015494350749468977,-0.06272470606976531,-0.3177768494973243,-0.08301113887335221,-0.03298265655226097,-0.16569695040665455,-0.10349913013791218,-0.07406434371269785
C,0.32787610651501575,-0.9446362772771816,0.012631802264979184,0.7751039768445015,-0.6266494370644988,-0.08077318928075936,0.7719492265598569,-0.5971242434667771,-0.21802988207552668,0.5700169159341356,-0.7928978078873921,-0.21539215815879834,0.15883604201494597,-0.9701467120941131,-0.1832661146257222,0.8720557793095775,-0.19118637872228822,-0.45051802002120117,0.13981393557134056,-0.9747442726639818,-0.17414266085258473,0.9003637249349884,-0.032893727047357185,-0.43389303467804907,0.1597426110012474,-0.97216784284153,-0.17138256496899087,0.9564528958970011,0.03146475950532163,-0.2901858487926534,0.2891817219430345,-0.9387072558999846,-0.18762361102692338,0.9117092364833301,-0.35960753120423355,-0.19866728873214004,0.0914060017994387,0.13853616767216648,-0.06799548299057084,0.03624350677480492,0.10791545208606912,-0.0452634073633282,-0.12416875598559651,-0.0537473396412923,-0.03157682984655385,-0.017595157063552525,-0.009440946572021991,-2.35611385488374e-05,-0.119106334056995,-0.17136088814703523,-0.059816029271092384,-0.006946075505052121,-0.010086580162850245,0.00306686364416512,-0.11050997932468265,-0.049490625827381896,-0.09441942118055743,-0.019592168070587168,-0.009334951410548964,-0.003616522491885814,-0.09125648993024227,-0.012024035374930696,-0.09536389076686,-0.023793451332694143,-0.002856480213044299,-0.008627052772791681,-0.07274789150697536,-0.004777775132471296,-0.07002865849728368
C,0.37436079446019516,-0.9272545724063362,0.007276917113313767,0.873333870976727,-0.46199310054636095,-0.15443550385959026,0.8206064516982173,-0.49075163003226324,-0.29286155270355635,0.5915671992029559,-0.7607823129405674,-0.2669429173886635,0.24636123212514288,-0.9442957570457055,-0.2182009773838322,0.8271186536530338,-0.23039783797622623,-0.5126320015713742,0.2124658610424568,-0.9567453640351044,-0.19873743051781434,0.8603210067941685,-0.00683286834053884,-0.5097068541612025,0.21190419947945288,-0.9607326474048308,-0.17913511786770764,0.942390222078303,-0.012006187068751159,-0.3343000460713054,0.3147264931946366,-0.9302223697666144,-0.18876858125013915,0.8670074670900593,-0.45065679774951156,-0.21261820865635095,0.05174520618704609,0.14727463164729254,-0.06830742942716549,0.0021725371931810566,0.08899090856366848,-0.06947678547636425,-0.024934404676359156,0.014733790075979303,-0.046195874078199736,0.041040502165017506,0.008469250177562282,-0.029579977606444586,-0.09142181360172302,-0.05659316412478335,-0.05675909639850764,0.02616723752593683,0.0006172037580320922,-0.019239884513564193,-0.08652740608599935,0.008679153835973008,-0.07045893433148805,0.00567690053302608,-0.005946509434146097,-0.002397667747051347,-0.06054736176387748,-0.060852651444918124,-0.03875931212698659,-0.02093991669357731,-0.008896818737475165,0.004209914928449642,-0.09118645733845027,-0.10843097141612335,-0.008596034772545492
C,0.43167922032587097,-0.9008504874426603,-0.04605920117815166,0.9018044097252593,-0.4055087926071214,-0.1493700964664315,0.8551504396713969,-0.42770169688532084,-0.29289756573115056,0.7434358312837692,-0.6022978104762428,-0.290758511928602,0.26880425896808274,-0.9302284237083696,-0.24983864810245396,0.8693374860654669,-0.03331591087563894,-0.4930947022671211,0.2487663131697023,-0.9413626799666277,-0.22792899376341338,0.8739015133909598,0.18078087980231186,-0.4512365437227933,0.24835617352313058,-0.9463325481891448,-0.20681856616558558,0.928354949907407,0.21064382674180065,-0.306245433007557,0.33311191414883007,-0.9152224788220716,-0.22672509104835578,0.9352926035453705,-0.2565402049463873,-0.24375165435210525,-0.028847887117143478,0.030080222975563564,0.05840152568462418,-0.022774437892496224,0.03664584818326644,0.053300105263871224,0.09455020621513754,0.1320804175006487,0.029520523751526896,-0.03487539902273595,-0.01233675162634007,0.021698447572843678,-0.015099593453242743,0.17067784213691134,0.07287341759571855,-0.021017973738430312,-0.011021400895199318,0.024144555045866385,-0.043737919268884484,0.16120966317917473,0.11180642872987465,-0.020866451821998117,-0.012003985747989998,0.025652669993587486,-0.07135369803657188,0.19624592884687586,0.08139073135521382,-0.03893300491148233,-0.011404194019133174,0.015379608493248799,0.010966710589635387,0.1677125078394483,0.022202672595711133
C,0.4703465264681683,-0.8768697034450905,-0.09936633343063263,0.9014070048063322,-0.39353893376797355,-0.1805339837671667,0.8765596265142621,-0.330146982242224,-0.35020878241633213,0.7913961362954921,-0.4985880217806813,-0.3536978088614543,0.2541507497917733,-0.9339248005595202,-0.25137991821173744,0.82847124833449,0.3791664735190178,-0.41215067152953144,0.262664034373011,-0.9371457034887487,-0.2297074998328793,0.823297080358877,0.43915090395233264,-0.35962258136885344,0.2662907401012531,-0.9438305008056838,-0.19563544537025812,0.8727398239221652,0.4435443160701987,-0.2039451872982739,0.3371977119787084,-0.9148675760356135,-0.22206985692579928,0.9811766913607863,0.018438139003193993,-0.192229902357565,-0.0390647110612245,-0.012010925158421892,0.02214324495174578,-0.017258119299432162,0.07357393064552709,-0.0040040844327006095,0.009292998869425528,0.07972900469799171,-0.009632164680371307,-0.053320815318606773,-0.027677160848720406,0.051765862143197484,-0.07953354387327422,0.388501600397087,0.13425116299007062,-0.024769584938988648,-0.019763807519690757,0.05152862618301505,-0.08927173917438008,0.234389240152451,0.14492109460642083,-0.020732739564174846,-0.021478736614108707,0.06449025304780842,-0.09428243212753912,0.20891970533082826,0.15560737796176408,-0.03458150831241902,-0.023625881211111643,0.05796236637503747,0.007216781673118511,0.25099755995201156,0.10482888424702119
C,0.4778193723175036,-0.872814225358136,-0.09941818470774659,0.868497357143657,-0.47367421967185414,-0.14609953542959436,0.877127342694316,-0.3053234403509582,-0.3707090792929986,0.6919691052926318,-0.6146266648503466,-0.37869885156342176,0.30070026283428547,-0.9149050111329273,-0.2693105503600807,0.7456811341848791,0.5207724663489042,-0.41563888703251994,0.3333872526362637,-0.9081719700326304,-0.25313358652437895,0.7243826379143488,0.5788180145158176,-0.3744856472018874,0.337252242529553,-0.9190848949837804,-0.20382316041471052,0.8327217807742997,0.5078793705429169,-0.22052886614003575,0.45458135069430616,-0.8644298743100202,-0.21474819673585835,0.9734677814347039,0.12174309150099719,-0.1937500920783661,-0.04038249351201051,-0.08419076399083508,0.0344862996146863,-0.006905129669281362,0.020768063804311288,-0.02044844559955253,-0.1068998768521956,-0.12009412115661977,-0.024949191424853495,0.03907666719317687,0.014964311339638381,-0.01787878087122932,-0.09026295999894618,0.1375505147429319,-0.0034363642258745386,0.0632503724139174,0.02491825536916381,-0.023374235414385686,-0.10638728829386357,0.13561163247653046,-0.014811214555919966,0.06348865657896463,0.020690127734948827,-0.008135863767338436,-0.047490888997200775,0.0602795763857637,-0.016531827564647883,0.10991079286626249,0.046382223638638864,0.007373511467054894,-0.015181755775417693,0.09924947441084869,-0.0014683384436871283
C,0.3117551329024723,-0.9381304353706131,-0.1507316268747397,0.7773637725106153,-0.6122983304764054,-0.14420929125361967,0.8711018008820401,-0.3561331510103503,-0.33815799746790765,0.8831233937571046,-0.3194773371010534,-0.3435510187406725,0.6240336097209825,-0.7166248427087615,-0.31149781500235846,0.7666459089144122,0.5704742089095648,-0.29464084461221757,0.6430888807757612,-0.7100891210090591,-0.2867230922809681,0.7962535221190499,0.5635720921900483,-0.21992459029753642,0.6226483468401774,-0.7411970313974695,-0.25087047818500413,0.8547282702046277,0.5143400332665697,-0.06995651715422031,0.7498157511471855,-0.6013245236822944,-0.27601658745416685,0.9774520255251994,0.18533634599612347,-0.10118288713755,0.07493065478198963,-0.07330790079207411,0.05320368634296781,0.1600386976027554,0.014506499353085012,0.08386452399208409,0.3572185278795041,0.36046553776177026,0.08646127498974236,0.48939758630172836,0.26359637843664296,0.009126177524715381,0.18702901414456435,0.11501795257313774,0.1723114845872955,0.4757658675545288,0.26339905903604843,0.01772393641040397,0.2379351236197324,0.05007028768670785,0.20587449907134409,0.45146034372565574,0.24320407359878804,0.004266124396699503,0.1880707288453593,0.07177687273612998,0.20188579115280858,0.4612986398679106,0.3284215606402029,-0.009954948551315387,0.17004848350552676,0.1289094645076034,0.14388064710780923
C,0.3630928806686862,-0.9294915383708839,-0.06487711541555252,0.7661066779216843,-0.6414249793315753,-0.0406762084428814,0.8851242944991892,-0.40855166075191296,-0.22280153451932638,0.9128342273031027,-0.3054212561474862,-0.2710194269000637,0.7363652311571569,-0.6247737221094574,-0.2596613997196377,0.8064019235241767,0.49172267438444645,-0.32851902415646383,0.7517738121488065,-0.613244331010536,-0.24242014324451489,0.7446368154923219,0.6052383480063991,-0.2814294851573637,0.7134993581207815,-0.672180647290645,-0.19771657332950704,0.8404265226865507,0.5255941257506074,-0.1320381571419699,0.7429259552373257,-0.6439733010358505,-0.18264559285046278,0.9801675720541931,0.17333935289612198,-0.09604686059909417,-0.0625948423551449,-0.03776554585489911,0.017678571351551098,-0.03731525414906489,-0.06105740674129184,0.02950195148939408,-0.021626914220215787,0.005417183953838001,-0.013322919618578372,0.06099387366996045,0.08321222359957492,-0.03401809617646642,-0.011581733156449392,-0.08739043152484754,-0.11973269100343345,0.05734718360683133,0.08820589299879389,-0.04155156242273397,-0.10295445439294193,0.033027358816621555,-0.14735940631901448,0.03951326351439011,0.06037748710709534,-0.03270060660369009,-0.06563949528429092,0.0026151954843084413,-0.14793615144693678,-0.058227543676073634,-0.051287674353285295,0.007516483144516889,-0.048622201237220164,-0.020635890099730686,-0.08071848492073136
C,0.3321210847471501,-0.9420818368703427,-0.04666259428468733,0.6858792057240424,-0.7276730915811941,-0.007847734961376805,0.8074087132696611,-0.5602473443156287,-0.184970492034582,0.8623908919636848,-0.4612933973379884,-0.20854340322929588,0.7677757985742412,-0.602577845970524,-0.21776194035967264,0.7934074089658791,0.5168796118023086,-0.32146562849104854,0.7871935033284144,-0.5853511385839656,-0.194140240228533,0.7140000732012733,0.6399505494891804,-0.28401969945247196,0.7462262480514806,-0.6472326936101723,-0.15567988643730118,0.8429859151879441,0.5290969212918475,-0.09711433814958974,0.761729062764186,-0.636107385589529,-0.12302938242082374,0.9978324835957307,0.06574236645478088,-0.0028767923284520455,-0.049255676276105775,-0.07365781375016,0.014613952350639399,-0.04674378530799189,-0.13910538506425696,0.0196165213538792,-0.019471539417881767,-0.14328184269104338,0.04426150253990263,0.062382363338620406,0.034786174638392175,0.023684938229099867,0.017977281363238562,0.03774723591732093,-0.011161125465449895,0.06639148710114412,0.04048349092602921,0.030065381885116704,0.00033505363048763614,0.04730249998224012,-0.020804735425973442,0.06369868585223531,0.03753825217993145,0.023822165761340663,0.033531188422929514,0.01609309404069892,0.01670929786151497,0.04977490344839636,0.020456213945780344,0.041401689298773844,0.04863670746307375,-0.0950066879418823,0.07495554713977694
C,0.21439233122794474,-0.9672137860396595,-0.13613750550629022,0.6175141733957462,-0.7822857912221199,-0.08188520322592002,0.8036020481252549,-0.5366532566984284,-0.25734612941302626,0.888559982410844,-0.39087499038306706,-0.24016223589706606,0.7500353700662874,-0.6253043295660664,-0.2155027588581161,0.8734853431940665,0.4617439194015209,-0.154324036108656,0.7570987050937221,-0.621133368679374,-0.20247194634917198,0.8551469066878651,0.5111126049029372,-0.08653134167173093,0.7325210818242477,-0.6581887245454282,-0.1737828172297139,0.9044727979746707,0.42418578838840076,0.04466961666705196,0.7624047239191758,-0.6189803098842735,-0.1886860167614281,0.9837239294081891,0.1774102519278086,0.028510230104713492,0.04936372119090918,-0.02948075047160914,0.015437442957059677,0.11392208837479914,0.04872603678651699,0.017099273843158624,0.14389784396636454,0.09555035612423807,0.05785607855383271,0.09998832501125157,0.0024054655737743014,0.09173409272315944,0.19780668774739266,-0.03000374323147098,0.25661650360399546,0.08763395528451304,-0.01065028092609166,0.0811432051009639,0.25887558700579705,-0.10370599541692649,0.2869632690023439,0.10402358729197239,0.014175918234060836,0.07137198042919018,0.17921563630593199,-0.07977918373413001,0.23125886603824458,0.11840441467419519,0.042259024874572115,0.023818276880998537,0.10362019933166369,0.13679983464234444,0.12086193365476844
C,0.33068343035563547,-0.9435284021749016,-0.02006547227220516,0.6859925296055699,-0.7275431837507785,0.009755260280085012,0.7423301458864142,-0.640923026925572,-0.19535513319290448,0.8767311270138071,-0.43028838196856894,-0.21492891677941073,0.7925943088981799,-0.5886836177331153,-0.15888945753217285,0.80318446363879,0.5347493928519408,-0.26256009638509425,0.8040051489375164,-0.5754788952077962,-0.14966549920531527,0.7366770141919318,0.6314414513904177,-0.24205096617700814,0.7532795045460543,-0.6473008343549392,-0.11649728698236031,0.8398772428255018,0.5378137076554936,-0.07322999960183252,0.7636562034144491,-0.6377406226367763,-0.10057883090136996,0.9964777643031697,0.08329256891974517,0.009716646134649237,-0.04781274291786705,0.031057223606583584,-0.024431569728080027,-0.17756300136653144,-0.1279551540919014,-0.05408103701396329,-0.12811995452472766,-0.06309877545025971,-0.09083871411642973,-0.07373216029579818,0.0129353279681933,-0.05945873190814181,-0.18659197868296715,0.049320089585662086,-0.22430809351052333,-0.06938465528389645,0.02196908960681998,-0.06326558609022835,-0.23476099162362404,0.09664346262272272,-0.2715916577393623,-0.09553267640588411,-0.012797493674268856,-0.05878650298673148,-0.18088665427685965,0.08994253540233504,-0.23397164950296956,-0.11503961963241746,-0.04244569661726061,-0.02796484737402692,-0.10353726423271012,-0.11780306687282126,-0.1348656172041493
C,0.2820626486478685,-0.9593702059632695,-0.007033501812241243,0.549081086875372,-0.8355732607217224,0.01809104758239905,0.6495825204226197,-0.7453642753799884,-0.14991546334071687,0.7236953597410181,-0.6752599708146737,-0.14243945417153414,0.7505704079421038,-0.6458631794416873,-0.13965964400319325,0.8422169943189608,0.4909817220938636,-0.22272737382297603,0.7574839268407613,-0.6458371104446937,-0.09545955871649879,0.8079707544450958,0.5716050207418997,-0.14300685376608696,0.6933679864691409,-0.7187458455168939,-0.05143194427526941,0.8838934679987906,0.458752184667189,0.09098774803319495,0.6861074357767871,-0.727484636192447,-0.004763473075918347,0.975508032486632,-0.043993493448633035,0.21551949120264108,-0.08829066102243088,-0.09218827318257605,-0.004696183157649875,-0.0441268437560276,-0.08859944466604852,0.032407699392223696,-0.10441498556502204,-0.2291297850577369,0.05945749214791267,0.006596880751690848,-0.04133775792020411,0.00619784306901568,0.08765331238793772,-0.027925866969709334,0.026800752102154313,0.0020995596110118253,-0.0545164114485297,0.04117397002885256,0.119914521960931,-0.04399462686015021,0.08601214195095726,-0.011290736369146459,-0.055603207373586816,0.05203337224712698,0.0926370068810558,-0.0632197191999368,0.15118577717506357,-0.028927985929894984,-0.07390220976730277,0.0827833873654877,0.02765104989122924,-0.11144425858001034,0.19277087460802794
C,0.26332106298812796,-0.9634761236639832,-0.04874194206458232,0.48110711002397205,-0.8766480912350906,-0.004906405838679751,0.5691406218726269,-0.8041100014048274,-0.17171504935551848,0.6532882207733096,-0.7352608741161769,-0.18057117043636534,0.7411913500077543,-0.6518012261083926,-0.1605943470900481,0.8911025738888099,0.4037125924425424,-0.20724947650611786,0.7546048172664573,-0.6477139954499558,-0.10506259970375431,0.8650781490406412,0.4961789691787973,-0.07379855416662413,0.71169691351572,-0.6991960746558347,-0.06791430245589157,0.9205185519762624,0.3688817345369913,0.12873174197728243,0.7292717329992776,-0.6833789204163292,-0.033999861453288684,0.9724795266955018,-0.09698424085983252,0.21184340250037284,-0.04923239119165945,-0.036968912812654464,0.018710986831262277,-0.061700312890252185,-0.054639808324125294,0.019908854237539464,-0.051665553307967904,-0.05589498560078954,0.0035767239875098833,0.009362527725390979,-0.0018321289659917195,0.020773737165486222,0.06762716522958961,-0.08316321195060755,0.05718633756919925,0.015862476085436616,0.002229032695451605,0.03210539926508556,0.07584898025528591,-0.07132013386238872,0.1109167398518039,0.037070512706319614,0.023655688561772914,0.02522608207171892,0.05536666963721232,-0.08576453242948401,0.07945243419642856,0.061905882882231034,0.04821163347683144,0.01247205187497074,0.015713079868610313,-0.04888482971048582,0.03803235155007284
C,0.25836460630948105,-0.9650991328946816,-0.04279478814622751,0.4712980303213615,-0.8819669686548857,0.003526019982505,0.5911866320909741,-0.793372442826585,-0.14511558496697918,0.7012052425492971,-0.6969693860545825,-0.15014953454499858,0.7376916722905498,-0.6571753085697545,-0.15469845002268143,0.9019143254946402,0.3859995348397378,-0.19379088877203246,0.7403787062984026,-0.6637842863635309,-0.1059707149959918,0.8808560707864624,0.46689510427979997,-0.07811238159337688,0.6980338998447766,-0.7123287404665798,-0.07305094231280293,0.9254470934488053,0.36195095402093197,0.11197849842936523,0.6921682263520526,-0.7202821684802976,-0.04579021945758616,0.9766723018033215,-0.09153710598826618,0.19424771071365143,-0.004852623023963609,-0.0036958681890966183,0.0024852719028299382,0.027002466896994093,0.012360567808940792,0.02065231047018449,0.05287347845463436,0.039914497292292905,0.024474481973011948,0.0014567789614424176,-0.003751073230663371,-5.125685098813365e-05,0.01576820828447728,-0.01609004837210609,0.007511433815730585,-0.009269654289407792,-0.014447281682876678,-0.006855269210592298,0.02073437842446818,-0.027660855668298845,-0.010260981345107563,-0.008706556992296444,-0.011509656580046657,-0.011083793775266172,0.009884998151189761,-0.005307771285360863,-0.02270039746627201,-0.032147049968578145,-0.03528023883326992,-0.017737511922652292,0.009149231786466705,0.007070144102264808,-0.02354284570507622
C,0.3700013441648523,-0.8447850469378452,-0.3865711186656671,0.5958223797554527,-0.7782694197364458,-0.19822311188568503,0.8848968772448108,-0.3158922608989921,-0.34230044719004576,0.9124118328610988,-0.06945009214074575,-0.40333773931618655,0.8866260346526139,-0.36709643120526403,-0.28130852257359873,0.8632939177368572,0.4974615893102628,-0.08517968513358136,0.8608159839502907,-0.45218296440399264,-0.2335089044951189,0.8045568775272207,0.5883972398512577,0.08047930764532125,0.8127111477807332,-0.5508312193944694,-0.1899619909701018,0.8591417373869233,0.4684883709592304,0.20589832771478603,0.8523052326819942,-0.4888783467175963,-0.18594018514985203,0.9804477139382686,0.14862347770051518,0.12897031483805696,0.012887611578719926,-0.016616537038396606,0.14202719865124958,0.18207350729846544,0.3571660959707565,0.14659146829637304,0.09956985245643052,0.5072052079570003,0.09058812574825165,0.037297624506692884,0.169764791407654,0.21716625796852232,-0.15025714561315434,-0.008852031486311474,0.45238753415789074,0.008800539796516793,0.09128723600270183,0.21623814102031252,-0.187935931114613,0.0011880496146212671,0.5023680197581377,0.0030405100805853125,0.04118343511527389,0.22686528186214075,-0.17794209391725319,-0.013776669018538024,0.43769615980486043,0.048500268474570396,0.11108973580586484,0.20362636482717375,-0.10786132572042423,0.11984649773194489,0.2784989346438451
C,0.4436210166526641,-0.8899621575525739,-0.10567758375561127,0.6646244890136321,-0.7471550366588364,-0.005799982646638837,0.8859839683855364,-0.42034589315293436,-0.195810464156742,0.9554218960854345,-0.13248573127334698,-0.26384944852980036,0.8793936741252419,-0.4483962743427012,-0.16002358283732065,0.72465242489004,0.6760367751562406,-0.13361564929803457,0.8819904488165147,-0.46147095608238103,-0.09558977397638409,0.6904061391532217,0.7234071497533149,0.004632354188441486,0.8577117485203267,-0.509705854742203,-0.0673089748230063,0.744844009575663,0.6518360886688361,0.14253811738676414,0.8507041496612578,-0.5256323580610556,-0.003615785985187709,0.9545084136443166,0.14317423792870224,0.2615622791530643,-0.004817563229632393,0.07629149369233812,-0.08847040567100967,-0.07253258134708623,-0.05927652163921354,-0.1344035518767521,-0.030609609263476167,-0.017858528517872493,-0.14140524412366967,-0.08085203301518379,-0.03612273252270842,-0.1596085951737778,-0.21226116533462897,0.22375229646070655,-0.3293294990745091,-0.05244520762158783,0.035889118936340336,-0.14297440439132103,-0.18777041086181084,0.18018702051678592,-0.3567404883669356,-0.02861907174821826,0.0863024752669952,-0.15824051876296036,-0.18791740029907217,0.22852482832433446,-0.3442537452380777,-0.07522075550854818,0.00842309927126944,-0.09856913574539156,-0.09955897278176379,0.03972787084291579,-0.14830157059504853
C,0.5192928762534573,-0.8254489306901917,-0.22128933886391927,0.774492593146774,-0.6316702220746562,-0.033969894096687686,0.9660201487764645,-0.06935244915012037,-0.24898857394422227,0.9345774977282281,0.14033164657583327,-0.3269127249119543,0.9224333009429334,-0.33161839433894086,-0.19785359700441718,0.7845877206913664,0.6195962278256328,-0.02286094933665132,0.9185003696968627,-0.36378734677158336,-0.15497043974777336,0.6406630147785949,0.7511093531630407,0.1593287202164145,0.8868305671549491,-0.44238381307559665,-0.13352193485838462,0.685058405125144,0.6474095944719829,0.33399969843252364,0.8918092173263785,-0.44412045475978346,-0.08621682872661963,0.8794521831948028,0.3319144518944903,0.34116953864241023,0.03419624453234865,0.050971587721797995,0.08744184365825915,0.004364320790134879,0.2864802171404317,0.06243364532082772,-0.09651625795799962,0.208304150986798,0.05254847872615408,-0.03263223278310173,0.05226465314137807,0.07778174094121147,-0.015736563799466807,-0.12095377419299003,0.22636645506969125,-0.03916193872044521,0.033170382448415414,0.05623108933691873,-0.12541498397542,-0.03681102345265641,0.270308121136281,-0.0465530409661708,0.002808814804224069,0.04939879507292967,-0.13545746405131215,-0.06893972105923551,0.3070733361540675,-0.034566791935672525,0.01699867643888986,0.03301071236687607,-0.15072809005030702,0.12422698710340582,0.19521901459765395
C,0.5165821188253601,-0.8544718456102468,-0.05496161905657534,0.6838528712601389,-0.7273951452239393,0.056934639490454006,0.9367391205571418,-0.29220137842417704,-0.19271267333738945,0.9650556628986723,-0.07484112825583966,-0.25113019139202897,0.9558817196335451,-0.24974669024943996,-0.1546503436138023,0.682160737626729,0.7183302563114026,-0.136595647471476,0.9399902457477726,-0.3326191770353237,-0.07604486154492075,0.5844001960357903,0.8108321489389314,0.03205677963246413,0.9083911322069146,-0.4163624951883013,-0.03831218511663945,0.6176947061590344,0.7589561525486253,0.20600681661462525,0.9101685188618394,-0.4140495537242235,0.012499373328972722,0.8574824339920348,0.4083004023588842,0.3130729257356325,-0.08792896445853782,-0.066702008229228,-0.07542318622020223,-0.026570270791225425,-0.1938260143540015,-0.1100518192005111,0.03318892259854145,-0.18614985991161778,-0.09054518628741862,0.03615917611870889,0.11089461900955605,-0.12312446641672906,-0.09971622563654015,0.12775694340582489,-0.28006241794216863,0.02420063347900714,0.06019108465631484,-0.08740214160449132,-0.053552061314707355,0.08874571069594583,-0.29359966039129426,0.024271322480062696,0.05504423280735049,-0.07111797006559875,-0.06465294153801238,0.14056947299669753,-0.2943206016252423,0.02107005896355807,0.05909381595561514,-0.06761151775175157,-0.01925899177467072,0.10540886538444905,-0.19442433271412166
C,0.5294797569734887,-0.8441251929251926,-0.0842843142245449,0.6862890187390922,-0.7262754659875861,0.039132215151311156,0.8779888624194131,-0.44997534300139586,-0.16327200665834,0.9616294011329262,-0.18951060039271395,-0.19838000709628684,0.9392669518832997,-0.30561798929465517,-0.15612571126930735,0.6738807498766818,0.7321397563717482,-0.0992779536733022,0.9406032835916479,-0.3203216712854357,-0.1125143981964765,0.5855254054530258,0.8102195499749587,0.02653828192338992,0.9296180421866028,-0.3595207429363511,-0.08096376374429337,0.6177265921361872,0.7650368115756886,0.18202344437439116,0.9180608097017464,-0.3959287172551726,-0.02011965562446966,0.9085966077679888,0.30940516041827015,0.28057200690562145,-0.010461490669175344,-0.009226973448700937,0.011520270828826708,-0.07164789628585733,-0.168120617262273,0.05876336184701902,-0.01632389991387473,-0.12501612482192848,0.0820728794637117,-0.029512405898374006,-0.0662179517302694,0.027847327512464513,-0.021177625898175845,0.0034628473752914557,0.06664038896614338,-0.012284600304253268,0.0019508530648337796,-0.007146841483586193,-0.011772428730893125,-0.010959251649026891,0.023804197458895348,0.008329271831559626,0.046495099566896014,-0.013328883459684367,-0.012865752170975853,-0.004265993657990852,0.005339322927735472,-0.005005347308221553,0.007774183783996691,-0.003296333785472824,0.03821653562782534,-0.10924189462566825,-0.003178223662041492
C,0.523730717346734,-0.8488583331712654,-0.07173329710236581,0.7540301886197333,-0.6568043092418676,0.00682451547017039,0.915227634879346,-0.3650117203419242,-0.17065995536794012,0.9702644846181853,-0.15823264099092732,-0.18316457412295564,0.9325364422229663,-0.32145612896126446,-0.16444373225930883,0.6718908602391095,0.7293581878145419,-0.12883829320134937,0.9346163958886613,-0.33681796143758613,-0.11421844592322995,0.6079036324465196,0.7938465756738604,-0.016148930280751664,0.9109949644686346,-0.4041192169856505,-0.0823154491920911,0.6719891391337615,0.726071564581668,0.14577612970646056,0.909995230072491,-0.4107339412111405,-0.05662429498437611,0.932959715922048,0.29802662888344017,0.20190665403355063,0.07349020950739571,0.07420429699179121,-0.04485871680331985,0.04298781208668756,0.0896967629055444,-0.019938965831779218,0.014384123112013758,0.03601109964785937,0.0026644158511521104,-0.0009814700335787352,-0.011104999420536554,-0.020869038112180563,0.0037591499891823643,0.0019515716888663937,-0.042111356650226264,-0.00023784807623195015,-0.011763149906077686,-0.014255064848932533,0.028127266620248448,-0.011639834055025555,-0.055238229326320665,-0.012874038091213569,-0.039865333803226655,-0.013902702569976819,0.06001158662432893,-0.034232106747947855,-0.048798331790109686,-0.002316540002500811,-0.010072083709895152,-0.04905565648208553,0.030112147780813836,-0.006645391288757241,-0.09121636999424991
C,0.42221496597370034,-0.9054707078433356,-0.043096632647062816,0.8606396254390999,-0.5057696330643865,-0.05913132328945335,0.9458319531236906,-0.1816196397778727,-0.2691026252142118,0.9497171263273727,-0.07974471109733867,-0.30278401710209096,0.7838624951523173,-0.5832410926649565,-0.21304792071402914,0.7427007140484146,0.6314109359402733,-0.22297057950995008,0.7983305451848134,-0.5785253560007532,-0.16726252745047354,0.7407059096315876,0.6601337546793057,-0.12481258498182313,0.7665352568473897,-0.623464357506019,-0.15399965886167788,0.7726557744602155,0.6342197988703859,0.0277182415403979,0.832339721860821,-0.5277112508462687,-0.16950346056325097,0.9177871735326345,0.3957801679775013,0.032011915510928114,0.20812518819240033,0.20764705084955137,-0.09459250321492674,0.13212006961737832,0.24000445523612174,-0.12707933430157467,0.08096839308222115,0.1351003045656589,-0.14825610743443832,-0.04715819569761526,-0.20517258903162178,-0.0772408529100233,0.17232560518233886,-0.041334877202198306,-0.1227689507639037,-0.03477009933081421,-0.18509501989109678,-0.08168074598254658,0.2343180285581017,-0.07710044632248447,-0.13730031915637447,-0.042943956248211235,-0.16273276584829827,-0.10032087412488977,0.20218238669948774,-0.03523939103921181,-0.14669455262136566,0.023860243161363703,-0.06036493496305795,-0.14151583003417786,0.08634320898362025,0.1543659137661314,-0.19853140297792551
C,0.4311100282355953,-0.9022961609908318,0.0024044575087080297,0.8573764028138033,-0.5145271237601992,0.01294383301498258,0.9353123138613662,-0.28851422360950885,-0.20481801267051622,0.957228298064794,-0.18618053348984556,-0.22147413919781767,0.8431306258767461,-0.5113830981289503,-0.16618686667941807,0.7418813323911596,0.6375733072954228,-0.20763517638852513,0.8741222205582436,-0.46704987248173135,-0.133322016715634,0.7007581550533238,0.697015407772195,-0.15201160960407775,0.8596782491207704,-0.5002224648022982,-0.10358954433609757,0.7540520464088641,0.6565313739744344,0.01928902003330969,0.866603092734126,-0.4918791977224333,-0.08398770452621797,0.9344495268089685,0.346219597533963,0.08328308429636547,-0.012158284887191506,-0.01193203754831651,0.026574066148665074,-0.019414701524219424,-0.11006913068413998,0.01878352238792473,-0.00138389052447363,-0.10961036924501073,0.03580878774850245,0.050373068462533865,0.06868344768350232,0.0013599638788402285,-0.009714443919149995,0.002987824502645675,-0.030165687034345898,0.06689661311153527,0.10830093666651797,-0.011560579420931319,-0.048842816840158676,0.03370710624038542,-0.07270011477802547,0.08424793001148578,0.12006734585121703,0.004909024369809459,-0.027498790313246313,0.01913702825154462,-0.05393031166285906,0.02536830861141004,0.032657506271331516,0.04001466588126215,0.0077672910144390706,-0.05273511729604219,0.005770078629666504
C,0.3819669432040698,-0.9222867050407138,0.059063423575697806,0.8380989655903012,-0.5444340091597465,0.03437635156197409,0.94480481769437,-0.28014710211050314,-0.16988660229869743,0.9705562021010968,-0.15273922559802594,-0.18625624157812898,0.641370602712347,-0.7577878692797109,-0.12000539633248476,0.8642069617485896,0.4424839510312542,-0.23948753693051023,0.6922244268991454,-0.7091497841105755,-0.13391014338008075,0.7968199078945496,0.5674316971004896,-0.207603717472929,0.6662743381136014,-0.7362761322387387,-0.11821997913570254,0.832898422762659,0.5503994818754644,-0.05779816355815522,0.7349096395369824,-0.6686411239165321,-0.11325576860919465,0.9650410799813347,0.2617265450193339,0.013961718400748639,0.02986564780802331,-0.009916341349665347,-0.03522644751999826,0.0586355888645293,0.02835766554888769,-0.02172755569517098,0.062470989067828275,0.05343185194170161,-0.021441068447301086,-0.15261693813287364,-0.22641422710087855,-0.01047749572005647,0.17146871438895545,-0.17509881221428664,-0.08851132660897487,-0.13275470862757272,-0.22210936757896216,-0.057247092731436515,0.14520483787275124,-0.10959316662182339,-0.11225107393584102,-0.14426082597564355,-0.21606312338655853,-0.07128940086659474,0.12798946138532036,-0.08614134804908802,-0.1337461496584547,-0.08255036816561806,-0.15677138214421676,-0.08592703014996644,0.07973463820389165,-0.06450250846474709,-0.1259803319626066
C,0.366028395286682,-0.9284185969547242,0.06373478385056222,0.8379478437264267,-0.5452067723120118,0.02435131658350428,0.9244157763757245,-0.3364278579860588,-0.17964344897206438,0.9485469023894024,-0.24642525255692208,-0.1988299999238717,0.5937833502493013,-0.7940598544499076,-0.12996261199940184,0.8588943241331498,0.4258508877972734,-0.28451987862737105,0.6339478614917823,-0.7597258072250905,-0.14466100630847487,0.8047368125915193,0.547585368418242,-0.22923552681532633,0.6173834932722092,-0.7758957369867087,-0.12970515626163934,0.8404402416662516,0.5354371601529498,-0.08347004082493864,0.6985160165933306,-0.7056114743496585,-0.1191126434459711,0.9675782421855117,0.25256132975155365,0.002262733595046537,0.015787426053513354,0.005359128761745158,-0.014696395253334226,-0.0044504934012576935,-0.05014886396154522,-0.014428206948231374,-0.006070751794306606,-0.08755413504488571,-0.017245118620607146,-0.031648704545657935,-0.030140093256186273,-0.014628575941781498,0.010625910301948038,-0.01050117131997036,-0.04970370197172524,-0.042338017489975344,-0.04444413120050461,-0.015422223203258527,0.02385545261435751,-0.013714436768237137,-0.02630316961726175,-0.032952296924004365,-0.03348771283395957,-0.016156537400801217,0.023480366820980425,-0.008830429808504126,-0.030343237541647833,-0.02045507502626398,-0.03083845851911604,-0.010528235111640867,0.018475710121564792,-0.0030333233537698234,-0.016370345080566517
C,0.3594903274820435,-0.929042319551825,0.08744754386841055,0.8196774053506022,-0.5723931125826731,0.022250299450204212,0.9105669817286797,-0.37956434849325726,-0.1637030150559589,0.9424961322736645,-0.2880252598853222,-0.1695361032853347,0.48592606153973117,-0.8652336031413069,-0.12347742591905883,0.9090810785505392,0.2784352963503501,-0.309911888070918,0.47700953683951075,-0.8698535575901071,-0.1257644230773935,0.8798515003533406,0.4077136453742063,-0.24419443216759001,0.49428266847588676,-0.8600865771765808,-0.12623677516884796,0.8982773881014159,0.42884184972255457,-0.09587701472321859,0.5983042801245758,-0.7909623598216597,-0.1281036054526345,0.9906052317349092,0.1361440048235686,-0.012887389573793099,-0.011732370571186035,-0.026562617673560496,-0.025813777151148402,-0.007310726842406301,-0.042512767910097615,-0.00777232610174286,0.00048729768890054537,-0.040976284731299245,0.0055811366206886814,-0.10131922090493162,-0.0705500260942985,-0.01722757393750532,0.056724822222027904,-0.14679186884982248,-0.0491047694613953,-0.15040025684763303,-0.10950402776791568,-0.0048161767867669625,0.08165275556645979,-0.13924800044693486,-0.03867166537011202,-0.11656275699168395,-0.08356711759277125,-0.020244378925056955,0.06437521423980275,-0.10597158783329441,-0.036119733916128285,-0.0936736686641163,-0.08472716287490034,-0.03270372202451173,0.02956505735403603,-0.1157936023308842,-0.03886288318668797
C,0.3799560892878825,-0.9196183174538866,0.0996770806973259,0.8076184468690423,-0.58926521922918,0.02278037935642157,0.8937897343543791,-0.4161315751613826,-0.16725556169059036,0.9434658121808559,-0.2817024086991859,-0.17468833441015624,0.37226198460306154,-0.9161241276367127,-0.14878708808650679,0.9175606175540474,0.12909414312810003,-0.3760548036175802,0.35553611201270396,-0.9207128855884592,-0.16087838688357978,0.8880162764619314,0.3372900581171578,-0.3125100149339395,0.3753294572841424,-0.9144335188480149,-0.15145672022735823,0.9256009736082362,0.3482434992994858,-0.14828790527596739,0.5140599909753416,-0.8445763412217907,-0.14977693255920616,0.996715792380489,0.049064814699314445,-0.06442261387009748,-0.03252472028739889,-0.026296108744445323,-0.011699456922697995,-0.03724300918013951,-0.04599122876606382,-0.0157820834635468,-0.019496081898647544,-0.0031011509118021863,-0.0173817679537369,-0.1341298387425086,-0.06031452659334424,-0.03753919899636331,-0.011986222802330804,-0.15876515532018853,-0.07837245237557754,-0.14193918663264576,-0.06028333009629061,-0.047343500635101635,-0.01230098569724819,-0.07984758935498698,-0.08054511959526482,-0.13941897299758332,-0.06377094376937265,-0.037449481887425626,0.006857823700981369,-0.09002235252100727,-0.06464042738166415,-0.10471005095507319,-0.06303798349806944,-0.03390286393548701,-0.014355201160259179,-0.09650319222219261,-0.06376476112521974
C,0.3875166628408509,-0.9181738679077479,0.0823867969520347,0.8070056948542507,-0.5904208225509033,0.012044117697974923,0.8919225932969284,-0.41943209380853336,-0.1689698382844463,0.9388435162632576,-0.2999694221894033,-0.16908931876909863,0.30250776485051856,-0.9377669253705094,-0.1705351749237815,0.9065667546756686,0.18916433331134985,-0.3772977263643376,0.3025890965000562,-0.9361189376896879,-0.17922380750896377,0.880762770059508,0.3526047006557382,-0.31611211294820624,0.3533428550130521,-0.9189162064965049,-0.1753334886702993,0.9185295822335875,0.3615354326914303,-0.1599860539872504,0.5259648137784605,-0.8320819520084882,-0.176069985541924,0.9961422245809873,0.008181217540551644,-0.0873712543483032,-0.008173325567760015,-0.002600052867862024,0.006554022086844561,-0.009427714610419191,-0.0047449681932894006,0.015576007151435256,-0.012182869470566737,-0.01971146303635607,0.022889299386348816,-0.07731479330551139,-0.023087247279935386,-0.004457803091983514,-0.018554436431347188,0.05862574063711118,0.016047360998533794,-0.06050758906561615,-0.016850501647367344,-0.0010551368800927885,-0.014814079955391801,0.013870192992441743,0.013688185731024455,-0.02954717582405869,-0.005927137194628562,-0.006586484697649858,-0.014631964927617147,0.011847483845805862,0.005592135034008183,0.004344249250150478,0.011049939667163833,-0.009002769237426628,-0.008134141352470092,-0.04232804670490145,-0.00565835673291451
C,0.3845780629335786,-0.9187519966744951,0.08941186787493566,0.8054013323191495,-0.59233873589469,0.02152941841340851,0.869181258459979,-0.4704624232722383,-0.15227950692966055,0.8812189267651658,-0.4449552188360093,-0.15958714340901176,0.30875152427241503,-0.9396269565383677,-0.14755906887041745,0.9107656305489316,0.161175843079767,-0.3801687964816857,0.30149159427387323,-0.9383524120792722,-0.16910815866542311,0.8786745501162246,0.3312496194194029,-0.3438091398036866,0.35255901283272606,-0.9217304880424181,-0.16160151572154097,0.920953581326011,0.3418262035316909,-0.18708112577677477,0.5213687294732771,-0.8371191181341925,-0.165548270850688,0.9939592574663574,-0.020444128167874165,-0.10782871658506869,0.0013342373721710876,-0.0013397845770394268,0.0024602297925326293,-0.0198027349296771,-0.050452200696957716,0.0096652604318848,-0.054685989590819495,-0.14440766787985876,0.00247710443718592,0.009182359329168777,-0.0012819024011110347,0.0159510351304631,0.007137475780535252,-0.02741036146483561,-0.009896141040249065,0.0018410976810893098,-0.00165534562283709,0.0030905779206397005,0.0008503799639889564,-0.02077695246958805,-0.034722097778381325,0.0021547577269462326,-0.0022361527791660007,0.0067069020258573725,0.005362598999695822,-0.01913110039299215,-0.03412014271242532,-0.0016574843979111353,-0.00445903735895703,0.003496643768335042,0.0007556327926423467,-0.028047216941678575,-0.02748253315966645
C,0.3683280071818731,-0.9243419354918823,0.0996316486692405,0.7761591377463068,-0.628992582856744,0.044105822791460206,0.8256258969365314,-0.5532613101396738,-0.11065171038117531,0.7955140662482151,-0.5971670495318026,-0.10270776676917898,0.2604789943304361,-0.954622419439571,-0.1443839666166036,0.9278702732598959,0.03853441297328051,-0.3709068009856528,0.2501783465261131,-0.9547013450469899,-0.16110908321670872,0.9084630834093712,0.23980564102659074,-0.34232744648094426,0.30952623343262564,-0.9373134738957811,-0.16011546605632582,0.9447226860990746,0.2674965495326386,-0.1895907232906768,0.43182440693189733,-0.8848329343714761,-0.17492386866713852,0.9895513208599874,-0.07393931240277632,-0.12377867936627317,-0.01299213882113709,-0.031063908144666863,0.012356623583746854,-0.027305305771742006,-0.07720894805004841,0.031408015754180396,-0.06945480476524518,-0.14662189187840613,0.04665959584552794,-0.03202247419027343,-0.00940552408381623,-0.007044678540490998,0.03335469846266986,-0.11705149128909939,-0.0009577852982719376,-0.03506319199605462,-0.010758994150330548,-0.0022207053455904485,0.046038589044852085,-0.08585403957542503,-0.008738087471562503,-0.0267827236483949,-0.009993047035975922,-0.008733731129089692,0.040019160524769115,-0.06873971518166522,-0.012729378308206876,-0.07329426678967421,-0.04212387741989654,-0.019595378610755373,0.011842119145335561,-0.047905245417515036,-0.026169743575509316
C,0.3540680648113374,-0.9303954706559909,0.09486871804536864,0.778333358318305,-0.6270954711668277,0.030796970159469587,0.720981544358485,-0.6829916143481191,-0.1170814563652341,0.6984515889718403,-0.7087585454081157,-0.09912972396654472,0.22985291882293202,-0.9617021563287791,-0.14932045479824724,0.9391932183369057,0.008454897633157356,-0.3432850322049861,0.21975811397185305,-0.9605247222448906,-0.17058320345189285,0.9235703458462937,0.20414432061432125,-0.3245657292972793,0.26805571190005506,-0.9492360959156083,-0.16461157167298027,0.9577537731189897,0.22722722047906807,-0.17628244481426897,0.42271583394755147,-0.8881556415322138,-0.1802522680704125,0.987624916642407,-0.09953971352568652,-0.12119764625727268,0.016434162942533803,0.007950646854024912,-0.008545922008118764,-0.0903844102075107,-0.12367676904433655,-0.001666815360186924,-0.08280253490583905,-0.10553796071220445,0.00834097342650611,-0.016366133136968386,-0.0010262017250993738,-0.00017355755777177795,0.0255828874475455,-0.024025980176014483,0.0323846994045386,-0.016160290183724363,0.0002301579662079556,-0.004711189611312269,0.02936720480745819,-0.029607785248160823,0.022524647807536838,-0.027210579162034898,-0.005869086855718519,0.00026682500721740554,0.02729102939045075,-0.03421579388946183,0.018071209100279692,0.005151369386189819,0.0027308280033709886,-0.0005654687794021257,0.012333538152955292,-0.019546865958801535,0.007343963732872341
C,0.35295687625080524,-0.9305958753673552,0.09701938082949976,0.7649784240081191,-0.6431342817146826,0.0344428001967583,0.7372461291869798,-0.6650375733749917,-0.11913509557774195,0.6988711058473545,-0.7075770408042065,-0.10446965462974574,0.2481647148071529,-0.9575830692436688,-0.1464545657279394,0.9346911626874408,-0.03402810317973989,-0.35382837448117277,0.21525573041125015,-0.9617099255988276,-0.16964371349925272,0.9233222826926792,0.17941242067215707,-0.3395396082811799,0.26477178654541067,-0.9502879983693775,-0.16385548878409106,0.958921996833719,0.20914454768290702,-0.19164332016260116,0.4040503951500381,-0.8982308147135794,-0.1729875188505739,0.9858611224515377,-0.11433335598061946,-0.12249788140536681,-0.0122437457496537,-0.015838405836490543,0.0014951672531575942,0.01737577338902696,0.01815444568449165,-0.004204301996638973,0.0015307054360462757,0.0013819093152734885,-0.007490593447332133,0.019422984544753052,0.004319491796474617,0.0007152262861767067,-0.0033908670889327697,-0.042282596101532954,-0.012694005060317815,-0.0033911950000707347,-0.0009847986425727262,-0.0012111728314909975,0.0008631254069176864,-0.024531495230799893,-0.017124541768031742,-0.002172736794112229,-0.0008514977424048942,-0.0013945798952419153,0.0022794122752615165,-0.01788226808479676,-0.01751153813246331,-0.017554250236981206,-0.009874768470001238,0.005114086435707488,-0.0006526056303371996,-0.014593237743568646,-0.0034508979322252498
C,0.350177808127862,-0.9314038692536033,0.09930928976779116,0.7479643021103325,-0.6624558656706011,0.0412508037160206,0.7480641744250387,-0.652565334510159,-0.12065850627879347,0.7075568629143614,-0.6971477334096292,-0.11553494512312884,0.25198992856344093,-0.9568586127119428,-0.14464671161684983,0.9303409339281492,0.0008776804392726372,-0.3666946636300366,0.21527239436251905,-0.9614216397109756,-0.1712490202041666,0.9174742484309918,0.18843839403785967,-0.35033123628705887,0.2625840375903956,-0.9510694867608971,-0.1628387378822672,0.9510053906665974,0.22759942410239245,-0.20925403000021695,0.3964602185669931,-0.9025657045909432,-0.16791201264372504,0.9895075859462132,-0.06660397519134187,-0.12821329043281132,-0.014235053774843354,-0.01851359006967046,0.004518094580970904,0.013597113361002111,0.013280232751080812,-0.0038133196393429214,0.011464825189950179,0.01123730128082534,-0.0133551994316745,0.0066042818792312885,0.0015324504179740073,-0.0004820548272018166,-0.0015711606363483233,0.035713777505260606,-0.015156198087155237,0.0027957320742121594,0.0010962797741000951,-0.0038952156432052742,-0.003068966138744189,0.009833967251950682,-0.013081536944170358,0.0005913191679282059,2.6505494728490397e-05,-0.00127315803646752,-0.00513753804417838,0.01926287030573351,-0.01990061877590718,-0.004811108460101743,-0.003526895991115775,0.002785597268557455,0.006425531617618829,0.04853737467552567,-0.008005317965735906
C,0.34981246630642704,-0.9294270351226684,0.11745903455971657,0.7444964204591705,-0.6642753717704996,0.06680801136575293,0.7623152959695413,-0.6388266709102539,-0.10380690759575142,0.7203558460549527,-0.6859328969030345,-0.10287621688546003,0.30343734330608346,-0.9450887551629208,-0.12137966696258026,0.9360612099521786,-0.0016611663073074483,-0.35183327265817677,0.2664069288444773,-0.9507139829128313,-0.1586514133491231,0.9176158807803413,0.19638644465440613,-0.3455625264633312,0.3031942681017601,-0.9409186917069138,-0.15081528896895002,0.9455460577449497,0.2522619931065798,-0.20568553550719199,0.4283251059069106,-0.8904217074802186,-0.1539051217401353,0.993137873166288,-0.01062306736495437,-0.11646594061141448,-0.0031025398297270246,-0.003796340230833306,0.007407462857806919,0.014616463365937526,0.011761829468970197,-0.0012981461088833607,0.013164324962026297,0.00923800237565986,-0.0054910165542566,0.05181275656407747,0.009793023418087188,0.00511729986234416,0.006085617845464297,-0.004515680877514942,-0.003288353820065565,0.0514998763033932,0.008730822667209481,-0.005552137936881918,0.0005069741707844355,0.005971216485611608,-0.01338103496819773,0.040975572332799415,0.008173960923048451,-0.0061262958786082455,-0.005093991100212747,0.02268573487325251,-0.01458125029890045,0.03223022916135243,0.010167162979789701,-0.004142853888335657,0.003995629041509685,0.05400407369545264,-0.006402394970528566
C,0.35494486329390423,-0.9255385504531288,0.13188076298836268,0.7162915531696774,-0.6900423946141373,0.10376851397682516,0.7399039812681419,-0.6705475403884898,-0.05392675201140652,0.6912968995306461,-0.7210310023349739,-0.04714753833593676,0.2896002080401906,-0.9511842744149527,-0.10667799964743624,0.9364378162548531,-0.027791454303492145,-0.34973111293612275,0.25182223963378025,-0.954879058143462,-0.1574533071894075,0.9150132733195329,0.19108739341173422,-0.3552975059414052,0.29860085397251107,-0.9418191965006792,-0.15431827859881683,0.943644207664081,0.2500906867207984,-0.21677236391557908,0.43147241893628485,-0.8880778129569329,-0.15858546538350202,0.9911419514971617,-0.029383448951784175,-0.1295154234448394,-0.03333726427697031,-0.02965550751317736,0.022538774182426113,-0.027543711688876538,-0.03560935414777555,0.03545842715569879,-0.03419134351178382,-0.03898659010147898,0.04130695012087716,-0.01896953225337006,-0.009984003921571505,0.0002799388864979102,-0.004755790684802641,-0.03001877266572431,-0.012319568706592093,-0.01971708619817425,-0.008053559900170315,-0.013223622268930507,-0.007735004448285621,-0.009187535912211525,-0.024156707906720115,-0.009725811116726213,-0.004788989463305082,-0.017924718058512923,-0.0070342470683459335,-0.006059791055321007,-0.02550855683703321,-0.001985083958102929,-0.0015445901462538547,-0.019102072072012838,-0.007128318656603516,-0.022648866256369422,-0.02747121126207104
C,0.34795312649351257,-0.9282820493843261,0.13122903091246566,0.6837400166938665,-0.7231647198721102,0.09763389526062896,0.6773107759925242,-0.733863924614495,-0.05190233977206958,0.6378610425983697,-0.7688835460483563,-0.044174460397677154,0.2800195016607908,-0.9531035193662367,-0.11481620121453194,0.9310635403527112,-0.05179670822228627,-0.36116171563886845,0.2299390267128687,-0.9610604733620124,-0.153267121508572,0.9156378502924911,0.1702362099512137,-0.3641798455889509,0.2738210606775303,-0.9492419374421558,-0.15479590088401773,0.9472780220136363,0.23466008271402328,-0.2181719381372878,0.4065570990662111,-0.8991467019221541,-0.16200781963035032,0.9871604522958791,-0.09103327100273877,-0.13125237138252804,-0.025559799675419215,-0.030378826326775576,-0.005482886640299167,-0.05560146847522607,-0.060572885294807866,0.0026761443152339692,-0.0464441201318847,-0.04510904478218514,0.0036248100141566333,-0.0025889695790081158,0.0008242539799132587,-0.0074864694911986746,0.0016174608982497674,-0.021261754987596828,-0.01077887062684868,-0.014891476120519886,-0.0034379162873531266,0.004837917756732535,0.007616313773349925,-0.018107684529323237,-0.008230607571648674,-0.01778805649458909,-0.00467924201027925,0.0001741097906961253,0.01062555114994701,-0.012687105075577854,-0.0007478421458116946,-0.01792358306968206,-0.008325390034023883,-0.0027706221709512813,0.0030102375991091224,-0.0589063231197573,-0.0010852158617916108
C,0.35728583607241793,-0.92490133175696,0.13001675990515724,0.6311554072544598,-0.7671978966164194,0.11423764406183669,0.6301601378313301,-0.775390589445593,-0.0408366806635285,0.5818291672513844,-0.8118922503187604,-0.04801868394593688,0.2672469989515926,-0.9570709354104163,-0.11222417807227751,0.9293692839479467,-0.11924538374841447,-0.3493612349828958,0.21874639848368346,-0.9615400201432374,-0.16610479467300227,0.9133965634568286,0.12892605530670964,-0.3861149959899344,0.24293015350126407,-0.9560582351606838,-0.16412675437384064,0.9465937522387748,0.193775819210745,-0.2577037060496443,0.38251711990465087,-0.9068818865547561,-0.17676508936647367,0.9782145016664973,-0.11378235191603904,-0.17363745310796577,-0.061917319018312045,-0.047413894371675314,0.017816019808516145,-0.0564833477400995,-0.04490738245846415,0.012277930115849496,-0.06536458492589065,-0.04638942189777029,-0.0026319525409513045,-0.022105212288103582,-0.007348133671545742,0.003804294149562848,-0.011026965983669867,-0.07082939315349433,0.013012751663281086,-0.0205253378080906,-0.0038602644085911075,-0.01162540215712185,-0.011573996414567855,-0.044690872271870186,-0.020722879393675064,-0.04022361675517161,-0.010197015345894123,-0.008118582482514486,-0.01001697935376683,-0.04426498113064442,-0.0383194969050481,-0.03337268874046562,-0.011115902259968169,-0.013544998728814928,-0.018278660208287223,-0.02612979854066641,-0.04117281071812931
C,0.3559260736206058,-0.924189834342092,0.13852718222701194,0.6187646409465936,-0.776970325633774,0.11596306394184416,0.621955245500274,-0.7825246576686364,-0.028754699359880617,0.5803244493676237,-0.8136912513268486,-0.0336166771158557,0.2942115773707059,-0.9507426967044893,-0.09761082114251865,0.933303507269726,-0.11083301513454538,-0.3415561536178409,0.24009536326114064,-0.9576530732667322,-0.1589176132569447,0.9102058953666142,0.14302379194484405,-0.3886765017049244,0.26937716766559006,-0.9493632276608713,-0.16169540347764141,0.9373111421294138,0.22182013778972845,-0.26878178753591114,0.4055982227514562,-0.8982386415975997,-0.16928503903700098,0.9830338294855483,-0.057031235404975886,-0.17433280894645203,-0.011031003856054156,-0.010483926432222623,-0.006785002441847224,-0.006845129879243905,-0.00784556563791139,0.0035715589817931874,-0.00014495543194859017,-0.0025104984229561422,0.00589158450822648,0.028324340870925446,0.005616741291059046,0.006102934607904162,0.005293985773591414,0.007700871199001105,-0.0007053409567998326,0.02270872722926931,0.00317544946163717,-0.001323240905797135,-0.0018309056384022693,0.013386239223266427,-0.01107192803684473,0.027806776616138118,0.005983510084944466,-0.0060790714256554745,-0.007922847657548915,0.02733282116411548,-0.01958850380812152,0.024440865298617442,0.007931747542288425,-0.001030371992382012,0.006179090270863163,0.056039619096195176,-0.00920577816034096
C,0.33606226986671855,-0.9360179403801165,0.10455891190421561,0.6042155132142668,-0.7942594767244688,0.06383962111880939,0.5715327653336003,-0.8198948910760648,-0.03350620446269171,0.568732193005474,-0.8223894788084709,-0.014806680394877626,0.29020610723540446,-0.9426105281529623,-0.16512361290398903,0.9221362290580454,0.003940280737434858,-0.38684525232490363,0.2678560495926015,-0.9453002481637218,-0.18617351454557593,0.8945438628682945,0.2595685845138854,-0.36388930643552553,0.301237396847563,-0.935816795883597,-0.18303812521620236,0.9419264985297365,0.2463937370981719,-0.22817668085566323,0.4597485773048083,-0.8697008412861956,-0.17958756174158744,0.9807596744338253,-0.1281225518326303,-0.14729247338663345,0.005314676021560494,-0.00546104505267031,-0.018155172500238445,-0.03055867641278648,-0.025542127369403866,0.029216765219985234,0.008271547391737466,0.0031298785564022324,0.0527782670437744,0.015858333618585796,0.01996027458955152,-0.03354452143867405,0.008696525542206623,0.12660140191000477,-0.011320828384266388,0.04762449008534811,0.024180931141034923,0.006712369034165097,0.004201771255567477,0.1283728986070659,0.0587554655921952,0.0517240329358602,0.02537453781529886,0.012625548584235383,0.024479160154209978,0.03640170534646797,0.07457337700304424,0.07401415830723934,0.040365906349428604,0.023665747618209873,0.01758964870216423,-0.05926321038962988,0.061008605882614905
C,0.3414653952314052,-0.9328974240541572,0.11447174346788846,0.5805486380982875,-0.809385559036105,0.08864702829782585,0.5335445758804077,-0.8457551546335719,-0.0053295365031845576,0.5255638298160792,-0.8507037839324458,0.009259200401438385,0.330156611745449,-0.9335200511352664,-0.13977455365399855,0.9303445468251746,-0.03447731544415041,-0.36506210281598006,0.27001274975787964,-0.9481029738792273,-0.1679102911960851,0.9117554469540796,0.20582456281956482,-0.35544092939573146,0.2722959290281964,-0.9461105878716412,-0.17529883785082276,0.9413389183012529,0.22851093004856016,-0.2483219598419944,0.41986217757484107,-0.888685760148704,-0.18426440663088609,0.9800659290044784,-0.09336485827606614,-0.1753675512849481,-0.029070000480665936,-0.01824659863759548,0.014894575615343603,-0.04339131481787922,-0.028980779883466368,0.018263836395834294,-0.04857148855408139,-0.03143482144993426,0.014153049232643156,0.03454737914535794,0.005969960691736609,0.015436227686317625,0.0028051924024426467,-0.041538112507544606,0.011870317945250716,-0.003246425199408487,-0.005923242041464771,0.008350391785817965,0.011808458721098536,-0.05686453802027994,-0.0014644545238787915,-0.03434459318405325,-0.013414308314003476,-0.0021735441982932563,-0.00599070559317022,-0.021003323375571065,-0.030058110550004027,-0.04528952509465384,-0.022105435188467748,-0.014589676452971503,-0.006096870794033482,0.03163717723060483,-0.037987909461987504
C,0.35050458704427256,-0.928918768405813,0.11940040269761043,0.5335262674332233,-0.8398361847539227,0.10012444624939419,0.5454288447329465,-0.8381569465851214,-0.0005551796010173165,0.5247241075551928,-0.8511886849134465,0.011934555950006217,0.3572774718854393,-0.9260706118622495,-0.1214332323881242,0.937810231693377,0.10402816495236694,-0.33119497313192725,0.2787567709589044,-0.9489324680985766,-0.14772215010928041,0.9130415704285608,0.2371159951443547,-0.331860054113251,0.31749451091082875,-0.9352307826506697,-0.15665445644509973,0.9242539210603599,0.3108969561544299,-0.22158017072486566,0.45847046122568536,-0.8722082050102692,-0.1704631435128175,0.9865025701432478,0.05309853248903476,-0.15489746591948345,-0.05606156247793159,-0.03442928136616197,0.006548758721846376,0.0028450770396714065,0.003619552400106252,-0.00015430232755472492,-0.009878914073753742,-0.004463556629344834,-0.002253303681154133,0.01808166832712288,0.0034707836246726798,0.013412662036152379,-0.0015735069446650707,0.13452682474817315,0.028938470454330845,-0.00029517061184264337,-0.004808149867693512,0.01525948185708273,-0.007753068338386182,0.02731277667644566,0.01865221605275852,0.036159390069764985,0.006901149572627219,0.01371572217600106,-0.02612418905376046,0.07840737045752555,0.021813129887406774,0.029569091837976902,0.012498899490090642,0.008872603888346625,-0.002602550674097981,0.1424847351167567,0.015541426135742692
C,0.35330768507880317,-0.927599067349874,0.12138224712000208,0.5509447964650155,-0.8286178202956164,0.0992589499071211,0.5614844356813112,-0.8274862250018926,0.0013326363932182432,0.5721730439637558,-0.8199177550646424,0.01878517210480486,0.4047794991320433,-0.9081674281623435,-0.10670276241694344,0.9417558264469519,0.09902855116801347,-0.3213865420436626,0.3238054808117601,-0.9344035712699235,-0.14845866965010127,0.9084244354032731,0.24889679883202187,-0.3358800808226302,0.33319579942433325,-0.9302678904601333,-0.153565006511357,0.9152957307541252,0.32419828627597796,-0.23901714674681998,0.4856642872028415,-0.8587787780345305,-0.16318459036708813,0.9858210940065636,0.00917341334350462,-0.16754885585801954,0.014615430997261591,0.009898663402367336,-0.002847340764664738,0.013252492913834124,0.009351020527289755,-9.402842815608623e-05,0.044645838374032354,0.029951228792865048,0.004868771732406995,0.04469892921207341,0.016583482643966918,0.012748625548789111,0.001142496719044317,-0.006319314840292509,0.007826586665872978,0.04224561181832509,0.013209195772714066,-0.0027183639632124973,-0.007420233059818315,0.010461102631728142,-0.006001871131770878,0.012898190478973892,0.0036431911345974344,0.001107605511351098,-0.011761288340765286,0.011981629065609012,-0.019418820444345966,0.024390727942625534,0.012109725919799641,0.00529670872333772,-0.003484574171214838,-0.04524482020146918,-0.014633234360927741
C,0.35347133335443925,-0.926052652433301,0.1322289734433516,0.5398976000349117,-0.8338787269234729,0.1147033140804172,0.5673391674937028,-0.8232479638093809,0.01972458139632834,0.5567748796379844,-0.8297926844680514,0.03802412664891439,0.4080414607859148,-0.9080826593416393,-0.0942764556117438,0.9496895573734248,0.048944356110382996,-0.30934478275996263,0.30884985546573723,-0.9405213714958482,-0.1415320336120482,0.9197962312568037,0.21670865803614203,-0.3271272695724939,0.32606887945667423,-0.9323795634988358,-0.15603664768120773,0.9185454088268507,0.3163806864341119,-0.23701812836699665,0.4777731096941181,-0.8619791005765357,-0.16948417572882277,0.983995663559878,0.06109316385838325,-0.16739223227237318,-0.011210844705739853,-0.006807321544429423,0.004597637849946573,0.005691083536755515,0.0026918462759387696,0.007545218679760567,-0.015561812601407432,-0.011421344319981985,0.008392228220760006,0.0030983133782354066,-0.0014616460958687405,0.0015795804818501125,0.007770082650836785,-0.0516306099742034,0.0011950329603504645,-0.015119273621658935,-0.00766421514249771,-0.003920090285296454,0.011208147577894456,-0.03373455571245276,-0.002093915073213201,-0.0072905682432951036,-0.0036580879552754464,-0.01331836749320027,0.0030860297970893846,-0.00936401475843901,-0.008847707943526198,-0.008054825784359454,-0.004746737458578121,-0.017146311685084167,-0.00198907872232168,0.05037333559830571,-0.01069010273770317
C,0.3526730685164679,-0.92747610565707,0.12413613566715491,0.5941373884635867,-0.7982480529187311,0.09899903858686535,0.6118951892074448,-0.7909226493411562,-0.005063613724598728,0.6071311218079418,-0.7945535085656366,0.008747740180579047,0.3902897887268918,-0.9158481732967857,-0.09431863169310234,0.9448994715805205,0.10204811378205654,-0.31104850277790685,0.32358702602169526,-0.9354166986255371,-0.1424325683365142,0.9109025680955707,0.24716174743109187,-0.33040517859698165,0.3521018760860044,-0.9231821450860744,-0.1541395337056338,0.9128457582990331,0.34187405734219994,-0.22323698276012705,0.49149612519850394,-0.8535417225860865,-0.17291063217637245,0.9845102301876507,0.0770412375728423,-0.15749366453639865,0.05503805326664629,0.03705412722851065,-0.00761143771735516,0.04535428655171331,0.03374876769199364,-0.01669535734473037,0.05115450700792873,0.03666262912618379,-0.02118354869213865,-0.016953407221051653,-0.006342060731377441,0.00805066169483816,-0.003991820954932945,0.054527210895442456,0.006389117758252474,0.015535435393929375,0.0065281260940800445,0.0071923030517307,-0.008095398323261616,0.03187654261871875,0.004814928751708927,0.026831261467301526,0.010620871636530249,0.009989951751770629,-0.0049013856898461605,0.026916824131856976,0.0218739833830663,0.014521280342357168,0.009860831214218102,0.00466638132864701,0.0013128314657440687,0.01737152693822796,0.017991405512171224
C,0.3647774740382226,-0.9239153758012983,0.11540265504848403,0.6564738311202889,-0.7502770464719537,0.07827172280953303,0.6992075920447075,-0.7136450777884491,-0.042654966596636285,0.6893341815288363,-0.7236647769526027,-0.03358089894730575,0.4083301132033829,-0.905446648337327,-0.11590032642755331,0.9331195311450742,0.131792224899025,-0.3345425982618081,0.3344335029045366,-0.9286691540509582,-0.1603989851878094,0.8993026541525668,0.262844375337255,-0.3495247782171059,0.3521990554509485,-0.9221280265283902,-0.16011161116644962,0.9129843060410369,0.3360210135445202,-0.23140772540967533,0.48798166179119573,-0.8562515603839117,-0.16943188335026999,0.9874381761066989,0.04532116425959008,-0.15136657635432968,0.05023203713494756,0.044410276591005826,-0.01199383515866144,0.07520799731550804,0.07371684169693549,-0.028857872253366675,0.0700986541991398,0.06732800175726228,-0.03359515850921392,0.005935918954736441,0.0068407951036870696,-0.01284821411578009,-0.02388434595720096,0.02618338126119686,-0.014760614865230365,-0.0012579286389133304,0.0031868147188073292,-0.009232936232624334,-0.02370431946475854,0.012121898050391544,-0.010386119001453392,-0.012007226156810602,-0.00250661129808738,0.002761403157855058,-0.011965857779750955,-0.009413773653451363,0.0005627379691225953,-0.01561886892906289,-0.0062705676535967925,0.012212229444773348,-0.009176459602706466,-0.03528080316902382,0.014860568800739854
C,0.36240113673663005,-0.9227970424192423,0.13080915332765342,0.6924647106837601,-0.7131614801389715,0.10905653443809699,0.7650901904452698,-0.6434984374847191,-0.023382930508085053,0.7698820901654283,-0.6379836223276251,-0.01607684310533002,0.4068211549577633,-0.9097188851113506,-0.08311496827041974,0.9495293356149777,0.0874241163736769,-0.30124917374635385,0.3768897656637931,-0.9182091736750686,-0.12184423628895599,0.9095481115920377,0.28457562585373036,-0.30288437706378274,0.4147969812696551,-0.9000516208121159,-0.13360592877213479,0.9142768401525763,0.356961106862502,-0.19151142981064606,0.5189457211037263,-0.8432455811594356,-0.14011505416342354,0.9809380690411003,0.16782069543311312,-0.09796284443738787,0.03836721686506378,0.03599723295092616,0.015378313349394573,0.06825893570215485,0.06902830692167394,0.003865537809381845,0.08292424593818454,0.08456282124292158,0.0020975575628063466,0.0008673790559728944,-0.005390570156079577,0.017378859877964184,0.018786141771496012,-0.045486441907404127,0.017886926236284864,0.04483260006084905,0.009341646993833552,0.02314825061968402,0.012621794741063452,0.020612917134419317,0.0312339028741538,0.06497426312029914,0.020958072334218314,0.011099184115145447,0.0036688714131319355,0.019821759935925776,0.024489797319859882,0.03334039661412308,0.01188764584242008,0.013910330907677057,-0.0041237697640061355,0.12138119779146701,0.03799723363777242
C,0.3570864849684722,-0.9267898122684479,0.11640397814626538,0.7331032698135919,-0.6768248453912542,0.06684103866431795,0.8158638685746065,-0.572312800409452,-0.08260875523797694,0.8457481885297691,-0.5278395762043968,-0.0780729363542633,0.43919163320181154,-0.8926453313412173,-0.10146438665982242,0.9283827998178351,0.19541808937622684,-0.3160967373241025,0.40596261036976045,-0.9043076624575284,-0.1319924641878123,0.8981047736845988,0.3169479862754245,-0.3048799591329165,0.427981545903949,-0.8944695555342028,-0.12944500990038912,0.9164448428711188,0.36254632738199866,-0.16937830580317856,0.5664704988595929,-0.8132077950171464,-0.13343258989135515,0.9893265721329743,0.12682658875897948,-0.07174921640951566,0.045953210897989594,0.04032940459692291,-0.027810320592390997,0.056088329897494515,0.07517840692447275,-0.044820649548503844,0.08118075013249865,0.11413681597243386,-0.04759091806754524,0.037685130012206136,0.02106632361933891,-0.003944243208014647,-0.015831884028984666,0.11198674285175554,-0.000442388396360599,0.0343874964741252,0.017894281066745843,0.004256947282531731,-0.0061286861392810255,0.036365130270899715,0.012409593112254286,0.01849921640245178,0.009574835127118653,0.018566094053133697,0.007482654486700435,0.009577990368702272,0.03653829918885554,0.052839429524024484,0.03403055599149485,0.02108763945345643,0.013703154860031874,-0.03700133682492804,0.04061880320926024
C,0.3337672109240069,-0.9392552653871187,0.07999372071970941,0.7710350736964482,-0.6357810141552059,0.035880596005230386,0.8762424182950475,-0.4634620762781963,-0.13191712637997588,0.8829710338291727,-0.4481732669942749,-0.13965269839970912,0.5330550251661742,-0.8399293756370689,-0.10183802868777858,0.9265435924104972,0.2598674849002966,-0.27200342213774564,0.5393531268732799,-0.8326334640589712,-0.12577646465525116,0.8853890724916281,0.38040483705025374,-0.26716727019076325,0.5469715384714032,-0.8303472186260406,-0.10651587967164619,0.9097254058286091,0.3953906874926382,-0.12675129282998016,0.661457230170413,-0.7430021700978593,-0.10208872555359326,0.9891019272029918,0.14337557063604364,-0.03347869991675814,0.061251077927321596,0.05350928435471902,0.0054498147674684055,0.08369782376490625,0.12131617724992644,-0.012898113715442971,0.06054211934386894,0.09213176232879267,-0.02516950461888985,0.11718266600882793,0.06518140882281909,0.036036615398599814,0.02148006663712737,0.07691484864274051,0.08050357261291281,0.15670979054798467,0.08413965151722791,0.042626256959117106,0.010603572851494547,0.07592230389350002,0.07412294636870921,0.1423092666119195,0.07658779002683302,0.059339387655298906,0.016599837001955497,0.045309813229310325,0.07903727039975438,0.1183060053552854,0.08267107803795781,0.06775412176431786,0.023094629114482845,0.029014434995734917,0.07468077391931349
C,0.36027455383234314,-0.9316679817580839,0.04687235462108606,0.7875767251722603,-0.6161728688340223,0.0073415039187386625,0.8595368169963403,-0.4865085066919623,-0.15654371001147507,0.9132007992997714,-0.3670682872562963,-0.17698918794375,0.5018930072991673,-0.851630737517127,-0.15109101938974567,0.8860636659092536,0.32756525967177463,-0.32801247020748747,0.5221332679579421,-0.8365510340145955,-0.16600969242990313,0.8542915096618836,0.4298633145610905,-0.29223885319062703,0.5404223368537157,-0.8294282802904407,-0.1413945744504056,0.9014091157990386,0.406807128113341,-0.14822134283081886,0.659379290797413,-0.7414871541780224,-0.12416018305591436,0.9969426039529377,0.05606643453907235,-0.054424253248087646,-0.009965691432524126,0.012020861692148777,0.004582274012131619,-0.04321294420704336,-0.030633714042800797,0.008494782467124151,0.0037224225622624063,0.07351769610894376,-0.0042151234454175235,-0.057669360775343126,-0.019288645509092928,-0.016131624603343747,-0.06698726940957989,0.06011049114244321,-0.022887681971118484,-0.043727201823673956,-0.011504853584659136,-0.007111861676028619,-0.05760490573808075,0.04187119388180194,0.008049783098759561,-0.0330565445260238,-0.006668345293434963,-0.001757328680136061,-0.03482363293790669,0.00382915699166797,0.011651316097784636,-0.028585282281336277,-0.006072267709197887,0.011049908596302241,-0.01866666615839041,-0.09489641972600613,0.01217581276729384
C,0.37074199418719056,-0.9278349243541929,0.04089898403083207,0.8494375297684741,-0.5182460981084639,-0.09938241703734615,0.8604406707365981,-0.4375578133360464,-0.26112259980884567,0.8013572427279418,-0.5364748082531142,-0.2646154750524899,0.4131193446455282,-0.8942553572945859,-0.17216202551544818,0.9472566807692971,0.1184718801043394,-0.29777373014165787,0.44689937482856107,-0.8841830472598847,-0.13601943874338626,0.9529917502741547,0.24868296969609857,-0.17309969524101526,0.46876290315053126,-0.8752468684297455,-0.11918162582298274,0.9673685437564197,0.25193102365030695,-0.026997404932556854,0.6338983898456135,-0.7619155306867113,-0.13288173482283297,0.99911296794359,0.04143961548319383,-0.007485690052093214,0.05139336424136637,0.0940937133216675,-0.10075055036583083,-0.009563586614589614,0.04511763595202495,-0.0986055192071166,-0.12231099692667696,-0.17323957840070886,-0.08165291651848591,-0.09924110300848654,-0.046457677181349855,-0.015097635535448517,0.05072557450519616,-0.21292643697132618,0.036212110656083596,-0.08570133348422848,-0.051465070649180156,0.035963624276770856,0.0882328002574237,-0.18501340226888288,0.12511252853986576,-0.08212687405803182,-0.04965164554319579,0.02818631921767685,0.055491987602533654,-0.15870916186692502,0.12719730848851601,-0.03594834130664687,-0.024261433912579844,-0.002748181176664616,-0.008297076364195133,-0.018459876459769466,0.05291193378624842
C,0.4069621566804687,-0.9078375012328512,0.10105876698869068,0.7997988523730858,-0.5955190665655222,0.0753580592878031,0.8749486515778099,-0.47303520516637115,-0.1034531380644461,0.868816354917782,-0.48191638759297684,-0.11364302352856694,0.48183900900994986,-0.8667764107923466,-0.12856835960004678,0.9147397042979456,0.20772254959817157,-0.3465582429683964,0.4482819912396417,-0.8796998989559714,-0.15865479541153288,0.8661669213657575,0.3917693708499339,-0.3102766900616491,0.44978323412104426,-0.8788339073709336,-0.159204288757405,0.9020623747332662,0.4022862445044982,-0.15636255809191493,0.615270285927357,-0.7703051204867357,-0.1675484903148455,0.9897785288703256,0.1211172231800493,-0.0752933067174519,-0.08585883988866644,-0.0972703915784,0.11458069336729067,-0.021712181652066398,-0.05547481495166645,0.09750967878654095,0.03123894969656199,0.03456099753879571,0.09081266856606436,0.03249950187114353,0.007481523380897692,-0.01656611704245721,-0.06873713896462968,0.0692532463724905,-0.10894429578459712,-0.034837546082197524,-0.015514274817428397,-0.08279513962600522,-0.12304499140167541,0.12308897803249366,-0.19733677777849246,-0.05519983152276514,-0.023584462062529732,-0.10018244589228087,-0.10152633151643159,0.13035779773284956,-0.1895249361172167,-0.054848266411534674,-0.02838701292136614,-0.09482653844987114,-0.04555460156654251,0.0596801845755138,-0.1279673996232173
C,0.41874272360408865,-0.9056992789727434,0.06605563940257175,0.7937402794322019,-0.6076762777288,0.02656897236553234,0.8420052124213419,-0.529254306491912,-0.10448493343566911,0.8451691282790191,-0.5260706967498169,-0.09454505077075671,0.3390765417837148,-0.9281355730525386,-0.15359510684404185,0.9002715253222346,0.28410475199416385,-0.3298418872555633,0.3125483271609183,-0.9383564721810749,-0.14765051406886223,0.9070924947602435,0.32786538004803417,-0.26398389821274254,0.3517067106486989,-0.9235058958810167,-0.15309882415509635,0.9268799363698917,0.3460175207300781,-0.14548353481667792,0.541163959557892,-0.8238121773261652,-0.16874556398539042,0.9926663682552767,0.08541652804757725,-0.08554237587989372,-0.017839139864503806,-0.014295433423385573,-0.013785959336151843,-0.044724006080087975,-0.05835732358564866,0.033971332214895913,-0.03542779356238279,-0.04629253141694789,0.05410110034392915,-0.15454303414985499,-0.06349738452029985,0.009976380342123864,-0.026248745899330905,0.07424398013588443,0.05171948329895201,-0.14751423100234334,-0.06079479548521127,0.04600740892878957,0.02914500647086604,-0.06604221306200758,0.08129591943502548,-0.1098570903959653,-0.046810210770190985,0.04110859218842758,0.013036994713005567,-0.05840694603452795,0.04588215086135594,-0.08588689329308496,-0.055645279099537315,0.03380605391557401,-0.008892727538668876,-0.0378389173925799,0.024754058423677103
C,0.34486425754121836,-0.9384643853124922,0.018794716560519557,0.8059253584289524,-0.5852568873024643,-0.08921150433769973,0.8683839892076911,-0.4410108757452723,-0.22675681855707128,0.8017768833920278,-0.5498765088167936,-0.23407189987185856,0.3704735117053783,-0.9054918874111721,-0.20696332756611258,0.9446156160763443,-0.009842981530520836,-0.32803117775494833,0.3271462369596469,-0.9294241435251985,-0.17072229226317717,0.9696405434302547,0.11610835009577965,-0.215211680850079,0.33177116865704,-0.9306487430607205,-0.15433991281403128,0.988942986476613,0.134598126519226,-0.06225041233784699,0.4887594317935745,-0.8493312441249742,-0.19937566447775373,0.9910574492543438,-0.10836606418807987,-0.07785838689478834,0.08606354505962077,0.0551844967660845,-0.06851955386117986,0.10025724284921955,0.12100853708638848,-0.07501096227934997,0.030486221175878958,0.00895929427277209,-0.09226592625904967,0.10527543598453376,0.05540879198111526,-0.006107297880018535,0.1182225568169799,-0.26118262718493584,0.049071632342667156,0.0884763758615989,0.04169743499562517,0.024189144647737255,0.1364265147328816,-0.1789919236125057,0.09603314020471573,0.05394292407121137,0.025622259160045013,0.04601983418311726,0.1359415161695916,-0.17865428787110324,0.13049404532088313,0.02147393829855282,0.00724603954093983,0.016630822349688885,0.07226954706193744,-0.1610174858959083,0.05494491182715757
C,0.420198025688142,-0.9050800880289518,0.06529665735160181,0.7911968196524485,-0.6101667113672015,0.04128167766921496,0.8332669649061105,-0.5460036477242383,-0.08686876232561747,0.802524184297928,-0.5916151932889829,-0.07711288275369137,0.3133718039215551,-0.932703674245584,-0.1784992116389821,0.9216742461912791,0.12194685641539436,-0.36830089345281347,0.30077231206979005,-0.9368131443899363,-0.17865371194137886,0.9106353542523818,0.27206493822151134,-0.31100469606770265,0.3346104219551967,-0.9237772406930247,-0.18620277950811312,0.9285262738210868,0.30880350888255775,-0.20610519577572062,0.5176790514410938,-0.8296912157180432,-0.20885613771054173,0.9860146941722241,0.06896956105764482,-0.15171757486847517,-0.09006230692342759,-0.058294121348277605,0.08399124121583243,-0.11045079244850425,-0.13837706926250637,0.09338611544037156,-0.07458646724102341,-0.07512298175572973,0.11045707632708493,-0.13243547593074684,-0.060596084117952254,-0.018037824863951786,-0.09827513803198878,0.09840554066237478,-0.08677165648894739,-0.10170769303678051,-0.040773298148278236,-0.05443336046928394,-0.13433895732479656,0.12257229084219129,-0.1422949560087059,-0.07249451484876696,-0.026512794915844573,-0.07836480748516408,-0.13575048080244995,0.14082108507979132,-0.19035672422895586,-0.04641414849940434,-0.0137442688766094,-0.055982414023870254,-0.08037652322904337,0.14395132796218427,-0.12036112876476909
C,0.4138808459250696,-0.9038665900374964,0.10829511895896919,0.7820221365401372,-0.6198536524474165,0.0649832863803942,0.8567345328956665,-0.510788716410829,-0.07142007652909586,0.8523221134924666,-0.5192591020147795,-0.06258593952749784,0.35805729171846,-0.925506021330516,-0.12342439113967851,0.9403221250664323,0.029296229231466773,-0.3390221704599361,0.3236126795343045,-0.9342417125266301,-0.1498908143280865,0.917316771645579,0.22311287900822346,-0.3297735339265336,0.3557281947278105,-0.921005993262167,-0.15876212347679847,0.9272138806787734,0.2969904619812974,-0.22819089589364605,0.5270044800359888,-0.8312415105951994,-0.17692888143377863,0.9836838640397781,0.1024661406055588,-0.14787408717274664,-0.0028575033492388435,-0.010900439071670487,-0.019296852896188134,0.029784747752628404,0.03400143332195382,-0.027549775810845778,0.05611510895761096,0.07114259328274797,-0.028471518381173858,0.051002667559977344,0.005984154923612595,0.012076358891936215,0.024965058638225623,-0.09386412517538302,-0.01371973861449001,0.0291575472275869,0.0013579338718507916,-0.014235563994075037,0.012998597156269609,-0.050165557204743305,-0.061767299466198314,0.02743495253568623,0.001557749439402234,-0.015557805576052727,0.005004786620759094,-0.013026544892715763,-0.06508416172529281,0.01564260835796738,-0.0027637928686116142,-0.01107120533060428,0.003986349630626496,0.03228308155645855,-0.03915497391163884
C,0.41158509216307243,-0.9076340271637926,0.08245110456234626,0.7729639242630494,-0.6322590929946527,0.05268027252630499,0.8469164263114219,-0.5257386811497393,-0.0795701325047436,0.8563960697347871,-0.5107367179132118,-0.07572170572596723,0.3105699443400416,-0.9393585847721495,-0.14543644277652026,0.9352965615417776,0.042098108792303746,-0.3513518054660301,0.28980417905176403,-0.9432447035203168,-0.16218189505922925,0.9206085197565899,0.22694013447132846,-0.31777055986625935,0.3291683924685524,-0.9286530290043229,-0.17103134543341839,0.9324798344316134,0.29226569596176794,-0.212278405266231,0.4931487320988172,-0.8476372943564735,-0.1957430592520867,0.9853619168548919,0.07809937939693982,-0.1515334278298556,-0.0067624585150906635,-0.0086380034209399,0.013541000542533717,-0.007522352822247391,-0.011182527612614068,0.017693958420975195,0.006369710004317686,0.012289821227863928,0.01270824819815354,-0.04519159361642128,-0.010085126315337312,0.0038319627597811767,-0.00272980976265752,0.01656931668713321,0.013514379390528908,-0.03151274672054333,-0.005235553867390386,0.013552933665480188,0.005587501873007994,0.007594692589401236,0.03784698845689716,-0.024264048497260937,-0.003879598615859625,0.013574792440003008,0.007561707514837146,-0.0009573288932332447,0.041756505024037965,-0.03155999417517441,-0.012628346634977916,0.007029836578314852,0.003973806577110939,-0.020599324082322734,0.022184673739513966
C,0.41786914491637067,-0.9042851323973661,0.08748586772696113,0.7763375762177706,-0.627796207369884,0.05631953270675125,0.8437162931207531,-0.5317081297071374,-0.07368365847264458,0.8758847190502862,-0.47756421735265486,-0.06898099186404431,0.3189870096414664,-0.9364448598011675,-0.14600791838789642,0.9323347782121773,0.05849632745276246,-0.35683335187533916,0.2964050721365755,-0.9408051952181152,-0.16440686683443478,0.9151340182808729,0.2455784626852322,-0.3197201076727283,0.3364754330051671,-0.9260110825528689,-0.1711366646082867,0.9286245507093577,0.30475377469292914,-0.2116165887407105,0.5036055916856448,-0.8423134326383402,-0.19206636670684385,0.9849401012549354,0.09288088865612577,-0.14582913790585886,-0.002910400798577073,0.0011139908583421843,-0.0013955029841686006,-0.00948418594396705,-0.00931834332382464,0.0008517108674841595,0.013204596562200854,0.02982360579413046,0.0017059506973080563,0.0021330125481265894,-0.0004351697954445566,-0.005606238775991021,-0.00924583608289864,0.01304932389403219,-0.010516309573923896,0.0003168403315132462,-0.0009093864642250038,-0.007259734939820392,-0.011758554229015172,0.015289433447477213,-0.006984310971083804,0.0010229877833164425,-0.0007069483149725331,-0.005140082339483168,-0.010139336475553984,0.009139183964734676,-0.0043729466390943356,0.00417280683352933,0.001974966951706736,-0.001358070619372001,-0.006705868353254818,0.011432614492759424,0.0006695267593818804
C,0.4210702748510132,-0.902922146690023,0.08620568805811317,0.7772514458961343,-0.6266351585346563,0.056644222482217,0.8440239231550156,-0.531503393895931,-0.07160837534201643,0.873178239765949,-0.48277665923502694,-0.0669810338611293,0.32776561763310913,-0.9327166531992169,-0.15036404072263537,0.9310560463409634,0.07256222785823135,-0.35758825716203807,0.3015291580842876,-0.9386429134766959,-0.16742057163013324,0.9105446698711983,0.25762701984655234,-0.32332139244741376,0.3360615390906488,-0.925725489451111,-0.17347899044127915,0.9258825762509464,0.3097591513087348,-0.21631163439677167,0.5029687245668485,-0.8413846455343463,-0.19772288781686403,0.9846277611514132,0.07608392710074496,-0.15722406942604075,-0.0022872602562788447,-0.00020193687211544908,0.0016048694443137057,-0.00289349990038007,-0.001158249896136665,0.0033554627994761,-0.005907609218979759,-0.006575427589715133,0.003280137671762967,0.005577478057000151,0.002365220894607556,-0.0030759426658909933,-0.004479861805856411,0.012702914698125838,0.0005252743821490408,0.0019229560130695211,0.0007992960340762467,-0.001733525126850502,-0.0077904783443171755,0.010685571453977083,-0.0023211051058375093,-0.0036150238491608477,-0.001077392605585148,-0.0010621461641445035,-0.005943104393053844,0.003642390908462634,-0.003414865987213231,-0.0038379970534388463,-0.0004341986033491452,-0.0043763414411722296,-0.0035134700381647677,-0.018159947262723866,-0.010114751851333939
C,0.34613639014909114,-0.9381637569088388,-0.006193919377059144,0.7963319430578591,-0.5954585301854687,-0.10622888164268551,0.8583622742546911,-0.45666111542849247,-0.23382649933640845,0.8440982473712917,-0.47366122456124576,-0.2512830936053097,0.3655444342002793,-0.9043140941445956,-0.22043884811130107,0.9434322037030825,0.026322997925005795,-0.3305189507368459,0.34707598436121045,-0.9187946423068772,-0.1880283658065302,0.968826491151063,0.1414483285432733,-0.20339026622784442,0.3699641925745205,-0.9117372277869964,-0.1784985257081013,0.9782312432257643,0.19904164007635083,-0.058703154026781716,0.5172559799302605,-0.8268320488450789,-0.22089593529314852,0.9840357954356819,-0.1535447413087404,-0.08998647519320277,0.09401438186364697,0.06641823856800344,-0.07047349668973021,0.0892722358015976,0.11008388868625435,-0.0698185165592197,0.045853892307264776,0.04435704489259695,-0.09190245230900809,0.11271270126909227,0.06364416927343708,0.02232480004650661,0.08731004206404114,-0.010997619714409781,0.11946891386036448,0.12048071097884494,0.055089881388634465,0.07179181325877534,0.13321570598178678,-0.08093708108446326,0.21233073365474164,0.10883653818579381,0.049229871882930376,0.08738007216835017,0.12728255167673996,-0.07547590101356821,0.25000808780516226,0.0892211400653341,0.04979420690808323,0.06922655995888782,0.0743419189861908,-0.1943870581906696,0.1596372016680103
C,0.42802654177907723,-0.8991608571426226,0.09112097736080359,0.7754932076227783,-0.6287493971926744,0.05731038702349859,0.844349875720418,-0.5295670777637234,-0.08143707705772131,0.8784909266533596,-0.4711599165743155,-0.07913295648088503,0.33598861045800416,-0.9286677193005899,-0.15712390261045645,0.9260598916162832,0.09709103802332449,-0.3646730144597912,0.3081368201141712,-0.93524976526995,-0.17423999728084996,0.9014906621606043,0.28427427669968014,-0.3263475473235688,0.34222952325106093,-0.9234019572123146,-0.17380385160236936,0.9217545101369576,0.3273368352510252,-0.20789232628940507,0.5044696905899593,-0.8409271362418521,-0.19583636742992397,0.9853432570219455,0.0811122447997583,-0.1500648845830648,-0.10272888706506694,-0.07229376677342192,0.06622437192832137,-0.09590255016425925,-0.11190886210144707,0.0550745255408244,-0.04749747234791818,-0.036501591779285913,0.07483524038656195,-0.11144597537226125,-0.06335652492221044,-0.0339999512370181,-0.09926246371678532,0.03176514033210251,-0.13146896046080805,-0.12082931587702533,-0.0554580227292889,-0.08352652821218248,-0.14922598062044484,0.10382304839019066,-0.2202721778335871,-0.10962482095344567,-0.050667629191534336,-0.0926202226321308,-0.13836688471879272,0.08929229540845818,-0.24650406900048608,-0.09467644097028732,-0.05309798716298941,-0.07225532887463817,-0.08058269004372248,0.19565408634228254,-0.15739330612772476
C,0.4089401049307112,-0.9075528564740072,0.09547671593183815,0.7695966224362594,-0.6368442690186715,0.04637257543824284,0.8426010492244063,-0.52974581831704,-0.09691666431289996,0.8827475441275935,-0.4587651973477866,-0.10144588231736526,0.3771801642616534,-0.9164142523707823,-0.1338657601452004,0.9267728967634571,0.11261134969924676,-0.358344361953114,0.3436629374789593,-0.9263642705770926,-0.15409420365965806,0.9022909589231658,0.2668559203719684,-0.33861326496158345,0.3842899502113578,-0.909646891736979,-0.15768248640798632,0.9152312385360222,0.33998434129497884,-0.21624622004104102,0.5352393110323217,-0.8274736991678348,-0.1697237670779946,0.9883421517632545,0.07169630392077862,-0.1343109491146546,0.013189851661847107,0.00029712750538746224,-0.015293550156290317,0.017337610352354316,0.008213258778067889,-0.01983532582621321,0.02334305432259992,0.020786718557913475,-0.026668664407514794,0.06027799065201528,0.020645466261192125,0.018902403894221473,0.0197994419955399,0.02391231100730684,0.001972913935642681,0.05461255421315414,0.017277494024241946,0.015790055050157334,0.019886733610927576,-0.009026356996327145,-0.016621456209049215,0.06114686380866291,0.02214706480672013,0.011765626623348471,0.012563165247430563,0.02103950537533822,-0.012709632322670514,0.04985605729072845,0.02184543640540193,0.021756861780894796,0.022085331589675017,-0.0010239415475951086,0.011398196897375631
C,0.4129863646520903,-0.9042524771238913,0.10848834143241873,0.7624905251364114,-0.6429736970029097,0.07206263969360222,0.8222169885435586,-0.563436928276327,-0.08061049314387544,0.8314144833970523,-0.5495564762253556,-0.0820831056696984,0.36535092774373495,-0.9207431852779024,-0.13693314558971653,0.9250497750748194,0.12387249461679696,-0.3590801006898565,0.3429958716202413,-0.9253674030862052,-0.16139703019871,0.8908151192814207,0.3191250558012663,-0.3234310158588178,0.36602846949153,-0.9171932767260753,-0.15741554132350816,0.9173532972613072,0.3513411432678884,-0.18714253672273679,0.5219631321632379,-0.8353457379371746,-0.17248764237631534,0.9884379166752847,0.10082973102869368,-0.11324244000949626,-0.011152357021227133,-0.009429807334354057,0.012678438754778802,-0.024430320402226757,-0.03699148930940277,0.003294545668443935,-0.055379320451920344,-0.0940916582276849,0.006351151147086287,-0.01587549623929757,-0.007629312257235954,-0.0160790109450967,-0.005769381410016761,0.007960765567434358,-0.013747364237323118,-0.004713325580097127,-0.002303511859228502,-0.020314452039632502,-0.015522099363124264,0.04896875607918205,0.00217062360218509,-0.022307740441206925,-0.010846764339212167,-0.01274468041610241,-0.0019242009960940831,0.008056422622793713,0.01609205781772366,-0.017322438590462952,-0.011172418119455685,-0.015775500798901304,-0.003950494809348892,0.02583304775779921,0.008056883604577764
C,0.41837662428878414,-0.9012134838938121,0.11302768110821063,0.7603394733571726,-0.6445639384139267,0.08013248124989826,0.8269179321906921,-0.5582977275300455,-0.06715936908769342,0.8334234411324086,-0.5485577373816242,-0.06700579474767769,0.37434709255018017,-0.9181448938534109,-0.12990076285432453,0.9275179215822463,0.10228495678924751,-0.35951118585987246,0.3455736660347312,-0.9246772998836211,-0.1598459646761594,0.889688877722874,0.31090915988822515,-0.3343489122964376,0.3668246453624197,-0.9169794493104357,-0.15680678906560402,0.9156668632472016,0.3466359035516959,-0.20346436031877912,0.5238338587847242,-0.833855571667359,-0.17402003904725286,0.9878607683606531,0.08448744015016886,-0.13035710487262273,-0.007541311415932617,-0.004629234641096214,0.003530501880504147,-0.0006893159895603462,0.0021002075162022127,0.008911784380390128,-0.0033813019013374523,-0.002040254386347806,0.010537971246228808,0.0036059051697514,-0.00044070180558775096,0.002493043059600103,-0.0029221131292669345,-0.02462653105762873,-0.0049704248458078415,-0.002812465222203908,-0.002348890027495165,-0.0029882741532413215,-0.006516501195240498,-0.01125488914312045,-0.01545723611341171,-0.004594083765804113,-0.0028251658144397007,-0.003930587417887765,-0.007076693650799437,-0.007744232946271801,-0.020861163271834238,-0.0035195330152074655,-0.001548826960263705,-0.006071736346729417,-0.005967407951325443,-0.019381284108604097,-0.02165400453891836
C,0.3678358424781064,-0.9296998284222492,0.018842028024131256,0.7926937798286802,-0.6034027502486295,-0.08684291803774241,0.8606188659861302,-0.4645109277174517,-0.20872174189532736,0.83108021725464,-0.5041739055406794,-0.23476444675427025,0.4116824557444368,-0.889945520947493,-0.1962511793027632,0.9487859876817899,0.06331851613057568,-0.30950915187391864,0.39049028162687216,-0.9063287797764809,-0.16151000868008542,0.9714812786607254,0.14217310757215854,-0.18976546760408602,0.4563492264795985,-0.8735981878948126,-0.16903132726915396,0.9803617534705152,0.18860967090737674,-0.05759535026742702,0.5928435235583173,-0.7841455284112937,-0.1834457599606264,0.9960267167598054,-0.07344962691007949,-0.050358036175495356,0.08289508828218534,0.06964753269373425,-0.0727897462035613,0.08424171560611587,0.12227314434103087,-0.04737671972355459,0.048197557932909085,0.07287017636938187,-0.0735729989225132,0.08787614500493435,0.05668571743435502,0.027835236635640692,0.0718088479102213,-0.010480096130234706,0.14418768707003318,0.09545739740281867,0.0468348646355774,0.09252160908015336,0.13233318274852918,-0.1402497077876295,0.23876909777643093,0.14006536292785654,0.07186760594406028,0.08196111488052943,0.11523567203399138,-0.12953988811588202,0.24005466313543147,0.11955044658427078,0.07819638778450244,0.08475993217070582,0.05870673020983003,-0.12945072253181122,0.17418472178120672
C,0.4109352360654207,-0.9073384071119336,0.08870877487281713,0.7671806597538694,-0.6390810644947443,0.05485643356874568,0.8338296613650654,-0.5437238064100953,-0.09535469663701562,0.8414075783415971,-0.5319503840563887,-0.0951949369010231,0.35961485178061003,-0.920431385590451,-0.15324236620090492,0.921892479277792,0.15823854772785728,-0.353659184334331,0.3497385739362704,-0.9219531698957492,-0.16638894921299235,0.8938781592211489,0.3228996222695821,-0.31099464690822537,0.37740418780883855,-0.9105382183641645,-0.16877864770925227,0.9195876454279587,0.35066965331326216,-0.1771704168912501,0.5518843100105846,-0.813166902390985,-0.18488725542879172,0.9900976941797713,0.08923730774903682,-0.10836631804026436,-0.06861251366212506,-0.05803973555643038,0.0718326047578022,-0.06988859820837912,-0.1015743000029592,0.043500298409625854,-0.03277203250035721,-0.0501378998260249,0.06970276300456127,-0.09516699755114105,-0.05284728595327359,-0.0268579337468276,-0.06999290199131214,0.072558610286966,-0.11401677930909826,-0.08385110127791606,-0.037985811429583904,-0.07474568738159282,-0.12070251302689083,0.15836509338710794,-0.19109592615282522,-0.12204443225807426,-0.0593014517796675,-0.06961406728878419,-0.10387350162987086,0.13969856109556983,-0.18944181347250896,-0.08405860713504698,-0.05138279529000689,-0.0713082423168512,-0.04902841616734832,0.14032551334880072,-0.12787502871345488
C,0.3986971076514489,-0.9149235964062628,0.06289220213507403,0.7469714403685567,-0.6637714190807081,0.03796275128737006,0.8074026878860691,-0.5831671271296981,-0.0895377095398671,0.837695631663693,-0.5404175414136773,-0.07883469809647907,0.30175528350401876,-0.9370104594072564,-0.17594075093284006,0.9110202197519874,0.2377093952463221,-0.33695163245585896,0.30695141362224077,-0.9338478284903533,-0.18360028022625563,0.8918059546462513,0.34453815122081394,-0.29321596411319756,0.3262098641503629,-0.9248724126825452,-0.19544345675864877,0.9179881824944378,0.35162717423202455,-0.18345579070217513,0.5315377709446889,-0.8180990878159199,-0.2195028031117404,0.9881334869622463,0.06548664414336144,-0.13893779681092147,-0.00797109097134091,-0.01710516529163464,0.008922890456367481,-0.014188845065024547,-0.031858131425273606,0.03163355983489162,0.008526181736067728,-0.0008819680629593707,0.042176811542287126,-0.04562143986261946,-0.008993884522476181,0.003118188005807959,0.0013658688881671988,0.08705603681279397,0.04252412461621516,-0.03054903190005781,-0.004309469300274982,0.008605241724479823,0.010165923839074276,0.029223718245561026,0.04359525553277091,-0.03895619524450383,-0.006749005024051513,-0.0008482363116533997,0.010638665480450948,0.008542710213091553,0.019531198926818066,-0.008108410651923859,0.002653003869394266,-0.008798974945205568,0.010273921196446822,-0.016165474311346212,-0.004754906032914008
C,0.4039993024471526,-0.9103885898092752,0.08931505565857013,0.7563523477074876,-0.6526942832542335,0.04383262169451116,0.8047912431098859,-0.5878682131831935,-0.08198791949088487,0.8590241482398805,-0.5070235020625572,-0.07074377072907574,0.33207781079036314,-0.9297754757170205,-0.15887697232723197,0.9227670598562066,0.08597915130005843,-0.37564416511647536,0.2957175002201927,-0.9391473291571567,-0.17479546390138279,0.9087107112608653,0.23807737944668583,-0.34287607766592726,0.31920496360989753,-0.9297186340538051,-0.18366124441463155,0.9308646152707428,0.288350792400552,-0.2243766666987138,0.5148691127592132,-0.8326483361669826,-0.20397682467598194,0.9865343039234066,0.05739178036620166,-0.15315433630412578,0.004078712543227225,0.006542129229487048,-0.020552983116355006,-0.007913639571886844,-0.009236092650482974,-0.018873063474513868,0.0160263217804838,0.028859032754132485,-0.018331926156092776,0.025020332490640673,0.002699977093248318,-0.00935907491788801,0.0064446453085154065,-0.15626525054325124,-0.0651153861841125,-0.016536108197751753,-0.009834507263790981,-0.01761803719862326,0.011602561818910284,-0.11099577837111568,-0.0760829670762258,-0.012307095336169083,-0.009381227968247474,-0.014640641179478886,0.007574237980601306,-0.06781138842846013,-0.06734372952003478,-0.0219708529811794,-0.019084254948050328,-0.01089687508773765,-0.006901377834543476,-0.01262987037414736,-0.040639393016700415
C,0.36663525980230166,-0.9270318998408383,0.07867936798923011,0.7054156350688657,-0.707760082910354,0.03826809165764437,0.8042111699724599,-0.5901003577811799,-0.07089401835169536,0.8734171571096117,-0.48316826367503746,-0.060752766552753454,0.38077600095264647,-0.9165405534610876,-0.1223235503071808,0.9420203159226401,0.0971697611338314,-0.321178707124559,0.33049871778603274,-0.93179747643738,-0.15008018005958892,0.9197162609835593,0.24240337086259967,-0.30880836302935577,0.3622570340654915,-0.9192682811291515,-0.15399892395704776,0.9165581214399168,0.3344599070887428,-0.21922084885503088,0.5230252206395217,-0.8351263946069305,-0.17031888798899888,0.983953851155971,0.09043426137896504,-0.1538065771161116,-0.013572669993770936,-0.0384224896245573,0.005071157632473226,0.03678396950742491,0.01441116543357679,0.02172958880852953,0.0517570515145821,0.0404985484190829,0.020626691845662307,0.08606223280713426,0.029878232287495976,0.04718910968939119,0.056617298711284514,0.027833919865336135,0.0651011456612564,0.07214526021069095,0.02399316275133989,0.03535097151113388,0.0483695923675449,0.020969301447476996,0.04470340230591151,0.08041611310044489,0.027093662956216735,0.040298008126923815,0.023057548814024886,0.06275242471975395,0.015791505513022955,0.04552015052515945,0.014165251591615302,0.04429362435632307,0.034783589877415366,0.04968579104432654,0.009983446857354208
C,0.3283029628683972,-0.9405577243377229,0.0869961594581956,0.6762660183964557,-0.7358944451267304,0.033520709924258055,0.7749778231065028,-0.6241743256565963,-0.09907464299324706,0.8290172494432863,-0.5513058484171032,-0.09376706045614484,0.4084796383202302,-0.904523801570589,-0.12239721185575904,0.932753742475918,0.1672534360672575,-0.31936929097968175,0.3678695728532472,-0.9179862198187643,-0.14823386115063228,0.9216167378026462,0.23356598063114567,-0.3099508368980794,0.4046253568489564,-0.9030115487763894,-0.14438996977394616,0.9286951982103139,0.31881206721305644,-0.18943097587365026,0.5599299429436022,-0.8143717149667837,-0.15256857100082538,0.9922911679944023,0.05366298386126266,-0.11170730541648052,0.009182680261494436,-0.014608537719491888,-0.013064173202351793,0.009098950067947309,-0.020548143378531836,-0.036497416110517183,-0.006067610732420958,-0.05461176024518116,-0.04133108537235687,0.06603593430148819,0.02554257638738322,-0.008390453017543723,0.029065723487182338,0.08360949943031067,-0.006507375324088252,0.07570315200111888,0.02733708111550026,-0.006470472560008836,0.040232773752991335,0.004688434265430558,-0.009459265337689107,0.08070061971736936,0.02978255684964659,0.0012921627141361108,0.050469373704301546,-0.0021220153788018004,0.02147308151241513,0.07523701923798493,0.03428050413703132,0.009433525519208022,0.04666961377233575,-0.023245453020817826,0.03378248023066559
C,0.2513767144963539,-0.9667961601726495,0.04598839075722523,0.7238747221751926,-0.6847672379144053,-0.08425684823718588,0.8118461713537393,-0.5383675303254961,-0.2259783094668627,0.7783820676209154,-0.5868828171980843,-0.22291234977862606,0.41997764787856096,-0.8923439834701826,-0.16535111262691302,0.9530669220005588,0.08254389365087224,-0.29129014368724265,0.4109516893204349,-0.902958014100295,-0.1256404943349567,0.9722554149758245,0.15970895874125068,-0.1709165192366522,0.42855113434069747,-0.8942915749960871,-0.12878860254820498,0.9770588057449018,0.2099508021418747,-0.03573164978460449,0.6067454905301477,-0.7783931498745679,-0.16113352832256508,0.9993652087057493,0.01024165408170974,-0.034121666872891795,0.12453495215078014,0.07736564304725169,-0.07676978946047357,0.11379459661927982,0.11204523116602672,-0.08589589777264528,0.026291066549672504,-0.009338532946054579,-0.08813752062151084,0.08842425793037406,0.038418253935332936,-0.0019461320701836121,0.09723942789668405,-0.058471106581458696,0.06908691599340946,0.12000836483923105,0.04126664155339588,0.06360113551664595,0.12756492554522159,-0.04761858605496841,0.18004208636239757,0.10085202586378439,0.03495840961522889,0.056609135926711546,0.12528985590663122,-0.08262282923625516,0.19470709479001613,0.12374179595858881,0.06221700092714244,0.03244281137923066,0.0840002890833903,-0.017182893944626347,0.1185934072445591
C,0.3128574156596978,-0.9487990745059508,0.04359534015678971,0.691790758287781,-0.7220978350733028,-0.0005131569605094666,0.771362092149563,-0.6214929569190462,-0.1369197841609079,0.8471984295950837,-0.5101299432253491,-0.14839899567222842,0.46049599737172475,-0.871814783730311,-0.16698029606480982,0.897522048252874,0.2896412584630115,-0.3325088183731804,0.46576370494984304,-0.8657901053633424,-0.18295262940534085,0.8804867827262838,0.36099326071641985,-0.30728958843677895,0.4564714467442459,-0.8757346494821537,-0.15723435376400585,0.9268689224527081,0.3322000747839657,-0.17480592354060412,0.610065382936512,-0.7768503259855294,-0.15596089111922798,0.9940394086745409,-0.0012802416127278284,-0.10901382932170631,-0.09356466505075545,-0.05532768282559619,0.08613674187711193,-0.10196478036752021,-0.10112251226024871,0.09145157590639033,0.007335660810824374,0.05875578830603656,0.07690640470683316,-0.020962351670180124,0.0025321140731729974,0.0007638671625387131,-0.11702557491102872,0.1891002791454406,-0.03882562408550224,-0.006668685533935792,0.019170823070253862,-0.054919084469948636,-0.1532493334128846,0.1832872163084705,-0.13398001859969125,-0.0335603887597955,0.0005598398472347332,-0.026052700615365347,-0.11167058445553757,0.10425218697539232,-0.1366812231555641,-0.0581608087569796,-0.016454261777660184,0.007565687803772626,-0.06680650119455234,-0.02951898136113623,-0.07249911184837898
C,0.34489856173186195,-0.9346653392578214,0.08628838685104036,0.6735362941778608,-0.7371890040920863,0.05386309191712061,0.7500773402334875,-0.6557545467924579,-0.08584845967910724,0.8118923947828507,-0.5763248534948411,-0.09316867788005653,0.41966160917245776,-0.8971089834854794,-0.1381289453244079,0.9103742001567907,0.2366249897313008,-0.339451660658105,0.3766078205920879,-0.9108222531235995,-0.16902476943846836,0.8897875606343343,0.31741332871062333,-0.3279129087078498,0.3944649886295335,-0.9049402162807305,-0.1596263690725523,0.9200407706762076,0.3395397900983527,-0.1955446527867652,0.5570523470734859,-0.8136332569572898,-0.16641395912901488,0.9915307568561375,0.019686953750664597,-0.1283712664902645,-0.050295610182084394,-0.029224904266912932,0.011683202183379426,-0.05332589798823961,-0.04839532512154121,0.008378277787549994,-0.06734718088439717,-0.08032864551762142,0.012537271097921236,-0.07287553427143112,-0.03942793500329789,-0.013841695953848716,-0.019188994168247375,-0.06715000397984011,-0.04963588897917524,-0.12119703042991925,-0.059165883008386544,-0.028765186727378163,-0.022740368164113622,-0.05771366725392596,-0.06331636696532147,-0.09404760418687652,-0.04333930204670622,-0.045085062002797084,-0.03886929784866466,-0.006794019933742401,-0.06343177594041172,-0.08505418193519021,-0.05091666621988988,-0.05314611470403755,-0.03454979789056756,0.006833460115262983,-0.06205048386280885
C,0.333486746321481,-0.9389429198629113,0.08469228575981828,0.6824250975975641,-0.7294689435737798,0.04659449034283979,0.7708697364987208,-0.6302864380165628,-0.09218923691400419,0.8150573335437299,-0.5705937240159915,-0.10052037181660016,0.4962075302747432,-0.8565479314428647,-0.14178761595989084,0.9212486280451996,0.21002184239798474,-0.32740157458478053,0.4675880808148887,-0.8683531633109929,-0.1653002433381186,0.881644037690558,0.3382401838345832,-0.3290856557862065,0.44768232941192904,-0.8828106909941696,-0.14221749469986336,0.920290761422162,0.3352742807910793,-0.2016335068411047,0.5971795703083871,-0.7891538126836787,-0.14357165713713632,0.9923291763685584,0.029497768821618073,-0.12005285237029907,0.02030061883008427,0.011997641123396519,-0.00567250048305875,0.03220421167561427,0.029745689380985096,-0.004744676143674867,0.014576754171260142,0.010008710083939554,-0.005755592845321553,0.08795773651266636,0.04483863264770471,-0.0020625695442608727,0.02228624329878981,-0.02232556672822608,0.013646187164546547,0.1023920756331817,0.046746670417696645,0.005320627191571836,0.0032682924666046498,0.025104435729049857,0.0004233540128653346,0.06462915619277648,0.02640710589165085,0.019004975463911,0.011661806156335386,1.2071297816551585e-05,-0.004492752963117436,0.05153903864528209,0.028757024878701132,0.024438403083100635,0.012210234922801932,0.014088395676043457,0.00991451521118751
C,0.31094862990004857,-0.9479785361984522,0.06817363471549844,0.6844573451238332,-0.7282803602126598,0.03355383189074302,0.7680798680009114,-0.631750016386954,-0.10461946839276962,0.8205757274778747,-0.5582189480922267,-0.12266654582633607,0.5038027883073543,-0.8490157537458797,-0.15923253557313938,0.914439597842696,0.23645194094116262,-0.32846720007094343,0.4983802777630363,-0.8473348970693195,-0.18341393334576386,0.8695373447728093,0.36827266844802314,-0.3290593376879384,0.4779492870509487,-0.8649734685908786,-0.1529227832644764,0.9212712271367905,0.3319521313369523,-0.20265021231354954,0.6032023893963594,-0.784131072750307,-0.14589495595796223,0.992055697679458,0.016821919608485003,-0.12466962630251797,0.024570363947701512,0.010224199696660774,0.0034779925922230823,0.019748247923623063,0.007572037965149603,0.004088419565554419,0.028056510355577213,0.021410392259305633,-0.0056275229654160625,0.030133374454043516,0.01656779403252584,-0.0009262685689286898,0.015729086218928878,0.03546571487871872,0.015453025558156946,0.05333031336958005,0.030053882577214197,-0.0015950389633254125,0.010431423503683757,0.03906810094898078,0.01654496914258799,0.052805074060452095,0.02687283873883184,0.005813362479706818,0.02351858213606095,0.005713466881413831,0.015501945571875009,0.02856093550940475,0.014058356268912497,0.01419535222349394,0.022264637732332004,-0.0036402328775922282,0.011901877112100945
C,0.3230633572114251,-0.9441030036725936,0.06557122603451794,0.702945178079418,-0.7112199799746429,0.0058495042323071745,0.7730893931633457,-0.6107237773769422,-0.1713162511986796,0.8686100650296429,-0.4613286476732517,-0.18081049130282315,0.48848143179295583,-0.8570395407722201,-0.163918017150177,0.8496606725521241,0.4038894758993332,-0.33904281849942514,0.49773095667919687,-0.8495839289221288,-0.17455956714099283,0.8502197667652182,0.43395308930028564,-0.29801185293279286,0.49907587942938003,-0.8539804680097574,-0.14710753491791917,0.9085972330128915,0.3944353361982267,-0.13737479288249724,0.6257858561437557,-0.7674104475472804,-0.1395466489949129,0.9968536972133172,0.05275007401941337,-0.059161947593758556,0.006373105644208343,0.013184847712158332,-0.02510191897745535,-0.00710520214894228,0.01715070648415329,-0.06409437412492949,0.0359196102403917,0.09301476789311641,-0.05554153679550658,-0.02743608382577495,-0.011899319552199028,-0.0020830728960571365,-0.07689365260194847,0.163562002432312,-0.007973209747501209,-0.012764048395215943,-0.006124564378667818,0.01145677488575153,-0.03143230531896768,0.061804888326403906,0.03364989343612601,0.009011865067054814,0.007117468055262699,0.008417657027537717,-0.02478872143527555,0.058607672335415806,0.0678778281120328,0.01046873943601978,0.012845092677168046,0.008950715644029827,-0.007316727777517351,0.03205262188506977,0.06811008738973992
C,0.3091270010236898,-0.9507650959298841,-0.022050614493429932,0.7144311540134829,-0.6927408326535602,-0.09847976923924542,0.7327929543423707,-0.6276590979144692,-0.26278992155593645,0.7564273640774486,-0.5893853310328258,-0.2836240018724958,0.4543250470932149,-0.8556606736986079,-0.24785794937704234,0.7762000786532498,0.48544209924542864,-0.4023175439610859,0.5036586501859676,-0.8331024097288299,-0.22862270009092708,0.7649454322495357,0.5391743018785848,-0.3523486311514658,0.49194327964687007,-0.8490501045949924,-0.19262847530288407,0.8675016108609692,0.4548768612212422,-0.20131566327321385,0.6442704839460192,-0.741285645188697,-0.18817846782546552,0.977456043907373,0.16669258643039253,-0.1295888261313218,0.025422332121800173,0.02514123957837322,-0.01670743294360473,-0.02636008263323969,-0.010273228280236468,-0.0038518298293089698,-0.09824634476445898,-0.12139459110228351,-0.015191670041724795,-0.020220028512005606,0.008040959330902764,0.0036819083010825454,-0.05952423771113896,0.08821471560338595,0.02434711506628713,0.019864049694506003,0.023143611450589407,0.033558707578013616,-0.07133797832794714,0.11188330483558973,0.03328506230927493,0.006803756405225347,0.011592455672055468,0.04210090014298297,-0.027159265964186996,0.06710361728030606,0.023680970137231264,0.032420983989998764,0.03278689461587392,0.03899002169739525,-0.005461297118208919,0.1206046046682697,0.01719496199038463
C,0.3250867960535424,-0.945682804206691,-0.0016151964003748753,0.7425160298832788,-0.6589277261315382,-0.12035030993518303,0.7503974415473355,-0.5910949470692951,-0.29582164097367947,0.7825213908299244,-0.522915400827326,-0.33796413488889265,0.5151243031334037,-0.8205856778338219,-0.24756029095016904,0.7916638723384034,0.45949187897474897,-0.40266055976519344,0.5328613079183429,-0.8143675140442596,-0.22992254911801444,0.7866524617513659,0.5132470628338984,-0.34315500420785344,0.5193989188843493,-0.8324189356876145,-0.19314108462589807,0.8664005769837474,0.4731569571098556,-0.15960117211590902,0.6786220148589397,-0.7065650482458128,-0.20059410147405943,0.9824439173549232,0.15141627633825494,-0.10898192745666611,0.012125080839943292,0.028730814798828996,-0.04230595878899267,0.0016446921751121502,0.03148185912198098,-0.05346713751079808,0.010134231722623233,0.06138763848230666,-0.0747755511094519,0.0448394610103362,0.02999270414159294,-0.020137759666181764,-0.0004960013446990152,-0.031032511993872747,-0.020778433897162617,0.013242862702522673,0.013652603961377241,-0.02173526712014241,0.005747234471977614,-0.03100953076787949,-0.011241791149442692,0.011495844207626615,0.011548877184184847,-0.02094802741606906,-0.017060828907074443,0.013197804165420324,0.02127907306424977,0.018391735883067917,0.02963830521969113,-0.03285105174164897,-0.010971921582302369,-0.020358601815330668,0.00017148058160063387
C,0.3594336248939339,-0.9320834745348223,0.04503183090548021,0.697434735065019,-0.7162935825683957,0.02254537416233728,0.7488672254499656,-0.6488582908493942,-0.1348361859549335,0.7955818196634006,-0.5883763874855998,-0.14443958899992662,0.5126542310491468,-0.8405135943310522,-0.1752784559839094,0.8662416397011522,0.37543332058273854,-0.32965928387363513,0.48877367646610936,-0.8529802555392703,-0.18309827102942358,0.8518355342820929,0.44190360883490776,-0.28124264085132283,0.5121470312777209,-0.8418812798515531,-0.1701215124225273,0.8692945569384078,0.4738683338866074,-0.1406263681419235,0.6310627518106151,-0.7572726345087926,-0.1682199759283266,0.9742752839883486,0.2128460671054075,-0.0740555381263491,-0.07942812365865132,-0.07096518610872626,0.09624865679166524,-0.03587704493776128,-0.07136267345196778,0.11433842771289089,-0.02128640000691534,-0.07906031633014254,0.14687751858311093,-0.036816900924648455,-0.03352724616909908,0.02563480766040456,0.04023093852235732,-0.09765788806387915,0.02635424858570322,-0.07843446029262496,-0.052212071166879426,0.00017725078273576889,0.030836243690335496,-0.08494278367085939,0.015265336050675524,-0.0415987164470199,-0.023061673835807373,-0.023627455102484304,-0.03145284888573102,-0.01288795289511696,-0.02767222333186957,-0.08190609188871606,-0.0643069159348485,-0.014272901760122261,-0.04251546220696606,0.04783046109528383,-0.011720637975538073
H,-0.41731748951443026,-0.6963554215181162,-0.5838966003220948,-0.6799586120386001,-0.6443804242298535,-0.34990020689318596,-0.9247479690411083,0.14921121562752743,-0.3501102781771779,-0.8005217775758089,0.3734288634141589,-0.46873848529438733,-0.8473125163211465,-0.45000880748242106,-0.28205242929954744,-0.8406229289510484,-0.494770317307983,-0.22035295421826873,-0.79933965148265,-0.5162415474041651,-0.30749111580881316,-0.8200839499223747,-0.5326339461108484,-0.20919702323432335,-0.9711423698573939,0.038903921776939396,-0.23530614598462704,-0.012360309097641216,0.848866168657607,0.5284632915043069,-0.9624118444296305,0.19509130095621277,-0.18895191449881915,0.560848433454281,0.2722805921974888,0.7818646390549093,0.0,0.0,0.0,0.0,0.0,0.0,0.0,0.0,0.0,0.0,0.0,0.0,0.0,0.0,0.0,0.0,0.0,0.0,0.0,0.0,0.0,0.0,0.0,0.0,0.0,0.0,0.0,0.0,0.0,0.0,0.0,0.0,0.0
H,-0.482052316045773,-0.7731741643492066,-0.4121010509302451,-0.6730121589081773,-0.7055305872272172,-0.22199374867002988,-0.9303534737935233,0.2741172421369396,-0.2435203304932927,-0.7461588341850938,0.5526291679520592,-0.3712788667513362,-0.8990889234483044,-0.3628222650420987,-0.2449471610823246,-0.8721860021157598,-0.44726468997916485,-0.19810571625061538,-0.8528196525973335,-0.44752003926410633,-0.26911791950893177,-0.8650399456199096,-0.44451914058893494,-0.23261260957217786,-0.9654785511891364,0.10420684237745259,-0.2387301849273502,0.470739866490192,0.8244943134572404,0.31402723635613183,-0.9641855126927941,0.18081524799266155,-0.19404160174221913,0.7934274431780087,0.3072849868633205,0.5254034918616516,0.07168127966176546,0.015668579833726715,-0.04388909116869358,0.05912932177892777,0.20172476934050254,-0.06520560170796447,0.11909776992205784,0.25601904736899067,-0.07433593084879853,0.012958419404184796,0.16400528527141273,-0.1346902811746268,0.03317175336663131,0.12432437015990849,-0.1495483114241963,0.011254825416659175,0.1455402509711491,-0.13342235309196826,0.01977883083380777,0.16493354835300378,-0.19521113572970417,0.07039864519960021,0.14212166343160354,-0.17521958833457282,0.547835002119176,0.052446887630723804,-0.38623160454002475,0.06296115826817911,0.06254268986753914,-0.17688523663524963,0.2973138362550704,0.11182313749692208,-0.4282566965851074
H,-0.5244165627372949,-0.790506035132271,-0.31636604929457535,-0.7581066239390406,-0.6264194871194778,-0.18130905354317067,-0.9118166113354279,0.34353200119080507,-0.2248915993331406,-0.6739447953038857,0.6607902854548808,-0.330385549822114,-0.9086767828002258,-0.35384747823185086,-0.22158173785037272,-0.8805768097411588,-0.43556680950749277,-0.18672449384466555,-0.8610981252332028,-0.44678359883944746,-0.2426817556552927,-0.857722493025782,-0.4687941811850168,-0.21105482852734458,-0.9793995357890123,0.054989780102130355,-0.1943004719000618,0.6098230057858126,0.7138138234287509,0.3443627841338039,-0.9754685230718732,0.1490352896205912,-0.16201741555673896,0.8289210553867359,0.2914100100180599,0.4774621346220182,-0.042730218339341375,0.09644297089080378,-0.05505030650881057,0.06090110914961727,0.08674662983692988,-0.07710627047551769,0.11457828557272992,0.12549298828588606,-0.05484168470644757,0.03277638733960048,0.026306657593312244,-0.07236957840371791,0.03397343906612288,0.029029751254736502,-0.08435377922971996,0.03408577405565255,0.018068311207723287,-0.06929883778203072,0.04968169928564953,-0.006943169813017458,-0.0741772205908365,0.028443262091645993,-0.03188519149225782,-0.05130528860838138,0.1814473859871425,-0.09334861924542515,-0.06539945385799772,0.031081236312442806,-0.014448087589005926,-0.06371081545018961,0.07785785890024904,0.0014568939378037937,-0.14367635887530317
H,-0.5378258320642164,-0.7951160168901298,-0.2802389945193353,-0.7757441057571328,-0.6078397817239544,-0.16956379960605333,-0.9306706072446234,0.2948287578277145,-0.21662923248880972,-0.7546594895079352,0.57165133295569,-0.3220307569559238,-0.8938121287494765,-0.3849266398199949,-0.2300681648060359,-0.8728560088149354,-0.44475635654714624,-0.2007838917507302,-0.8435391497920888,-0.4751979401534974,-0.2502571086740859,-0.8760766458423613,-0.4373725796005037,-0.2029653596631672,-0.9776992304557917,0.02130944043536837,-0.208926117358468,0.629019249018969,0.7082978020254282,0.3203888387718267,-0.9753889891219628,0.09685070629393826,-0.19808144938383504,0.8162682754380198,0.3932404513190447,0.42316432973471996,-0.004228212491170669,0.02318968715338221,-0.02438180083812269,-0.005444726582273907,-0.044093261605231804,-0.027864687930909154,-0.06730542487712787,-0.08452897074133203,-0.027772261909049856,0.028273923377670873,-0.026469179830285294,-0.04461348173090321,0.02113007025314495,-0.004579565281794706,-0.05018645268130467,0.030968244768035613,-0.0238043595561912,-0.04370240779403323,-0.004944883489657825,0.03603158334237189,-0.028037585911062646,0.015109574660142178,-0.02907035790890322,-0.050752700233646225,0.03260551256007793,-0.0009060396454638742,-0.0601010001372172,0.013488803276831884,-0.047574601568794186,-0.07219108860233611,0.0007564893782054938,0.1064404230588436,-0.09042485966253827
H,-0.5194500980970999,-0.8206840699750935,-0.23801103519801195,-0.6925876262377605,-0.7122509033639182,-0.11410973069649588,-0.9605978864539969,0.2057420529596272,-0.18687404363386567,-0.7427458550184671,0.6122904003730881,-0.27097797044012584,-0.9030488733076474,-0.3741964885763969,-0.21090215825088843,-0.8778823790796737,-0.4369154613698377,-0.19602910018003475,-0.8528808493121387,-0.47612210550848244,-0.21424751462449818,-0.8613635901698631,-0.4714699624854695,-0.18912651850979084,-0.9839399834227739,-0.018336687931131225,-0.1775552727961283,0.6476709051129828,0.7001425757072959,0.30053747245906487,-0.9819297413490591,0.06643914495360558,-0.17719995223476695,0.8452523516215823,0.35096352107907913,0.40295541806750773,0.06478074555225577,-0.07884306855500012,0.013226109588234086,-0.048303013176490106,-0.06351865178312363,-0.012472770466379318,-0.006462099477648531,0.06620712050236177,0.00882482719447461,-0.027612478525287476,0.03629820432856168,-0.023061952766175897,-0.023402104231854848,0.0334089482622722,-0.03747316775062792,-0.027717433487166487,0.024643887729978664,-0.0062183652717356375,-0.0036626782946183045,-0.00852932980000215,-0.02838911816794701,-0.02461648693409879,-0.014078075281535915,-0.010857114758983655,0.00027592212689719897,0.017412826766831313,-0.06207932563408522,-0.024916486194212828,-0.004843508255369,-0.021346462172255276,0.01060834221644591,-0.01670887715500191,-0.06243687098853559
H,-0.5434110479482207,-0.8075776364450233,-0.22917852011409434,-0.6982576119157854,-0.7110284027125933,-0.08291512490277511,-0.9705914407512705,0.16705698931138654,-0.1733326785767422,-0.7825567975382806,0.5662181516495822,-0.25884718149742586,-0.9006850966569773,-0.37988506357341506,-0.21084044947266128,-0.8564527868140608,-0.4544547920850728,-0.2448662204334073,-0.8335927018020813,-0.5147161438783509,-0.20047568115187187,-0.8377408500175426,-0.49840104717488454,-0.22312925488797655,-0.9566779485671091,-0.268106351658948,-0.11351778242000886,0.621997304737481,0.6687507986027109,0.4072980754527887,-0.925793615105076,-0.3724382893533838,-0.06477578910518543,0.7981140344371486,0.19652113444264566,0.5695554685470359,0.018290964173095947,-0.01188393287874523,0.022362090709803162,0.013967395553847295,-0.051791497178310775,0.004708849973205864,-0.01584999266869258,-0.05917868225357603,0.003298273858782369,0.026324726501790963,-0.018795008527088264,-0.008770806305690465,0.04539054211673377,-0.030645764245305185,-0.057669635337290165,0.04324909736117821,-0.05170047189993854,0.004939318388708702,0.047583690003441315,-0.040037518219485146,-0.04283525146210332,0.05122298470678566,-0.26287609725788685,0.05520497529220182,-0.0017126505243808543,-0.04449821063465509,0.0979280879098062,0.08009707609510397,-0.4519838678370595,0.10359164804566391,-0.02317736733331288,-0.1675488201665036,0.15776753539561053
H,-0.5730373794365112,-0.7984411552425471,-0.1847156825596648,-0.7541171708579075,-0.6555595688202834,-0.03935663026009311,-0.9823704717408948,0.14953505475566445,-0.11219413376283215,-0.8309639164004686,0.5319478273860705,-0.16288179327240418,-0.8674441299910206,-0.4726406717914389,-0.1554074538516691,-0.8419839709884036,-0.523203321601882,-0.13161032202436437,-0.8192381092852417,-0.5531228580233105,-0.15134075533995148,-0.8324053539602267,-0.5386600438137528,-0.1301794296227924,-0.9624830508093287,-0.2574752175706088,-0.08563229088220596,0.6216926755262054,0.6488130476625378,0.43879362618424367,-0.92994961050422,-0.36742501764937313,-0.0138772593982927,0.7737009446129018,0.2867763214582999,0.5649302521160902,-0.02623322745383161,0.0463323526898336,-0.0009043429117475341,0.01784730049866623,-0.02665841575819833,0.01667570725948052,-0.018780787373897545,-0.04340680546598796,0.051502550670592145,0.06286729815424719,-0.1018920894205001,0.010970158066562652,0.0440951473139477,-0.07788501071928544,0.0687930608546134,0.043980924005130206,-0.047543195347435896,0.004672088257490853,0.034961827545606394,-0.04939547784134446,0.04848698771075463,0.023821229246070885,0.0014946528858629238,-0.016577346016626637,0.029321702277014916,-0.02907423214264937,-0.012967286822974544,0.025470336089146506,-0.004123209498465563,0.006435692152463195,0.0052132416640437995,0.08111870581317801,-0.049088053985375246
H,-0.567152046024827,-0.8060576255045747,-0.16914390635130622,-0.6689595098281582,-0.7426062198757394,-0.03208077948453464,-0.9916039389292512,-0.0254505949193327,-0.12678286760538976,-0.8143849702250541,0.5514881100991688,-0.18065985910208465,-0.8539464504012779,-0.4958694908935995,-0.15776218763690006,-0.838109491819672,-0.5255858757135241,-0.14605467117562265,-0.8063317004058612,-0.5756861499958643,-0.13570057340900063,-0.8245330347389306,-0.55426825173157,-0.11371886275653005,-0.9662591227165098,-0.24732140661047708,-0.07194045870951873,0.640810460968109,0.6047264739537873,0.47293534950694827,-0.9461741756595031,-0.32362844843109184,-0.004365395874823888,0.7712187101616886,0.237707006834305,0.5905227175972292,0.07927232761806513,-0.07943018079342834,-0.008295925432800118,-0.015118800600040672,-0.16736917941296953,-0.030160510050916203,0.010693612763730376,0.027156752975125875,-0.03334984203803906,0.0076123461780585044,-0.015612348840132961,-0.01792650999358955,-0.0020108542429525533,0.005233916150385487,-0.03001612535961687,0.007021075467696258,-0.014946821710526192,6.840572259225741e-05,0.0019869858096119852,-0.007991737655789644,0.0008887906579037458,-0.00966140531886528,0.017770281222159345,-0.0018799440356713631,0.013232452030219388,-0.03647010344672286,0.018569947114346008,-0.022109898566967323,0.0514130394803089,-0.0060599126848897775,-0.008367567862897385,-0.04145284436196728,0.010020689272780436
H,-0.5650847253046308,-0.8026952051456894,-0.19068209371493094,-0.6526031802287089,-0.7557411159776953,-0.05444680685001675,-0.983427945981808,0.09972043227014596,-0.15141106448954586,-0.7539628965341563,0.6251446184778011,-0.20182704634926854,-0.8502240772418793,-0.4976718376593543,-0.17158601481168587,-0.8453762367159458,-0.5075663006324865,-0.16647963496547447,-0.8140404537213368,-0.5645724981431495,-0.13636727630030396,-0.8111141434461221,-0.5747450977693628,-0.10845238075648385,-0.9468661989007842,-0.30866878776845125,-0.09037688220300201,0.6887333229560223,0.5696777831461348,0.4484569469187212,-0.8883434452488952,-0.4585312016970172,-0.024393858932373405,0.793451702408736,0.08961513569363687,0.601999604152104,0.014289008879253107,-0.016497316460841294,-0.0008278400018573856,0.006108672227246981,0.1218086068305933,-0.0030900095205313727,0.058354752970701584,0.07029408801974701,0.0003710001164408394,0.0016550524392023869,-0.005164767124640146,0.00771436018883892,-0.009334065616469989,0.014657154722152232,0.0011132235737729146,-0.009776074035671822,0.007751231493829502,0.0208714844723214,0.011351570572612268,-0.023839266396678105,0.02680466936367093,0.01732560309552944,-0.06470980151685951,0.0031017638701414524,0.04585554126771707,-0.03841111116653784,-0.0029402152246023605,0.055763409690411714,-0.13826517362481072,0.0015097243060752108,0.020165671526851114,-0.15145429149955347,0.033015073918499505
H,-0.5273694945997229,-0.8302584332730583,-0.18042269852931372,-0.6860049097328283,-0.726786924003448,-0.03432245504127412,-0.9940559128931882,-0.023854825157484418,-0.10622518231942933,-0.8871510549400994,0.436274188677107,-0.1504255231428527,-0.8452295673847187,-0.510260406879178,-0.15881213930344548,-0.8080156333307502,-0.5644083124149429,-0.16897926846220762,-0.7770718663526998,-0.6160073509435597,-0.12920626187081607,-0.7692487533360466,-0.6268602530449712,-0.12370359187724894,-0.9176585122199215,-0.3918132883422225,-0.06622085795861182,0.7113229164002606,0.5516905459046363,0.4354965558569578,-0.8842201383213427,-0.4670649746019602,-0.0022486633931354744,0.7806962706664011,0.2858802576189367,0.5556849928433409,-0.07111696020902736,0.0565174201016162,0.009864956623125413,-0.048343197616288025,-0.09601202930026148,0.03492648698449931,-0.170903389110851,-0.16130720167332524,0.04114212802079861,-0.03272072084774724,0.014974658907545235,0.002514480322623164,-0.00035462731971236394,-0.029278783655087515,-0.012759028682350376,-0.0007466433362708358,-0.02387162467304138,-0.0030983807561293375,0.004150159405167608,-0.024551927148239505,-0.025510606306382314,-0.008507544024045188,-0.055581272446402374,0.013896629058772966,-0.015125637260669622,0.009575990885870356,-0.023219786247380608,-0.033591923777355426,0.019029455222425884,0.011885800353620711,-0.05047066244724274,0.2238283500526687,-0.05657400649438024
H,-0.5284084280597633,-0.8351727317932225,-0.15254848810937457,-0.6241051977955718,-0.7809064957356703,-0.026033574521871435,-0.992408504678642,-0.03824595362569619,-0.11688715443864225,-0.8435644437726341,0.5112007177926857,-0.16453830961453775,-0.8416480618156486,-0.5176962460113087,-0.15368518766543712,-0.810374892161292,-0.5616191606725396,-0.16696242846834247,-0.7774412452832167,-0.6165718681512139,-0.12419436998915633,-0.7684121496981839,-0.6258778323501609,-0.13349047594821037,-0.9298428670285143,-0.3645235378549354,-0.05014811049196307,0.6960417969979023,0.6011369010981771,0.39263245277232434,-0.8912056148748052,-0.45070375692934345,0.051172995861056655,0.7790900960765075,0.300694691963951,0.55009210539709,0.06293864539729688,-0.04920527321205803,-0.019585329900536467,0.00268634167458659,-0.009476829948047542,-0.03853618253915207,0.044625544627505676,0.07984082763574296,-0.04198699689162419,0.004620439029110468,-0.002521540611966522,-0.02274725878193079,-0.0013203253705014184,0.007703450262567579,-0.025857370426074,0.0006695545295234417,0.00434978131251007,-0.0228623185382794,0.0018755370979030017,0.005896719214974477,-0.037661094490900576,-0.011145421348552453,0.03220404900745133,-0.011801462953290397,-0.014242185942317964,0.05436065371370502,-0.0707383135045726,-0.00594654309342213,0.021275516192781008,0.02554744883425298,-0.0005672411298532909,0.01972873286517851,-0.03346709786619012
H,-0.5284314583754812,-0.841322931215101,-0.11373618250492049,-0.6488971614853143,-0.7608591614792659,0.005080374924186054,-0.9948551380308023,-0.034305037998566844,-0.09532270821598672,-0.8459772702078833,0.5162529557861449,-0.13343666637655005,-0.8454349952151855,-0.5179890682161574,-0.13010378193602273,-0.8119544381268994,-0.5646884597597895,-0.14784090712704565,-0.7801750547406209,-0.6166816858945129,-0.10502657874448101,-0.7777536052005771,-0.6155053249770789,-0.12748538944665574,-0.9472795093469673,-0.318213841031042,-0.03743638000180619,0.670829310715627,0.6477037149902832,0.3612034516343703,-0.9099984429995521,-0.4108414637705876,0.05578642653219494,0.7634254645167522,0.3881395199534784,0.5162647316810092,-0.024768933374024527,0.026197533678282925,-0.007698356158396598,-0.002423603036442401,0.0100911150490079,-0.017247859381798555,-0.0023897961195312734,0.011202437415337774,-0.007710662366466392,-0.00376390308381902,0.0058573772170298355,-0.0152308998750397,-0.0015565156498894561,0.0030809003346286,-0.019690784263157263,-0.0027107791416862703,0.006040381678579565,-0.019644514359778778,-0.00931842518667525,0.016522706794960595,-0.032807219102899465,-0.017413612002735057,0.052459896245771964,-0.02610057511429721,-0.025189455966557306,0.052717013313984706,-0.07024130674240814,-0.018769797809028987,0.04601249258063439,-0.034198874933315804,-0.01564160124403735,0.09359502741140596,-0.07263967932053489
H,-0.5237828005364997,-0.846996826525473,-0.09081824551222732,-0.6381912055872785,-0.7695899954196819,0.02105288723644101,-0.997984461341319,-0.0191883677193271,-0.060488192777972856,-0.8408676735868331,0.5338965520412291,-0.08885959281447507,-0.843425368355117,-0.5274886156412463,-0.10192844737322625,-0.8037739423388179,-0.585498109405625,-0.10554341997279214,-0.7641044181964181,-0.640038847146453,-0.08058977749164492,-0.7688417000292183,-0.6298608822726953,-0.11026200287879534,-0.9251090259681541,-0.3758874541251221,-0.05368344161459421,0.6953510621630229,0.6861965223860859,0.21359127560365856,-0.8275573099405025,-0.5613612821808425,0.004733881316605285,0.8132701012776934,0.4610733072395636,0.3549692208050458,0.006057298059054306,-0.0030569386300439705,-0.006945424680438211,-0.0077779811494982365,0.020790565589611735,0.011916578445320701,0.0004609387820686539,0.02331749156545615,0.021659136569381815,-0.0026390309789130484,-0.00382565211471686,0.005257397570103323,0.0035318379490999474,-0.015135754335463436,0.019379550161560344,0.011421978705221325,-0.017683265941568105,0.0015188642601429297,0.004263247332377373,-0.008681661985244449,-0.005694550424832759,0.017521825539831615,-0.0519997177837081,-0.03916499860548118,0.019873093608414383,0.04416670270617462,-0.17053011302340487,0.07779247522006816,-0.14484592309988287,-0.07397048220828281,0.0451959789219597,0.07860768259645717,-0.18421344786865657
H,-0.5348336544819652,-0.8403747960529262,-0.08788153499153642,-0.6200684300846958,-0.7840312628571207,0.028462622419049247,-0.9900276967849608,-0.1300763922427027,-0.054085966569787605,-0.867008367239481,0.4909383422004248,-0.08529967933250193,-0.8433222870971682,-0.5269019754059696,-0.10574416484368564,-0.8104644596565648,-0.5736826684867075,-0.11847174984595683,-0.7642009990312596,-0.641033011900432,-0.07122858087513328,-0.7628366681699507,-0.6397737690181939,-0.09364690155911924,-0.9177073748834439,-0.3971227016336187,-0.010331211533699291,0.7029516839605325,0.6381882491255998,0.31396606296708734,-0.8176236673891676,-0.5666854170406297,0.10178004047245862,0.8449638837390694,0.3087211704578146,0.4367233381532814,0.029173629448048133,-0.021063297909985623,0.004473024661917336,0.019007618501823642,-0.11751005499592244,0.0034655156874943485,-0.015089839707182473,-0.04958024031335112,0.0006232029612822376,0.011153935203414345,-0.006035390237270177,-0.006752427991150292,0.0043603366277186195,0.005193410446370672,-0.015865040393855598,0.010954273110623913,-0.007616195226525901,0.006424486095820733,0.01705588580473305,-0.016534917218045453,0.013678390798985196,0.018452505030175703,-0.027857277981043427,0.04041551956020401,0.0186514757429751,-0.0546303037330329,0.09743807684273788,0.020984496496800342,-0.011946165332334058,0.09410944863516243,0.04274463640684145,-0.1589741672542958,0.07881740682754472
H,-0.5314231890338637,-0.8448705188016827,-0.061507728106750315,-0.6072503001826168,-0.791882722360031,0.06456645379597559,-0.9749855194166833,-0.2218361199163167,-0.013855425949920765,-0.8981823887669471,0.4379934779321163,-0.03781679253756686,-0.8517790798687568,-0.5160681737528054,-0.09025541057121442,-0.8116664184198197,-0.5731678850778217,-0.11258863497244874,-0.7738013140457268,-0.6311745054540174,-0.05338792041260743,-0.7653543977388153,-0.6375003260973786,-0.08846456967391633,-0.9318162938248219,-0.3610385410850072,0.037007653448749345,0.7029902513145891,0.6113426553849108,0.36340729803290533,-0.8464269876361507,-0.49972388995554656,0.18394941807162218,0.8096816848856672,0.3034330451970233,0.5023384877183595,0.009407664453977449,-0.003355736754153793,0.009730024492140235,0.01163171192017598,-0.08726400492485745,0.013856733735080735,-0.0345844869755676,-0.048449141519551986,0.021109079910148966,-0.011867258219690147,0.015329524401920702,-0.010885052612314886,-0.004612424211356436,0.005010506157642314,-0.02049069201127801,-0.01301078046256876,0.014354229195171153,-0.008533146422260253,-0.005928195016966176,0.006769165669571864,-0.021191474999583196,-0.01751938438947953,0.040579883297368,0.020965058097662533,-0.003371898094044923,-0.02234987099193242,0.023067428181031885,-0.032213785695084596,0.07145724983383966,0.05579557071437746,-0.038692664301503754,-0.0007924025120347733,0.03924134268029203
H,-0.5115184349994457,-0.8525536911449325,-0.10724315535673565,-0.5895378741589099,-0.8073932729669417,0.023689611645676144,-0.9735066495153859,-0.22073563648299555,-0.059670613670167426,-0.905191266602598,0.40947064759852986,-0.11385323720309866,-0.8385541004918117,-0.5321972246737371,-0.11658959901269285,-0.8248678094965324,-0.5471166888577531,-0.1423250702782922,-0.7623789442497494,-0.6432276083071451,-0.070968931766706,-0.7631806521365974,-0.6409739618911201,-0.08190038084135301,-0.893957527917584,-0.44777188311722976,-0.01844665197622135,0.7310329737186134,0.5910701414782555,0.34092063473629164,-0.7531011619760607,-0.6499563617415169,0.1019576758367791,0.7864455014695593,0.33105148674124846,0.5214483544366618,-0.002192328010711009,-0.007827378263660978,0.00485858509968589,-0.018425884133120518,0.00878365577657092,-7.976047026132804e-05,-0.026913631870068788,-0.020839657990336657,-0.030301017415546472,-0.006679774657472826,-0.008445878577681865,0.0194012388085069,-0.033106145111130636,0.03373436856331835,0.01599899194414188,-0.008482384238440499,-0.004369930509877884,0.028154415895886763,-0.01773100843219999,0.004209536549508286,0.052299616082548656,0.017954011872819975,-0.07905016968897277,-0.00971887817498536,0.008137968369606341,-0.01258934156340552,0.023248763953371637,0.07342107162567202,-0.1425492994427206,-0.03625631498485775,-0.04314093745052583,0.035301613887474936,0.06484529396828762
H,-0.5348379263280985,-0.8373811029194399,-0.11287728307538962,-0.60177303782046,-0.7986309652589141,0.007602123515859318,-0.9837140144121373,-0.16627011379355172,-0.06827142233933908,-0.870295926581057,0.4799092140664235,-0.11077972030370556,-0.845382648947532,-0.5237272624909012,-0.1050615599648155,-0.826609614391341,-0.5459407486686036,-0.1366208049272262,-0.7748173004044255,-0.6292474370908759,-0.060875396578274434,-0.7685859942586294,-0.6329874945437998,-0.09274913034976254,-0.8770416825491645,-0.4802004219189649,0.01433324318424046,0.8028561557793439,0.4699514163088954,0.36683464863133775,-0.7325750817560204,-0.663722484397569,0.15101726158051898,0.8076045991902449,0.19199592012353228,0.5575951739592822,0.011084327667102656,-0.00641028051746495,-0.010453360411162856,0.013112126431901294,0.03929293446395121,-0.0029666809505176847,0.058214831350193674,0.05526597824240104,0.008707644618047072,0.0164909428729324,-0.006702626042656701,0.017162166766531317,0.021577686433844168,-0.013996648036343151,0.011338393069719968,0.010881135173976597,-0.0011924170092234565,0.015727662907085542,0.01791414920662071,-0.007186120878172275,-0.005214621789755555,0.040235336697072244,-0.04760112702722774,0.038414022879115786,0.0951426733893832,-0.13629131339485273,0.03154814161370008,0.04384557154869306,-0.02893871088154465,0.05469371346239385,0.044478589049338324,-0.1542281548432088,0.041780947241274305
H,-0.5218371270817038,-0.8433217234582895,-0.1284308512097236,-0.5961548016578433,-0.8028335757691014,-0.00759618839261443,-0.993931706965556,-0.08031874634677384,-0.07515757362913308,-0.8732347013430976,0.4742999572516753,-0.11180656027841217,-0.8519457224462114,-0.5088950128618774,-0.12334647092605691,-0.8118812281441158,-0.5634972363281857,-0.15270800908170806,-0.7756012223201592,-0.6254184107822445,-0.08540816934044936,-0.7531645271633824,-0.6463893849379121,-0.12216365278734209,-0.8621518659350809,-0.5063944556075499,0.016087740506097663,0.7867136312793085,0.4483885438403685,0.42429868737958437,-0.7016815274361592,-0.6958784833737267,0.1529580675621283,0.8098505749872568,0.1608377418036077,0.5641571297115066,-0.007382563083777938,0.0017380100286622513,0.0003552562258602454,-0.02321849179981328,0.09189198798562746,0.00866741684453999,-0.015939574008435153,0.0003313637241013634,0.014526728159627383,-0.019563872745073985,0.020772870167873325,-0.0027313428269074153,0.0017275870008305327,-0.011615867120732482,-0.0005336360201478735,-0.013784721162128255,0.00976964684748105,-0.00897920462784093,0.0024206678488523092,-0.007461269855262742,-0.013860954303245562,0.0018890173676889832,-0.020253413149735444,0.017308065456191193,-0.029143323746430028,-0.015622251929677311,0.07301760688258062,0.01789275507346655,-0.026215378437308146,0.017494374115943304,-0.010754823449382722,-0.025217557781075012,0.022115523886558394
H,-0.5079921799573899,-0.8473891441411164,-0.15451725953408896,-0.6061253289199167,-0.7951401505048511,-0.019084724175259363,-0.980124545925482,-0.18179686809243112,-0.07940889891032782,-0.9499377107994031,0.28895357117569104,-0.11884519050430346,-0.8218960832422584,-0.5520549465198202,-0.140435623593279,-0.7985019505808422,-0.5844877054014366,-0.14411369523106987,-0.7467742438983941,-0.6581184556402088,-0.09596002811446297,-0.7403442234901945,-0.6671928590368326,-0.08212258882279724,-0.8374171822512099,-0.5395989813927743,-0.08697932024524158,0.7317491686825971,0.611088612024265,0.30185072865008183,-0.6671552755057241,-0.7446689961145078,-0.019285346527681605,0.8168926578501243,0.28965465031303156,0.4987850931038289,-0.023815474386387314,0.01176084594707727,0.014597872541720413,-3.778608423998797e-05,-0.09741070106283033,0.02183508304317061,-0.09054795658061954,-0.1812789653931573,0.01904777809847405,0.016204692079639038,-0.039092512975115845,0.008997255657143266,-0.0004656695610403272,-0.01692304839042391,0.03468072217500354,0.014982031297451126,-0.028632624175137344,0.015534549550351731,-0.0010246434511259617,-0.01673605341609352,0.0661274722889102,0.01088973655955705,-0.02913710510239742,-0.0769806524269739,-0.06880940972102534,0.16676748886672343,-0.09636155040513719,0.02068130480612118,-0.044723092057954106,-0.14615700576544455,-0.006802864261446384,0.13288432919225082,-0.03928562828331231
H,-0.49761328325098353,-0.8558361249404706,-0.1411578817461352,-0.5856037133262453,-0.8105748345692212,-0.0060604044083130675,-0.9860425638570182,-0.14221958496013054,-0.08656588193997952,-0.9310676608872779,0.343758074804757,-0.12224318736199548,-0.8201127904537148,-0.553698598095776,-0.14433597403625187,-0.7728295685884087,-0.61291868200172,-0.1645148843379488,-0.7585421121840586,-0.6424948631865648,-0.10869321424184786,-0.7287692163872788,-0.6727806316054578,-0.12752117856588807,-0.8737406172336466,-0.48540790449765125,-0.030927334954136625,0.7115944932732906,0.558360379504183,0.4264586307522377,-0.7950807099637992,-0.6008884785944417,0.08233893936600145,0.7618885726169753,0.2724196125546776,0.5876336933934502,0.010142718887265034,-0.006987703265015965,-0.0003350580210074675,-0.016296914637942472,0.04802426393165471,-0.020516360817605467,0.008491153205718915,0.0632514844284201,-0.01675737464564578,-0.008595603917862737,0.0068033292233983245,-0.01725972823092664,0.015293485286027142,-0.019983995800929244,-0.0337605668948327,-0.02214676499207091,0.024070573252998106,-0.02609256391533865,0.0011961103965093534,0.002859208230728938,-0.05875796753104459,-0.04670233168884308,0.06263805769447717,0.04269260750315119,-0.030533572115712837,-0.04428125172072783,0.11124852431420212,-0.1383043311644815,0.15222749831942017,0.08826490810572929,-0.06538298193955538,-0.008788056958999813,0.07548922250166751
H,-0.4799798544544119,-0.8681895912729181,-0.12596099762738053,-0.5672309290069327,-0.8234984192008988,0.009971296382759638,-0.9803184198966334,-0.18418665895959097,-0.07107088203104968,-0.9375330765132476,0.3317261401303889,-0.10483080843816159,-0.807473388033059,-0.5732038684447025,-0.13937020061132596,-0.7654371139908794,-0.6228375078319563,-0.16180069024262933,-0.7542238403597282,-0.6497139551078442,-0.09496407305473611,-0.7318975772566746,-0.6715833011458155,-0.1153334558048919,-0.8920111614052942,-0.450676040867991,-0.034744699105487706,0.6832625785994311,0.6253729854924356,0.37690964129607296,-0.8392024603020024,-0.539923301908963,0.06497737051303891,0.7443741073194848,0.3572338331465168,0.5641730025513156,0.0007393555227409032,-0.000570118299230149,0.0008348166723180367,-0.011909284836186862,-0.02961360766701293,0.00029811579017517686,-0.024098844422541343,0.0003215316580794103,0.002215494805079224,-0.004994026375915894,-0.007151804016478969,-0.01023111069382876,-0.010240974199042407,0.002434640502211094,-0.012482690023435189,-0.013315156972241227,0.005134374411168041,-0.0014677429316429236,-0.02076178966596748,0.013550796792089703,-0.0030091613577584997,-0.03590397296821929,0.047085329962107736,-0.019014248270105748,-0.045965343470431186,0.07936607232070003,-0.06474587357491943,-0.06175517913477485,0.07331864301792623,-0.03255845297171721,-0.035147894094062104,0.09716768692428668,-0.0386575749608892
H,-0.4627132729681093,-0.8757166175195714,-0.13790153305609215,-0.5449794688857668,-0.8384348470126243,0.004938198852300719,-0.9688277807196013,-0.23389699605440373,-0.08163900135755305,-0.9470814690683194,0.299348997544543,-0.11587436565725458,-0.7933508229967233,-0.5899260913567017,-0.15027201465018722,-0.7439971054560873,-0.6461514204689814,-0.17016653284027758,-0.7462897294814059,-0.6559195712665201,-0.1132305422583252,-0.7173478120338387,-0.6830338937690564,-0.13739292752156435,-0.8979027696215525,-0.43897206123958377,-0.03277416294913431,0.6524245879767802,0.6287651863705058,0.42307977665186486,-0.8749399978587911,-0.4757291923665791,0.09034232494850387,0.7193862907439044,0.3663264934678803,0.5901595249364817,0.00498487863486341,-0.007409401565072082,0.0069074378982527055,-0.0057759423092704765,-0.042183310848159405,0.001372416102208257,-0.02681497404137434,-0.02485011633919254,0.0008969782096186346,-0.003144016449966869,-0.00919519666534585,0.0010387213898503667,0.004173427048489553,-0.015786886390371735,0.003574692831063375,-0.009332470607980259,0.0013214100879774815,-0.00632593377487746,-0.002716816263466648,-0.003923566376587528,-0.010118936287960817,-0.023158189702560783,0.019231005875060603,0.013911071585065021,-0.04810457210895347,0.010919227124723596,0.05811067078450352,-0.053004119043091213,0.07172113578903722,0.03730548986417659,-0.042254398061883025,0.016619686568016878,0.0379270578138777
H,-0.40210381677821366,-0.8991914729431065,-0.17253178118479914,-0.4792270256714193,-0.877578361545656,-0.014059772863266264,-0.9385084362907292,-0.33314010559404195,-0.09066192726784972,-0.9549112940408694,0.25793947011238083,-0.14700901425197188,-0.7538742316924334,-0.6300120161530977,-0.1864363223539135,-0.6994029679219173,-0.6870334773129243,-0.19702915904333848,-0.6899199300107571,-0.7076281663141298,-0.15255447686926193,-0.6740037557814824,-0.7226530072676521,-0.15326959346026361,-0.8682029778831485,-0.48810306277346427,-0.08932518853042952,0.574082991834069,0.7162157319670034,0.39681701547415255,-0.8747354483385432,-0.4842108900870289,0.019434745717270104,0.667439782197316,0.47787721823230717,0.5711020061556004,0.005142987024451817,-0.015668659109496663,0.01563227641314001,-0.030290111761023586,-0.0757682541161031,0.02560732221841032,-0.06843928116244569,-0.017934672008627084,0.003495599533989688,-0.02113286488560573,-0.01661106937286083,-0.0015340595750192865,-0.016015318655725586,-0.017407201420407747,0.00776762192564609,-0.004239656719246865,-0.028233739624074605,-0.004693686482229745,-0.017265399937539394,-0.01614425807506059,0.018753582190007723,-0.03090966445149168,-0.02565614611034539,-0.02192077745258822,-0.13895105233260685,0.11092540102003268,0.00836748695099468,-0.06040490666964782,0.014993157703085347,-0.036277331102526775,-0.112555964736484,0.13502558018796196,0.015572729347825637
H,-0.38385632238545686,-0.9085328441013784,-0.16499210573167664,-0.4530023545552752,-0.89118082990233,-0.02419907398994578,-0.937416574371253,-0.32507876022358156,-0.12479569602179473,-0.9569394039953205,0.22813757865250173,-0.1794999228068203,-0.7258461192196874,-0.6668324060694243,-0.16876597236819307,-0.6697787863204258,-0.7211568746907879,-0.1770003940146824,-0.6696697271919299,-0.7289934030271185,-0.1418135213074813,-0.6609351245125683,-0.736412294286325,-0.14443577814899947,-0.872956862103738,-0.4837776177575367,-0.06249426743980748,0.5138448650333061,0.7333179299158881,0.445205871864669,-0.8600352709667771,-0.5079353517318218,0.048383996880918385,0.6222126897740613,0.47981962526013455,0.6185664846234007,0.00797717672338727,-0.004261097198402175,-0.017678976579802025,-0.017155632473280613,0.01740271652873221,-0.04167344420706752,-0.02027560434720793,-0.020460520301607277,-0.04003058400797094,0.009780618079989145,-0.027479018758054807,0.010130674532597916,0.011376687208734693,-0.024782026219591802,0.012489089575533574,0.0020027084260704764,-0.012023865554716795,0.003201280108658139,-0.005178863123842692,-0.004417915860401078,0.0012941398581416408,-0.023001378613346335,0.013666816174199403,0.01929124563749953,-0.0784856211935197,0.026443569107156506,0.040849180937393925,-0.0035473170209907035,-0.014383090486521088,0.021409575710525774,-0.06347458681601154,0.011283778186099214,0.03992480301467782
H,-0.38146753001085254,-0.9027535842266451,-0.19879257962349844,-0.432659806175153,-0.9002061592260122,-0.04933926440504017,-0.9306107471938612,-0.33523091799562194,-0.14691449495232267,-0.9533887610192467,0.21695872012877596,-0.2097111921721612,-0.7183274212563342,-0.6720878452715444,-0.17973214545394348,-0.6704683666903151,-0.7189807806654921,-0.18313603223085514,-0.6664157064850337,-0.7293383139329196,-0.15477638702185678,-0.6546226578924025,-0.7419722877139525,-0.14472836639170072,-0.8544687279300486,-0.5150667046868402,-0.0677457209913964,0.49501852715041217,0.7176829641400613,0.4897834427182816,-0.8346121020899356,-0.5494516342945575,0.03905816964552493,0.6361166955753538,0.4196475422451193,0.6474963242350674,0.017953756005517907,-0.01480458919841543,0.00866028347672742,0.004417034802787545,-0.015931417646773638,0.011681674961293867,0.0011618506014694496,-0.016958118398459038,0.003589204526480927,0.005129905588748929,-0.011034699076853394,0.022834300806071406,-0.0030783727444936293,-0.0036031658494374286,0.027664835675649063,0.0008652283322918564,-0.006124170780534399,0.020837608177446315,0.003923674245561504,-0.011339253302360741,0.03350788564912055,0.01609934179908512,-0.03706834680403681,0.028549020340232885,-0.021215130257498216,-0.02141422565056006,0.07837804474543444,0.023034376502237164,-0.04729554243746892,0.024474646656428352,0.011515213426688153,-0.06595134288974852,0.06273031350348854
H,-0.3691287409148707,-0.9122197089991394,-0.17776156824276654,-0.4008745779473442,-0.9157351495665719,-0.026994603235217313,-0.9077887156377279,-0.40208583390236086,-0.11935924738304825,-0.9686482224243642,0.18280736183720508,-0.1682322491445701,-0.7153340952854874,-0.6779361316670501,-0.16940995691637936,-0.6617691122677901,-0.7301250064239414,-0.1702325381433896,-0.6593434457213966,-0.7357374929643729,-0.15477907491238957,-0.6527063008962564,-0.7425164300896756,-0.15047868891377755,-0.8497184973664605,-0.524157722893413,-0.05689601712313879,0.5021627036779482,0.7091154859634239,0.49496246989212256,-0.8265076484298124,-0.5580975063355442,0.07356820311159368,0.6099809943413641,0.4702089610821059,0.6378296947151388,0.01944643913182692,-0.006062865568065345,0.001313649789090949,0.01048324246015142,-0.05738879113424461,0.006524236188542518,-0.02759825050109932,-0.02468523351907656,0.02044793164685918,-0.009345463125135067,0.0036178383769885913,-0.010708822843167792,-0.003639534673456901,-0.001678100985955,-0.008127517293266356,-0.005266528332344755,0.0030669457410410494,-0.021033699271264694,-0.010422432099835732,0.008921982396771222,-0.026781333902808735,-0.007588558532393819,0.0003751065659215458,-0.010181307512474293,-0.005194612568445778,0.0008986465958569223,-0.015851984206890962,-0.004234335435858605,0.0008202527315075425,0.013479022085336842,-0.03847449032997152,0.06002754360948093,-0.03069764090066049
H,-0.3613434907611888,-0.913868038482681,-0.18513802938439064,-0.3825212434506818,-0.9234419914277341,-0.03053500903757912,-0.8901956164051088,-0.44162776434297785,-0.11187797948904593,-0.981034007633511,0.09546268111586656,-0.16869840657428453,-0.718188004961633,-0.6758572148677553,-0.16559895724439236,-0.6741313889067115,-0.7211411335664557,-0.15969450826248072,-0.6583235486101944,-0.7382509716529658,-0.1469544425961082,-0.6523231421825719,-0.7463827350775178,-0.13186102893296364,-0.8390163546386804,-0.5405380466282057,-0.06221074502193312,0.4809090297434186,0.7196161611644234,0.5008783142662719,-0.8144610269438325,-0.5771082141040882,0.05999453977811405,0.5939639040718541,0.4673651995960313,0.6548103930652622,0.010568084342980566,-0.006058512377620562,0.0038360553392622967,0.009807849078937225,-0.037893600957075335,0.014857729035626419,-0.02017103536282866,-0.08569635123779687,0.006910303711909677,-0.010639159829827494,0.003727246282836494,0.011187460813611105,-0.020147526792603287,0.010632202341027353,0.01791449102253298,-0.00676535304247966,-0.0008651492050513188,0.015201093457905462,-0.007402091439997427,-0.0022179755043005844,0.025994121122438013,0.002916892574098273,-0.014731994251251046,0.0020617332428297733,-0.029038924088211515,0.012149004684541165,0.013292305515773484,0.004261371332298036,-0.01736237828500231,-0.006197202191855523,-0.023802340423191903,-0.00119543200253297,0.024357159491747493
H,-0.40401385309556326,-0.9029357550773995,-0.1465599833163306,-0.4468933533552851,-0.8943466082601892,-0.020747891949882663,-0.9308841157041038,-0.34737140135461625,-0.11308347647078588,-0.9297086716023653,0.32132364991862317,-0.17998027100307287,-0.7054878449246857,-0.693899924479171,-0.14418666884051187,-0.6861121102133756,-0.7137798436906341,-0.1406005226146854,-0.6520394174002505,-0.749600673368322,-0.113769190214663,-0.6605105825792242,-0.743842380398102,-0.10209938013787896,-0.8134196472426284,-0.5773372558699071,-0.07092369466041078,0.6197282014246631,0.6803388504972677,0.3912492873642185,-0.7448267074700474,-0.6667423801205166,0.02622545310488905,0.7022108186623267,0.4265232238556651,0.5700683342068343,-0.021701747570228858,0.01816309976226338,-0.02879092898036358,0.0019818630353794497,0.08332407958308008,-0.03978354304979999,0.09399569836552019,0.2149286853974751,-0.049859910496848375,0.05537052237132173,-0.02897499301669726,-0.01716575766417955,0.03068964102771038,-0.003570993529459887,-0.01948406042026471,0.0489544935443183,-0.022281985120637726,-0.005392793686614827,0.03448292193772212,-0.008391928725865694,-0.008816397272975354,0.06826706973042646,-0.047731492646982954,-0.04729099570653769,0.18148953401561896,-0.05020959407243719,-0.14820707297011348,0.1123046818081595,-0.10056644942170989,-0.07234713274128504,0.15091727692484708,-0.051774259145647705,-0.12332010492648793
H,-0.40157918189757796,-0.8999375415913231,-0.16984281527647208,-0.45012405012839046,-0.8926180189359233,-0.02492813203836034,-0.9506023617304852,-0.2895132687308923,-0.11196971510715685,-0.9215640077427459,0.3485394416395904,-0.17099718493206467,-0.724146113130932,-0.6694842830285506,-0.16553912412209662,-0.6932531732375495,-0.6980426138689837,-0.17926669244180635,-0.6673127879731412,-0.7339684458676249,-0.12642770059673217,-0.647854511470001,-0.7513085466605193,-0.12577758020738364,-0.8077747094003226,-0.5868288014396095,-0.05596406574022251,0.6508047391284593,0.6142953661719343,0.44619994915690814,-0.7443214109770881,-0.6653606341404197,0.05727882416159856,0.6994816334379503,0.3603887311070855,0.6171267349369994,-0.005665367971090685,-0.0012696241618105342,0.019102591871663792,-0.022152917224366686,0.05485991913764754,0.024396593323770505,0.005709992661634022,0.02421757823489079,0.03226591803114967,-0.02109293940423157,0.021417427964544045,0.0019303766785567222,-0.009575734222159238,0.01273901633557395,-0.015383337866979485,-0.017708041770875982,0.01263401401462072,0.010624321578072304,0.010221399911237994,-0.01046437974849368,-0.0003953681093632061,0.003210266644320503,-0.01248975905577876,0.03824246088032974,0.028641866505810853,-0.0690416978114099,0.07823349375283112,-0.0019293747050260213,-0.0016164675059795464,0.05433620301685098,-0.005163856422361668,-0.069132706234656,0.07034123269030657
H,-0.4257550800509509,-0.8942112435277465,-0.13827097945472666,-0.5059548500813641,-0.8623889173387594,-0.017176871962810453,-0.9337854823009057,-0.342750267197769,-0.10279556109055796,-0.9483762333260456,0.2720703815059483,-0.16297308848245395,-0.7321693216879741,-0.669441593322778,-0.1256026970587495,-0.7139305147540378,-0.6895532140817286,-0.12173571806414182,-0.6845819312801792,-0.7223550930133528,-0.09772767756562345,-0.6871533223077084,-0.7196085015692562,-0.09991954819117581,-0.8351947650834552,-0.5473715984078673,-0.053235680080267196,0.6579200540826255,0.6620142803563009,0.3589962326268118,-0.7738567974351576,-0.6319345987111007,0.042477288228436966,0.7138768990225447,0.4599509967718934,0.5280386857139325,-0.031654901799600677,0.024502803533587247,-0.023820575746195526,0.04099277758295239,-0.058963296530453346,-0.02239768180514652,-0.0026363274299266992,-0.08219535819721868,-0.023547739372134696,0.01615268959633087,-0.005683608357804015,0.008364591241601715,0.0034985566368846976,0.0027631017236784405,0.02595913855591911,0.0069067548463349615,0.005887054790695512,-0.0028718127906366964,-0.015122912684334522,0.02597374702768651,-0.0057138038055375845,-0.003244157529759706,0.033730904968165554,-0.028843450161790102,0.03129121310753924,0.04199261612079008,-0.11877555235184176,-0.005359488304696458,0.027699737365742383,-0.04637337175490701,0.03857116373796732,0.09383596760123125,-0.12065988504481232
H,-0.4234916680856132,-0.8941155809907578,-0.1456438632130595,-0.48773411577167514,-0.8728563782737845,-0.01540049412175777,-0.9537932335843361,-0.28582419801816106,-0.09264445690925657,-0.9251069071991261,0.35108706988528043,-0.14462046747205531,-0.7486120264003154,-0.6466115831384178,-0.14653837203968983,-0.7299717800023119,-0.663598437598974,-0.16364080791922644,-0.6856770000486542,-0.7209189746238127,-0.10061254211890543,-0.6790110799244711,-0.7262697860785435,-0.10712679949121176,-0.8121864967061703,-0.5810759552590502,-0.05199835370413449,0.6660125731117248,0.6480301530483333,0.3694376445318658,-0.7161388162189282,-0.6964359344424687,0.04606718052798286,0.7379081296905141,0.3834616883113238,0.555381603705125,0.015957322344351266,-0.010563123472013713,0.009149261599385521,-0.022271163248768044,0.05683040664261929,0.017523987939634222,0.021005914161581762,0.07892102584234345,0.025725504768731478,-0.01870611667767902,0.022734347647371478,-0.013562791222607506,-0.018304677213611786,0.02585911394576601,-0.03453220609675178,-0.0033584807338126743,0.001340455852551381,0.004488019205050861,0.005878830417899661,-0.006756947046276052,0.00016563245829688544,0.020744856411947288,-0.033800019388171565,0.008610210134465543,0.005829107063761552,-0.01407978984495628,0.017814295663386825,0.055454569250891705,-0.06459699826835663,0.01096277605787873,0.021767818702631725,-0.07658497099755823,0.03471580174952532
H,-0.45360142132483483,-0.8796331302668575,-0.1431478491246704,-0.555054226423469,-0.8315276224902728,-0.02183160015021491,-0.9640426174296098,-0.2488500268054616,-0.09324964310059328,-0.9673723981029421,0.21270690311103005,-0.1376459834411378,-0.7631400428684295,-0.6358770292371637,-0.11522881002288726,-0.7315761211900786,-0.6700818661791815,-0.12564502187633433,-0.703316664986673,-0.7058215669385894,-0.08462614487484468,-0.6789315564130369,-0.726548578924786,-0.10573128283032103,-0.791691563320792,-0.6109129912068654,0.0031282169619239906,0.6998756576731208,0.5995297374698626,0.3882501225832832,-0.6552608631130258,-0.7427116479043023,0.1378862188169953,0.7884648962202274,0.3592830097577642,0.4992382460587612,-0.03721035741257228,0.026846305059611386,-0.008927120116846233,0.019860369393947863,0.02249172048879916,-0.0031012002797257965,-0.012155737664594324,-0.1528626174981507,0.004478469942528429,0.015581736771107524,-0.0037478968226462017,0.02881354792841348,0.028505412051454848,-0.02096587930410787,0.03549977195450302,0.012470088301202775,0.0006149569613229655,0.01349038315567165,0.030189276750655747,-0.014761243570142746,-0.001100497427498362,0.050604686624599826,-0.04431948667171548,0.052630556577669386,0.06397283780061758,-0.06298286630237104,0.0163164639630283,0.09098770634512399,-0.06075816418573399,0.08932302420062335,0.08066651976893491,-0.038661129277459905,-0.05863937173475289
H,-0.44856923309127106,-0.8848992903420049,-0.12545472918995496,-0.527872394003364,-0.8493228598853985,0.0011896744281069624,-0.9810499340212746,-0.18453030003412904,-0.059072796837184006,-0.9329729998222189,0.34939777107157993,-0.08650190271284026,-0.7771285319415645,-0.6185395042792547,-0.11610394691104312,-0.7271656728926532,-0.6718240407575335,-0.14100546949247977,-0.7007298128061973,-0.7093864997726519,-0.07581901730368865,-0.660519986479033,-0.7428857889230245,-0.10878442939112982,-0.7784070471467438,-0.6275443881188192,0.0164471849525674,0.6837192541529644,0.610271523637947,0.4001207929327501,-0.6075482303478335,-0.7804689616144815,0.14749016156214992,0.7923964261471822,0.3011889887726883,0.5304649817577581,0.022149644186541195,-0.012529077319978321,0.00532815464360642,-0.02203950482522854,0.0695858868464799,0.01648372632869382,0.029367210047159364,0.14195702803569724,0.03345096079358208,-0.019020677306698763,0.02260368503305632,-0.018568256822871304,-0.0006217399361383436,0.0035239854967953343,-0.03305356755086089,-0.002445336053088054,0.0017012272410849016,-0.008885992363559414,0.013379381700440174,-0.011071049923091159,-0.020746266495524246,0.008252327940484472,-0.011365236836806458,-0.0043741519440720425,-0.02118859175372012,0.016007946243231763,-0.005822449585248524,0.04268044453162856,-0.032491153635031855,-0.008089177189560842,-0.0011006583066089926,-0.05282786090992858,0.01353361576428147
H,-0.427161912681697,-0.8954636672341603,-0.12520990782547248,-0.5305888113858309,-0.8474379931130659,-0.018010026670452983,-0.9727236594604286,-0.21945372379378658,-0.07515813621260595,-0.9659180558459948,0.24205070927445296,-0.0917265693811122,-0.7539867872657791,-0.6491756250081413,-0.10037396337655362,-0.7243370683248458,-0.6834526996312126,-0.09070952991486288,-0.6840434468887757,-0.72517061113592,-0.07881717778047578,-0.650799193931152,-0.7533898960657402,-0.09414920968662463,-0.7505860926265018,-0.6605251715346677,-0.0180835650461468,0.7454613280891997,0.584598804484626,0.32020563099144966,-0.4293172212416936,-0.8971559559145884,0.10391301319994417,0.8278531928095727,0.3536979314767808,0.43538128625842765,-0.02412373779204091,0.012449243664487963,-0.019444522463042423,-0.013081045848728046,-0.02435904686750215,-0.01633016073990442,-0.05435237643334989,-0.09678268490497158,-0.005469488032754419,0.0017344242662113984,-0.02007174383673116,0.015485162170007019,-0.018578715841766624,-0.0010642819815236404,0.05005111821313442,-0.004720954492152485,-0.00521973447111268,-0.0032429818412696154,-0.011686527861693108,6.0269749439623155e-05,0.014390398340022717,0.006413634110667976,-0.022416406523693144,-0.03477557136319668,0.04033475352666127,-0.015108342261165641,-0.08015998330578292,0.15682368869656582,-0.10612261740795148,-0.043821969726688226,0.014049446252816455,0.0630733195962479,-0.09532851686381297
H,-0.42897368468370983,-0.8953054572187318,-0.12004047702020601,-0.4986997668024922,-0.8663964769721465,0.025606391416848017,-0.9523421252281904,-0.30458240941902676,-0.016553923654352213,-0.9716994833844887,0.23565180500058538,-0.01638111077686466,-0.7491597059620462,-0.6567064621265407,-0.08658150821106689,-0.7155718379987837,-0.690604192278501,-0.10498949600032316,-0.6679753259244059,-0.7423837727404637,-0.0517232822606926,-0.6353335154927084,-0.7658419266421214,-0.09918400823096458,-0.7062425543556499,-0.7044811732122916,0.0701977991580941,0.7428343926367975,0.5106230433284207,0.43296786571054185,-0.4412544366112422,-0.8631053102309422,0.24564963997947248,0.7817568700948455,0.3120352299826187,0.5398983342345159,0.03370081658535157,-0.019116693874509094,0.038446987282034537,0.02219330623425103,-0.08528689564066866,0.05343478175298727,-0.003969655536481154,-0.006557114289296062,0.07017602779898108,0.006638853305745707,-0.007689047133827898,0.008623024360220263,0.010577002328074958,-0.00730970266271691,-0.01944939689072675,0.01787989296638265,-0.017371371619972265,0.021924464714516714,0.01727745044045642,-0.012610240591809596,-0.010204229349606422,0.046155310272864736,-0.04411421169305241,0.08311193339897444,-0.0008151634503894001,-0.07413397117163378,0.10759280391382572,-0.010125443367535791,0.03389243566821776,0.13656719597426184,-0.044284550712714366,-0.04182091150959061,0.09934761717082183
H,-0.4698546358507781,-0.875014322325806,-0.1165613868064523,-0.493687636438228,-0.8693664301080789,0.021783659682679476,-0.9072902558820521,-0.4200101739380265,0.020392287023018756,-0.9959107324554164,0.0723749140671271,0.05407110868007153,-0.6843900130333802,-0.7286244587010344,-0.026771407187414647,-0.6841526816234226,-0.726754811896962,0.0613396414408419,-0.6077478279965368,-0.7935762551948794,-0.029653073303850724,-0.536810638903475,-0.8436824089695969,0.005859245284237711,-0.43889083888622404,-0.8946982891106416,0.08300483723396665,0.8746560978509996,0.2643652428858874,0.406309892626242,0.06843154521203584,-0.9600709210056159,0.27125808791503647,0.8023851810130695,0.2617892125417733,0.5363249290191364,0.045893081531332425,-0.02326108802885818,-0.007301821947922255,0.0859328205132065,-0.1357188994119255,0.03346712046361726,0.016669702096140604,-0.18356802582638407,0.06697312924318248,0.10565064409573421,-0.09220913146741949,0.056331010809898524,0.07230010754242933,-0.05644175451138678,0.16285004722741137,0.10110844909493732,-0.07148361734734143,0.018591118743088164,0.13940382775630167,-0.09813161722040131,0.10156416330144859,0.30823266663649407,-0.21050825079127577,0.009327947862118838,0.17270265638127036,-0.26654893533545904,-0.03013706329805356,0.5505669329903463,-0.11725674566759947,0.02212935772181028,0.06150926208529228,-0.07053715233377117,-0.007052495429133235
H,-0.46088194900021917,-0.8811939100898853,-0.10528590554418214,-0.4800844977393757,-0.8759903785185783,0.04647291440408308,-0.8845041461160476,-0.46434622105218304,0.045111001962701514,-0.9952946995906476,-0.0399707553290148,0.08826550676901138,-0.687531979373505,-0.726037171103886,-0.013030867746120816,-0.6823484214775081,-0.7273267135261321,0.07346076162434488,-0.6017045214246309,-0.7986612701278163,-0.009583553358697667,-0.5454278126784241,-0.8374256061187432,0.03502649530691832,-0.4430352591903566,-0.8835980241880951,0.15157272434388763,0.8281981724241867,0.24695326694536013,0.5030923087647542,0.007955052185773373,-0.9307376956479564,0.3656009560226199,0.734812035339088,0.20297644726279737,0.6471876347531679,0.00463045184829336,-0.0004443606464200611,0.013413773459133447,0.013813422915445683,-0.03815645935007722,0.013443233677412604,-0.008356653985790163,-0.10616608163206255,0.022918916826669695,-0.012114653190683666,0.008766875361227777,0.002465058179023677,-0.007168426704644404,0.005607686134909251,0.0008456389212328289,-0.0029293802786530265,0.0010945728311424485,0.008794038682882904,-0.01758986062550799,0.012436390614933068,0.017891768760410456,-0.013117107154691443,0.017279852686625907,0.05729240584765083,-0.05543061227737184,-0.01123238817644795,0.08550693487624203,-0.06944917987682138,0.03551281312173882,0.08306738684531326,-0.07654583252454045,-0.05263317751489657,0.0995872244717613
H,-0.4660704217013801,-0.8808992313656794,-0.08243122099333992,-0.47680479541420845,-0.8767500511590473,0.06298043237881829,-0.8817443483512155,-0.46605032548192266,0.07296573352529392,-0.9912221215997625,-0.025830800007057963,0.12965907381383282,-0.6822934732066568,-0.7309119428422899,0.015599622755254009,-0.6816240122542937,-0.7237249154139251,0.10775413090673201,-0.5874253522358026,-0.8091097082700806,0.016520760689157952,-0.5402345192460839,-0.8395492170577925,0.057478485997807326,-0.4241643026004659,-0.8890938113156114,0.17203731885768433,0.8403969761712862,0.23831729746474425,0.4867625583087295,0.013411036322457236,-0.9306963633215908,0.3655467458543754,0.749432584466508,0.19085668758864843,0.6339751778599375,0.008468175026328184,-0.0010543513646749103,-0.006347166576107011,0.007948270465992946,-0.0019987831539455825,0.005000047011750192,0.009261050692046024,0.01384527659775087,0.018538882493979225,0.010426978868009085,-0.005169450462609859,0.005775805950532606,0.0059128819243752795,0.0033071193880009897,0.011438684731544912,0.01946764188998923,-0.010743116866470226,0.0032496294970133996,0.010381766133501114,-0.002418289663255302,-0.0004026938599532154,0.024059429291051593,-0.005790465851722271,-0.002390090037045517,0.01738727644826038,-0.00893064820482184,-0.03918443500686691,0.01064445683784477,-0.0002533463978403594,-0.022908894719086692,0.019809021828580853,-0.012414438398354904,-0.03606714144407258
H,-0.4682317972108147,-0.8808040245940219,-0.07030828073352433,-0.4756549717674576,-0.876822458595191,0.07024759025036896,-0.8825072855424008,-0.4636881400485927,0.07857607614828,-0.9907370755803206,-0.016423237607633243,0.1347973454376515,-0.6788970054036941,-0.7339925006523688,0.018811300858237873,-0.6790863431846856,-0.7274728173897254,0.09810728035730336,-0.582064490619869,-0.8127265740612988,0.02600854809513183,-0.5351608380734897,-0.8431192989516483,0.052466419048391666,-0.4045711001609059,-0.8943663806745554,0.19086907039562598,0.8435460982695916,0.23380216626099443,0.4834940818105376,0.023222201366163903,-0.9251381686331405,0.3789196462336418,0.7521221499192309,0.17851745546753964,0.6343845755488299,0.003311199156185496,-0.0001676142078013143,-0.004855782388264923,0.0013984383182493731,0.002266978661672414,-0.0065125976368295285,0.002646421528876508,0.00931235562776719,-0.006984668635996907,0.0055578433123972815,-0.0031757645817364066,-0.008911262156831735,0.004699044579042688,-0.0038431087474577463,-0.021769790809244252,0.0075222371253682585,-0.0037120725628757567,-0.0026351528538417213,0.00723505668202884,-0.0036652886655133,-0.017135007209231258,0.021754577948994602,-0.005367776130601576,0.006708811278126045,0.00531049760774005,-0.004610337975407358,-0.015391416758007495,0.011972540553141293,0.005462987916792783,0.0012499601194508186,0.004850940962157546,-0.012434438892766325,-0.011713542570923233
H,-0.45995083394206204,-0.886006410484829,-0.05863336026350961,-0.4752986197699997,-0.8764088247909977,0.07745188101780051,-0.8900332633563258,-0.44680639426083446,0.09058055070996689,-0.988123690102794,-0.018242247995516124,0.1525738950335461,-0.655182716398562,-0.7548156245964234,0.031448068266788164,-0.6421748518436958,-0.7589251813218163,0.10790750119975703,-0.5713233162985732,-0.8200052287126813,0.034367035622287406,-0.5180128797748689,-0.8541834716382817,0.04509160861313529,-0.36493281609959927,-0.9116904623520591,0.18879761807264644,0.8953561546703609,0.09276321283993,0.4355827620986837,0.07960556287915878,-0.9213780065330379,0.3804280791896117,0.7886210361640624,0.14350317215444416,0.5978994070085137,-0.00792461127129479,0.005616019695000474,-0.004470629702583162,-0.015806941082677717,0.022084131678565377,0.00032955409167217953,-0.005667577791226008,0.003383375502924245,0.006101629125879873,0.01543332573637951,-0.015620738053247485,0.000961846938535578,0.02863052807223715,-0.026249978041283817,-0.0018746996275610384,0.002460211052543071,-0.002076268760575428,-0.0033164329428591356,0.008866995029868152,-0.005861786795826274,-0.019049730905271088,0.03135732079255399,-0.01212169578669653,-0.013746372792994246,0.04352909313201664,-0.1358365675302573,-0.05958624018186863,0.048102398244242214,0.008962547990909675,-0.01016648751404485,0.02821792297607889,-0.029811897422288347,-0.04816008901033085
H,-0.46231258428887345,-0.8851117950192969,-0.05333089841603198,-0.4991431476184827,-0.8637692648305069,0.06898387724446428,-0.9026204475626559,-0.42302461544256387,0.07953931337056945,-0.9905336747337589,0.005079971520778683,0.13717592029136957,-0.6618606485231984,-0.7489539032287434,0.031757405040107295,-0.679678102870707,-0.7213034733550014,0.13326280727977816,-0.5682936603729672,-0.8221453642198867,0.0334561753887731,-0.5331652558622815,-0.843811637627386,0.060964991149815066,-0.3764101213348896,-0.9140844011261899,0.15088117236563509,0.8928948323225436,0.2628153388214897,0.36560486333177017,0.09427745513969527,-0.9397115143456787,0.3287157301659507,0.8031110611474703,0.2238250501605772,0.5521910632953048,-0.0214827775016716,0.011744944494958776,-0.013770465620813861,-0.010225433859518684,0.02288716335273855,-0.016343699186875067,-4.823428415345887e-05,0.022427604050762762,-0.020700436589654155,-0.004316181777825001,0.004967105902147884,-0.0049931250741585,-0.03514150068019972,0.03672709250128281,0.02005284423254349,0.0053914062724174094,-0.003034750972737421,-0.006213322080991936,-0.012790625740601191,0.009477218545363653,0.010570920689202144,-0.009115554888478927,-0.0032885542396628997,-0.04321890755448899,-9.957200100585428e-05,0.16915751051602768,-0.07528036061439114,0.017033642607347896,-0.019228123278172804,-0.05701481087113864,0.01685177533021931,0.07942726254060098,-0.05101080556068661
H,-0.42709865891570836,-0.9018517750839229,-0.06519287791147882,-0.5248767236474069,-0.8502585130244411,0.03955864005030691,-0.9637531801536834,-0.26670534253387534,-0.006933109515222949,-0.9915303456131247,0.12913830874220292,-0.013815605072561726,-0.7440277738752675,-0.6671335311204318,-0.0368174327866217,-0.7355114506677065,-0.677481912171197,-0.006415965830992168,-0.6545338398941731,-0.7560211022714511,-0.004188717422903212,-0.6452817465597839,-0.7634548776878883,-0.027351732876112866,-0.7110828732516093,-0.6991701831511905,0.07431152239435292,0.6478304002846211,0.720171273701125,0.24833265794648668,-0.3561118634402337,-0.8774680657800791,0.3213006913364664,0.6993677709749606,0.576361217492571,0.4227203187593381,-0.060947501402089266,0.030250731870691716,-0.017563257698710533,-0.09634665796419256,0.17305925297331448,-0.07461044339034556,-0.036210596252530924,0.1407983172860502,-0.13912954586848444,-0.11738105072523425,0.09856035217293757,-0.05671285833128215,-0.09104727317016464,0.060561541248430384,-0.12781679361532347,-0.12145410489437097,0.08286424201306153,-0.025782913316229478,-0.1473304160706675,0.0970967400041236,-0.0764547445304811,-0.36988667728988484,0.2316541980396254,-0.06470767047583534,-0.2802783574110876,0.47409591494426123,-0.10541022588983665,-0.48560324395309407,0.07898342863022556,0.0044469406659625385,-0.1389572155456748,0.36927614739661974,-0.11760876504051984
H,-0.40465332960030126,-0.9113138217639329,-0.07591311550321679,-0.4948748874245564,-0.8685901022149546,0.0254966690127773,-0.9581815696295857,-0.28405619883618194,-0.03464326088755254,-0.9675949360561317,0.2457668992154679,-0.05795404186547037,-0.7500707169203259,-0.656666847909602,-0.07862932325218076,-0.729452792384415,-0.6793703277113676,-0.07971562900666634,-0.6619647807205673,-0.7483501639988088,-0.042126727009430744,-0.6529649271825081,-0.7543876146347989,-0.06735080367122674,-0.7895566343232867,-0.6136704708156182,0.002979000674941597,0.613214184406804,0.7506521849564536,0.2459464601542383,-0.6326268831346943,-0.7583015166899515,0.15735957715055351,0.7264478776017325,0.5520586936372524,0.40927335597063813,0.007556506907443417,-0.008869542510503425,-0.0033417334457916392,-0.01687371879130939,-0.007888809622296544,-0.01698991378059162,0.0014900802415859227,0.12609063715327504,-0.03341819920117067,-0.028488272360465472,0.019928729890839936,-0.03109165287382109,-0.016386671032115552,0.007573631139839443,-0.0625794255839362,-0.029876270141801275,0.017132984952652364,-0.027217771994789558,-0.03012850993813132,0.01852930973309952,-0.029278833203375904,-0.10091909038708446,0.09496175901558235,-0.060612284127673347,-0.05706154519322426,0.03994295793533864,0.008334039799489587,-0.2989603490098677,0.12862859577013763,-0.15322087659417488,0.004634777311364746,-0.014840477175308564,-0.002726725196961974
H,-0.3907612466390556,-0.9192846756795415,-0.04713102148109195,-0.476307357271824,-0.8769546722970418,0.06388899862354182,-0.9387124925044255,-0.3445378874781684,-0.010606625675027657,-0.9345733732651125,0.3538487977411586,-0.03692747379669134,-0.7390266945099997,-0.6685595945824346,-0.08287106427091458,-0.6976087487036965,-0.7085635565620996,-0.10620602640213601,-0.6601329268419691,-0.7496821742998538,-0.04691648362888021,-0.648341229758043,-0.7556512009651049,-0.09297802039096811,-0.8504217877297963,-0.5253920528357651,0.027312520416064665,0.5990313972705016,0.7385933372428173,0.309259223410828,-0.7594738237416802,-0.6218564802689648,0.19103410428163312,0.6699902240248912,0.5331758405081576,0.5165623126104881,0.004675447191486715,-0.0003937161664786526,0.00961023558863968,0.00557699416391455,-0.05251083472637785,-0.004745458809599954,0.019129479829773532,0.11605275244129931,-0.007755525953345811,-0.0028480605509194623,-0.003921892757224099,-0.03302383504085865,0.017951960719472804,-0.021222374935123356,-0.05527249141759451,-0.012060229082647478,0.006638843614563572,-0.0335718506415743,-0.009268385536780555,0.006707267585302601,-0.05440931074186621,-0.07475723636775522,0.09624927189546173,-0.004448574281001771,-0.028074870097548055,-0.0040879937980277115,0.03453066923446488,-0.14073902356823154,0.1444158903365953,0.0048924331089547635,-0.07034973653808696,-0.010911999213486179,0.07850686261772516
H,-0.3981180900924942,-0.914185964509275,-0.0759342388870209,-0.4684861123844522,-0.8828687685813885,0.03261134720438542,-0.9453613612617269,-0.31848146509562775,-0.0697241208185321,-0.9223886221628237,0.367052376773077,-0.12029872156346018,-0.7334915600449825,-0.6718759230295487,-0.10282448830881669,-0.7030719740944198,-0.7009819707845303,-0.11964144715779475,-0.6658044659510959,-0.742129169254703,-0.07712787603000905,-0.662576441432033,-0.7399881632360312,-0.11580145737350873,-0.8866687869127741,-0.46238060388691826,-0.004758094555446585,0.533872184652498,0.7911783634932589,0.29835765047087,-0.8613344934014883,-0.48843234855709156,0.13977385792703007,0.6122273753048315,0.6133157272043231,0.49902050027147105,0.015178088340810414,-0.011012807454613194,-0.0024744340132274514,0.0007079746961372035,0.020957711212274133,-0.0303142777375755,0.019541594555727404,0.008104867861651877,-0.05456803036083989,0.01289197791845581,-0.008415039617380549,0.00884979336802684,0.0018936180627153187,0.0024828746073027874,0.015367796650270216,0.0016853043443118554,0.0024542938748843834,-0.0014081749951998929,-0.0068783682205513785,0.010564326558807124,0.005979780423388328,-0.02889015572953918,0.0579127377785803,-0.0032673975655823015,-0.05780236916456499,0.04748631508017509,0.017901644465970923,-0.09450382620636949,0.12832542054160673,-0.0224570289486741,-0.050406005266621035,0.07504117552589906,0.011261405066911867
H,-0.3836696455328394,-0.9189216994557741,-0.09154514386911772,-0.4662891234837475,-0.8844207618356048,0.019348626692531838,-0.9447209588318669,-0.31545460047637996,-0.08939074326844809,-0.9401864962096652,0.3040040465234187,-0.15372342710979411,-0.751758064605846,-0.6470801988086349,-0.1270709589554202,-0.7035570561066605,-0.6955363894601189,-0.14572782760787795,-0.6747363970188617,-0.7321800560463751,-0.09296859720320629,-0.6605732850206412,-0.7404155679594082,-0.12420838071718714,-0.9000189140417055,-0.4356708291982748,-0.0125252925265971,0.5196020372839938,0.7796364440188644,0.34954361388522487,-0.8699043701042509,-0.47935083442894505,0.11614286205273537,0.6158958600039267,0.5657896542414745,0.5482283801330758,-0.012251455658950139,0.003183741692282749,0.0023481844702432364,-0.013808042129794862,0.007762599565746819,-0.004055717467819173,-0.03224631860649635,-0.05831259530315924,-0.01781380056423712,-0.032714949120518366,0.029531459167412843,-0.008635565664506697,-0.014933526571895561,0.010181316270910457,-0.010475475467986384,-0.023380375627420624,0.014684848154826846,-0.00022981619110042095,-0.012445288148263012,0.004308330223122048,0.0072039816384184135,-0.027798571688586293,0.03144550963514248,0.007843707010946301,-0.02871859192815901,-0.006806184527895387,0.0667968683964517,-0.023018321262417485,0.013817249074645543,-0.008020090892197879,-0.01077995986055963,-0.04279033801634957,0.06481878484370161
H,-0.4054245473444183,-0.9118975361233315,-0.06382648370990632,-0.48149040522173825,-0.8749530192876455,0.05122698233196346,-0.9415254443398529,-0.3314515795921366,-0.060577950167699575,-0.9374189639461028,0.33066709113117815,-0.10910985691980556,-0.7709774896964903,-0.6280446033043828,-0.10561101572060906,-0.7200119219208851,-0.6819667220553386,-0.12846876001927404,-0.6952272666545527,-0.7148580734149745,-0.07507984132555341,-0.6782458257278975,-0.7250771691232671,-0.11935534633551836,-0.9235544776935194,-0.38284979459823976,0.021752275934632814,0.47070380145673224,0.8125377137980405,0.34383192834586324,-0.90917063632624,-0.38463805640103355,0.15956916873310814,0.6221730493472098,0.5817144329541623,0.5239360792680839,0.006553620073588173,0.0024435792155167446,0.004159695480220223,0.02495041630359296,-0.02302114244819925,0.0010941329415371168,0.02452243407514132,0.019638881275316822,0.016894910030777158,0.002535476720934682,0.012011432171809444,-0.006258716924400262,0.005300035997354291,0.006545504072337671,-0.010459592570607495,0.0012640321758878859,0.01029781929895801,-0.009829904281558527,0.004082361104322585,0.008314235503698475,-0.022865625777542628,-0.0017806618402349539,0.045796871267592465,0.00655890830201851,-0.02714333401568264,0.025877106446733467,-0.03343034569857303,-0.017511364410410124,0.0876886146954689,0.01570764652116137,0.02803209115486205,0.008900615380245114,-0.0520109610242033
H,-0.4206175327867745,-0.9039071318747739,-0.077671024573433,-0.5196463574009555,-0.8537197773355729,0.03361852206772746,-0.9629960211978954,-0.25953628946194274,-0.072660701960201,-0.9317055799896824,0.3455252806778059,-0.11196871272196082,-0.7911484588078977,-0.6001036071821259,-0.11815149924096975,-0.7352569132038683,-0.6620957958018484,-0.14500492670056533,-0.7171138476667713,-0.6915560038374451,-0.08659112564773876,-0.6935745499854648,-0.7086014785495455,-0.1297624298857652,-0.9501654426974876,-0.31137808995334754,0.015143203112035998,0.48940453366550674,0.799966004107956,0.3471852455090761,-0.9545324748116807,-0.25893033901374607,0.14772553627628143,0.652846753814891,0.5770637039992373,0.4907021474989078,-0.0229629667368611,0.013242837703514976,-0.0037639194007093174,-0.0062775914156863455,0.0639248858816363,0.0017617890710252618,0.020906369398776603,0.006867785298070195,0.010985685061371417,-0.004977983669051278,0.019950591873699408,0.001304057343165993,-5.200584062697855e-05,0.011880522004932614,-0.002691625817764609,-0.006693595569862432,0.01531166532897188,0.0023332565413413386,-0.00013573881521106168,0.008485286325164099,0.0034374573132798514,-0.011417979561612002,0.06348130039633465,0.007235468040929867,0.033893717651130695,-0.020562113938642046,0.017197858026739538,-0.03016885304308453,0.1177173131387299,0.002000908406699975,0.04586668991003734,-0.01264113320348248,-0.01938939090564948
H,-0.4725488442568012,-0.8774735156083464,-0.0820842201491273,-0.5753883267391637,-0.8176667397032819,0.018691608687081654,-0.9726567638687723,-0.21565506631521064,-0.08620737829739018,-0.9261815394733574,0.3558346398220129,-0.1247776624300206,-0.8267056424644933,-0.5480496104321334,-0.12727688408566698,-0.7792308960172613,-0.6084592255546519,-0.1502550549218546,-0.7703584431462195,-0.6284860193154609,-0.10748577858646652,-0.7521822622397376,-0.641969110349001,-0.14865229809734867,-0.974100342720741,-0.22224401268654434,-0.04166678696897748,0.5306530211167091,0.796043404470718,0.2910709009474813,-0.9909968491859621,-0.12052763665858955,0.058295228835561916,0.6768742910070007,0.5701627324820561,0.46557024460586544,-0.0038106578681814662,0.009619421365863579,-0.010513717804951514,0.04227056879914981,0.01744760688030461,-0.009133480761494894,0.057455351986351766,-0.016124257122220487,-0.008395754132365485,0.016374127813431172,0.025620380483564964,-0.0047121892690029366,0.007957328656633789,0.027202953980768996,-0.0008369326455949649,-0.0013132840094214338,0.03663636825555672,-0.01648145736303347,-0.006676400784246139,0.04019875193411704,-0.014476672635889185,0.02799641144677334,0.06270046100037571,-0.052396794505319186,0.09317979892122907,-0.03035621590366555,-0.051701148985900516,0.015466937095745315,0.11196908608872902,-0.08501711186502522,0.07595884866213642,-0.03333458778360876,-0.020718707317348053
H,-0.47539343596309136,-0.8762523668515181,-0.07863123190131674,-0.5830805627393878,-0.8122570452911755,0.015985922881341794,-0.9725609625771726,-0.21290415123280718,-0.09379230490184928,-0.9269022661502099,0.35284017082377256,-0.12789058940616566,-0.8408678275344007,-0.523538608577964,-0.1372902835084361,-0.8077078344284276,-0.5687883093039755,-0.1552028137698055,-0.7835656237402971,-0.609699948344646,-0.11954449498414794,-0.7659762495411002,-0.6266940535909635,-0.14330020353327044,-0.9922155451554232,-0.11176800869216962,-0.054920161916307386,0.5161655616044699,0.7959886869007052,0.31618843011665265,-0.9985571191583407,0.024352507238442008,0.0478605805376112,0.6594355932167661,0.5759697138606057,0.48311860563859854,-0.004847644293933917,0.004188545655278042,-0.0061586740535504135,0.00294039299788984,0.0015297663255751381,-0.011037914852269654,0.0021238650294376216,-0.004215617755068679,-0.0065659152239556096,-0.011317593363617262,0.023289853097341107,-0.013466387670579685,-0.02563234670487624,0.0384497674938481,-0.008400747095761454,-0.010362588887787516,0.017564922213986534,-0.01551170464549198,-0.010949395595072464,0.014053908001209092,0.0018991063162676763,-0.015270610728392087,0.1092548552375464,-0.01670636319514046,-0.011642867805949031,-0.0012758663268410686,0.021664540921360817,-0.00471567826608843,0.14365899514020322,-0.013887636545761271,-0.014594106083944403,0.0045858326217212975,0.014095372784922552
H,-0.4781153259414484,-0.8741692380255884,-0.08505220978707652,-0.5910675876788939,-0.8065834916245002,0.007885292276319336,-0.9717296337281548,-0.21079473696157877,-0.10633483814745316,-0.9271930432357222,0.3468177609457179,-0.1415291534203433,-0.849517526654764,-0.5067271153400813,-0.1467910163650772,-0.8190873530067847,-0.5497588465205414,-0.1638936204272231,-0.7945533874174902,-0.5914016321169843,-0.13758278988579584,-0.778616481568525,-0.6068860081271319,-0.15951723345571597,-0.9934323707870686,-0.08434744386658863,-0.07731515624738182,0.4848342086760936,0.819195871413363,0.30635586228555656,-0.9978529404608362,0.06229064861321886,0.02023324761394508,0.6372517159948538,0.6051588672961472,0.4771718723840061,-0.005265134961149054,0.0035904248407456762,-0.0016796527192626792,0.00355321882737486,2.6285445298757093e-05,-0.0061215553598441,0.0024311128928447556,-0.008105538703984283,-0.007217586128417872,-0.005927809142006246,0.014728364411953021,-0.003079754970881296,-0.008657628600000022,0.016946333957504445,-0.0022698287716578364,-0.008265873698835968,0.016215187401732112,-0.011617317015888112,-0.009918342049067774,0.01772491663790199,-0.009796052036685751,0.0015050643467116598,0.02533743599965134,-0.015974016445314654,-0.02860946295001926,0.02112405568672815,-0.0034115899453363158,0.0034260686758615377,0.03585501254884721,-0.021206355037906337,-0.019461987243555356,0.027106024609611867,0.0004742446311673393
H,-0.5035800142186364,-0.8562763097100058,-0.11488276941722884,-0.6399554736716876,-0.7682085086081994,-0.017682732243974732,-0.9802825016792859,-0.13870702325689307,-0.14073584689272464,-0.9212058212575094,0.33793843652964334,-0.19281454301265227,-0.8564236891731003,-0.48191120858514896,-0.18520273125183057,-0.8148641586390606,-0.5433296156050251,-0.2019636892412878,-0.807549541414364,-0.5592109701476018,-0.18747487572479773,-0.7873726905247843,-0.5816586361023538,-0.20424856734702432,-0.9877011350384912,-0.07375967357442657,-0.13786217174363052,0.5602255341631592,0.7745157772482811,0.29372208235863684,-0.9981003129893247,0.009087800640123158,-0.06093584405042312,0.687103252210214,0.5500595419784124,0.47468265302267604,-0.023423197715605693,0.020482054700718066,0.004262535109858259,0.016911820326056926,0.05419478538910305,-0.0045704491151191545,0.03145191025540078,-0.02677225273165723,-0.02145482996215664,0.018558525758851696,0.006922978439349692,-0.008581155256601053,0.029687882644912122,-0.011463697400066364,-0.008239509183912364,0.012468534280314192,0.014297733653799827,-0.020061526208849573,0.016708479320928726,0.007334443709195448,-0.014900774261156019,0.031195924025765376,-0.007305158023420591,-0.03071645586609638,0.10085601376425363,-0.06257302248066454,0.017196779703232606,0.02521731574869951,-0.07109577628867836,-0.05133853203421587,0.07531622449254821,-0.0729922536333174,0.027341340268822262
H,-0.5149841752455908,-0.8519402224900745,-0.09481116258216123,-0.6362220747623255,-0.7712628557573414,0.019366954178499058,-0.9848466386866065,-0.1427717524120508,-0.09845468491079988,-0.9052495684757703,0.4051909576860082,-0.12784172473776775,-0.8705894556654097,-0.46734836361674675,-0.1538164708636719,-0.8333199898271558,-0.5211511379395412,-0.1843347118119377,-0.8298668886297442,-0.5396029388810106,-0.14194934134036713,-0.7985256572340913,-0.5744824382153824,-0.17979628172176423,-0.9980222124451977,-0.03945278039295483,-0.048940183747692836,0.5537397161233742,0.7467458616916185,0.3684330941080718,-0.9950467085660575,0.08190081408168141,0.05634096577636144,0.6777001880122373,0.4944015815274311,0.5443248399176297,0.015137559936316491,-0.007390434369073273,0.016978079587406172,0.006840024019633795,-0.00840081637508902,0.022209555146857143,0.027360413808693473,0.06291643393643359,0.0449012114398169,-0.002761605465354977,0.010226757748470927,0.011314653553091053,-0.007051670161140833,0.01784239044555269,-0.002442629405717517,-0.01091318618842585,0.01527194404665988,0.025453927549362987,0.0002511943176474185,0.002840110667040152,0.004380678790192466,0.0010830836202478933,0.02997080596154046,0.06885038116087007,0.004918342987169422,-0.03210600277659392,0.054639404914367334,0.014457765450221594,0.06847692622162697,0.09720520299171695,0.0020010968289777553,-0.059994047670912654,0.049570580059886044
H,-0.5273341078329846,-0.8436378103434998,-0.10096525974222649,-0.6527022609176752,-0.7575441512374266,0.010325575960779744,-0.9877898696963537,-0.12053568609561366,-0.09870320006322023,-0.9050777844346422,0.40627768931961816,-0.12558918458207796,-0.8839520192409618,-0.4403096089565554,-0.1573412722090154,-0.8489112141342022,-0.49374023751249835,-0.1886009766101339,-0.8411981346985941,-0.5204012189980468,-0.14686139535273687,-0.8052925072177187,-0.5639575820608951,-0.1829093312409981,-0.9978548010929447,-0.025753597183322673,-0.060187608092355634,0.5645697959285635,0.7448352738527915,0.35564218021744476,-0.9944827815964893,0.09672324661244637,0.04060308698679688,0.6930100565507256,0.4832937907447699,0.5349431496403245,-0.004130253567955933,0.005416292373340181,-0.00288728105765405,0.009406701577646559,0.013933654169862475,0.005905582007644919,0.012521716628521973,-0.007215680512964728,0.008406637315755056,-0.0010126309881582918,0.018736342513616666,0.002629295814721766,-0.0032412917196525948,0.019108488280468128,0.0018878323618690684,0.0010186865185439764,0.010899307736389141,0.0012420431476955207,0.005583082603766387,0.002222444007912605,0.003041047640831407,0.012517343939646874,0.0053967710630574775,-0.005093327184597533,0.02318001239258305,-0.010212999985401705,-0.006636816730561768,0.012913859556962004,0.006520020384190278,-0.0095837816294993,0.027659801125882066,-0.019410202929235842,-0.003227593117239913
H,-0.5547775565291906,-0.8234853704723074,-0.11871692124371855,-0.6690564372301382,-0.7432114359483851,0.0004952539283084491,-0.9918714847371694,-0.06406551277762297,-0.10993892776366108,-0.8716025605323553,0.467379887878536,-0.14786824162100898,-0.9076194222277092,-0.38915571670738613,-0.15743192989034938,-0.8662229769600416,-0.4596668429496096,-0.19586767900606347,-0.862742994929747,-0.4832882256058118,-0.14868428192124597,-0.8270688979434899,-0.5277277281033761,-0.19354710807808584,-0.9948940841664843,-0.06999618310718234,-0.0727069160462626,0.6165202190435494,0.7039187680793312,0.3527055251284995,-0.9997301071424712,0.0003892597686411329,0.023228459908814926,0.7287448102276893,0.38256698928956095,0.567955544274488,0.01108927238374302,-0.005819724582150965,0.007921339469020763,0.02336183365539035,0.03631773344679827,0.006515933801051199,0.06091867259849282,0.040949758687725435,-0.004527395537438958,0.003776045709458553,0.031001452377976857,0.017661003820158075,0.010131685870366613,0.013920954691696352,0.010484959105562477,0.0058985884650529785,0.016960553521042587,0.01592877493298296,0.0056670579704347634,0.01607741408632657,0.00711388466440431,0.030404165622666346,-0.06439502579505207,0.0052323535475850905,0.07939387181119184,-0.061068945644652706,0.014815006412546808,0.022196123150224012,-0.11648642671499765,0.00037703442351010724,0.06317820237316973,-0.12087924132640138,0.05076405613565556
H,-0.5651937201978157,-0.8125602231820955,-0.14248488464120107,-0.679998928937196,-0.7328333773844438,-0.023594440776918187,-0.9902693271651243,-0.03639213927283113,-0.13432152424343252,-0.8621023200946152,0.4728868254684396,-0.18209239409119565,-0.9149371462703847,-0.36218333821758353,-0.17808213804919415,-0.8726423701364252,-0.43716023055431735,-0.2176837767597266,-0.8799577897416297,-0.4472916467361829,-0.16001397136831394,-0.8493363785825081,-0.4896995596521083,-0.19703313755021462,-0.9947279338349375,-0.0541201598084947,-0.08710537268606962,0.6563716848697368,0.6654916152856725,0.35538306274459586,-0.9990407357617246,-0.04193642273092918,0.012607328710112605,0.7436409829124269,0.32481706047065506,0.5843731391501858,-0.0005263280384327773,-0.0005470887262705171,-0.0003217313077441136,0.012018321240670149,0.016748226214579963,-0.0006146330822889151,0.019916404106365193,-0.0054182097003083185,-0.010456189072704153,0.0030984396259495783,0.016047231199590728,0.0031177552386377483,0.003996770492241453,0.011581465105080346,0.0019518656438193838,-0.006798631143257627,0.025071431579417047,0.012438273950414552,-0.0118513169703931,0.027103021161055896,0.02028193392535374,0.010582314000171844,0.004950876008475755,0.009369506757675505,0.05026762949481256,-0.04935230008387059,0.02644550101357887,0.011105535049371729,-0.05325082978978219,0.013146832198780201,0.025312336353362608,-0.06867507610911777,0.04018555827318035
H,-0.5866812300022027,-0.7982472786905698,-0.13640533870124855,-0.6908097609331063,-0.7226646145943402,-0.023188984728928854,-0.9911543658073995,-0.046214402845834585,-0.12440760471343569,-0.8589742023490863,0.48316999243069536,-0.16944048546103938,-0.9282648822674805,-0.33419851889654,-0.16320434527395228,-0.8830413856844336,-0.426219773132609,-0.19640421624624724,-0.8874411312076826,-0.436628909112943,-0.14765986038077464,-0.8600463445905877,-0.4786657227906225,-0.17663354998894967,-0.9940957405177397,-0.050345311294428215,-0.09611976027411846,0.7023592111409948,0.633111139091642,0.325364140746154,-0.9971316273017117,-0.07536990201522584,-0.006920672283498289,0.7693292658155763,0.336526327755891,0.5430308568459079,0.010676677808476809,-0.004144181701422167,-0.005674089891963191,0.02060247116211189,-0.024135208064529214,0.003834373590044307,0.024615627549915975,-0.004029777529269973,0.0065723626902037535,0.00815977380729127,0.01367187482951776,0.008798246835289347,0.0110884942563787,-0.003372487069817409,0.015200014573526849,0.014004168338334178,-0.003650206868285877,0.006274565047586778,0.010777543796307465,-0.003279107630039968,0.014320041621312424,0.022119703121584844,-0.01053809597745927,-0.015093933528001369,0.06747503607564498,-0.046693420685556264,-0.036098467938394385,0.023396618264399982,-0.047746423775822416,-0.02560754693356342,0.04717579270753647,-0.002603677206289845,-0.04742182824423047
H,-0.6398563988833967,-0.7466825176940407,-0.18179385737163986,-0.7736219493561023,-0.6293095406461202,-0.07401744068956687,-0.9740881320822626,0.1699542198558003,-0.14922424095868173,-0.7980055895194154,0.5632627402981683,-0.21429457409735944,-0.9518264552303216,-0.2589967053999688,-0.16415573616429757,-0.9338926417274246,-0.2985171774231621,-0.19680454392793012,-0.9008438384226835,-0.40680620341393614,-0.15162154081734278,-0.9190668696971402,-0.3580995062598785,-0.16456254932860953,-0.982869233410866,-0.14645167442644716,-0.1118927033904648,0.8576568172541079,0.40839742353595826,0.31246812360102405,-0.9423586022341187,-0.33396467465710244,-0.02068479819900639,0.8384831278647188,0.15618010362385762,0.5220668726497005,-0.02963701954180198,0.04179031295169089,-0.005439937290246694,0.07024140260633083,0.16460386170510583,0.02057188242514528,0.11414378171086492,0.028527986870943822,0.0005344300340712482,0.029613595918352886,0.023637052500042166,0.04443712778004602,0.0023239128382029905,0.07613783471291785,0.04498819098870843,0.03977246166619319,-0.02174205529752221,0.04142683823382318,-0.005845356225358533,0.06900145553421494,0.05745951933073146,0.06440167598806779,-0.14767112412854802,0.02961557555404498,0.20847277499430716,-0.27627847655221277,0.03249250152526137,0.10794819394878696,-0.31015953363840565,0.03162439275488321,0.12232903093033654,-0.23191098512856242,0.02442453447418394
H,-0.6605821722586036,-0.7334595482564319,-0.16021324778424326,-0.790812897030233,-0.6096027363260959,-0.054767378560474964,-0.9765977564457283,0.1848022904395241,-0.11002243204672277,-0.8143947874492294,0.5596361447669836,-0.15352040791332047,-0.9545385480292549,-0.2647766670569395,-0.1369287293025851,-0.9493613870012725,-0.27624037064795176,-0.14968037444936602,-0.9080169113319931,-0.40330208791717453,-0.11336981351645177,-0.9150513233729451,-0.38748414565167427,-0.1119692478407077,-0.9695461421262558,-0.22002989262085954,-0.10755056783368065,0.9050336288753019,0.32490242507273265,0.27450417990744624,-0.8527579045370136,-0.5212869544638657,-0.03261697955711313,0.8724365336402033,0.08267932524019088,0.4816831156971284,0.0035348257010761053,0.006483834882415551,-0.002330547458304702,0.01821614901174118,0.0016251011461149711,0.017621199324562353,0.004336575445392787,-0.016849564968793418,0.039193556596642365,0.018013680576273616,-0.01900293109457951,0.005646397274315873,0.005257028101358974,0.009053837337601511,0.025543559891167494,0.013552700465897183,-0.009718853940847205,0.0166711177134944,0.024741319699401965,-0.042607608829404564,0.03101269190050522,0.034048864659817046,-0.08680118763202119,-0.01723847403061246,0.06810258499640087,-0.09671796790083442,-0.05954455328097441,0.11032647107231197,-0.20054524924437211,-0.03351279094550334,0.054679179150691426,-0.08672374782127555,-0.06196436653996873
H,-0.7090587525811907,-0.693064037651492,-0.1299920193789494,-0.8293806090361902,-0.5562270456605423,-0.052338122153007524,-0.9755733194570447,0.20361381101734044,-0.08245067814492332,-0.8535120031674558,0.5112759803360369,-0.10056904285365983,-0.948825533029614,-0.3069352674687051,-0.07430241890398571,-0.9591569262354852,-0.2797734595327878,-0.04177082948124902,-0.8969328158969292,-0.43778771418403223,-0.06207609102323913,-0.8952608365403417,-0.4414551875226378,-0.06021089574520732,-0.9269463197929304,-0.37488980114031556,-0.015104874157601087,0.9574232040635019,0.1270934054522048,0.259206625323003,-0.5351419258813123,-0.8287686505030158,0.16360208772338486,0.884384209537935,-0.03314632050294783,0.4655812403405852,0.00990886831662996,0.012980180060613744,-0.027791971997826403,0.049501017311270656,-0.021583990027123495,-0.002649474503494398,0.00935936460436071,-0.08875567503588655,0.022730136654366795,0.05418959532222789,-0.08255411101670546,0.03240508199330554,0.038681041088374335,-0.0439285994897759,0.07768831656282316,0.059560675757651005,-0.07488113687179754,0.021072494087918794,0.06826706715519049,-0.09436655247590336,0.021537123690206543,0.09107640265591244,-0.19525541912439587,0.06222446527078572,0.10086615551078704,-0.2382045302254677,-0.045518782989737105,0.3660925589782884,-0.34787720664408994,0.16599783887520414,0.06042425622031866,-0.15622115634807854,-0.04632310376183707
H,-0.6933579124055442,-0.7134002831896449,-0.1015620069197138,-0.8358392987086586,-0.5486448146647588,-0.01901404942905216,-0.9756495829433512,0.21557002412137952,-0.04046549150538785,-0.8857019249614262,0.46212492395755783,-0.04441457842697141,-0.9536913942317405,-0.2959142722385232,-0.05392094262774064,-0.9678488166642084,-0.2497595152422702,-0.02981363157412402,-0.9071094428407179,-0.4199767637800039,-0.0277844667769052,-0.8996203430893953,-0.433922934561959,-0.04892979829159709,-0.9244736536681584,-0.3811641778387115,0.007895138123235312,0.972903045314064,0.09779135406784238,0.2095149528988281,-0.5404149946770219,-0.831528740617162,0.12849742042496765,0.9040492358569272,-0.09168085076258432,0.41748006030223145,-0.022159529848114867,0.02791847653393631,0.004894060264719752,-0.01577710366195295,0.03229245864219191,0.013555174180299862,-0.047890761969616835,-0.028814810840326277,0.02772445196745281,-0.020566701377772945,0.03135724076833474,-0.008048536182990534,-0.02439273060436964,0.050350189828670455,-0.01647281455211061,-0.02587746711943517,0.038147195942181134,0.00586161178709832,-0.02006034672470003,0.027868498498831606,-0.017148915005625383,-0.013228174050874397,0.014061868839756908,-0.005430000178399213,-0.00022099892508431473,-0.008965805846209582,-0.0781216848834105,-0.020973908971356092,0.0175761554240067,-0.06353467975765283,0.003964186143345816,-0.038198284721483663,-0.07653119249758934
H,-0.696340599018272,-0.7130970078718983,-0.08125532304421669,-0.8360652596373644,-0.5485358180083578,0.01016552947012047,-0.9792188666936051,0.20261096498838602,-0.008899886390649465,-0.8647578593591446,0.5021888859369307,0.0004092896460909566,-0.9545679285391582,-0.29657051604372275,-0.02908605882584379,-0.9618009736078013,-0.27355986085887535,-0.01019262939374785,-0.9121175908888538,-0.409925617829421,-0.0015774150629654182,-0.8842157021630664,-0.46527122347563393,-0.04105216990321136,-0.9101368869192972,-0.40912141177186334,0.06534919661822834,0.9746808077602377,0.08900919626311472,0.20512114948109303,-0.4832039878356773,-0.8502207386112537,0.20889854421472834,0.9064755596871427,-0.12401698129281107,0.40363578637293823,0.0027567256840219656,-0.00019427866134558158,0.008872895023675519,-0.0005865971375260681,-0.013262334450740043,0.01125892123924127,0.023926752215009395,0.0397606866616263,0.02451718419756526,0.002106152305310194,-0.0009595191229461175,0.004528199926399735,0.009030529669134979,-0.0241036209343517,-0.0006856816951209405,-0.002025461435408049,0.009747870632836386,0.00590036783844267,0.018387327539056697,-0.03165156423142146,-0.01242905548711138,0.01731945336158902,-0.028260509250898402,0.03714737461949592,0.004760449058901495,-0.009085433122474201,-0.02470048729323218,0.06019369345407244,-0.018995273311838257,0.06009443991426358,0.005409010442943285,-0.032639405847973285,-0.03415095780479033
H,-0.7121972465828295,-0.6986198064582957,-0.06859626800351395,-0.8227787717977026,-0.5676555905292987,0.028323545327113956,-0.9835753202855056,0.17958689729507027,0.0181145147656445,-0.8577680653930492,0.5128049067672988,0.03556787296490593,-0.9413680390857928,-0.33729013515499323,-0.007847274360926332,-0.9627256697257142,-0.2682847657483831,0.034388505616127135,-0.8801656794314021,-0.4739227757860735,0.026562743500647454,-0.8652442016032965,-0.5013200780595711,0.005536327864170908,-0.8361830578655371,-0.5271294587045994,0.15143456509144748,0.9658503726815264,-0.02545443255003396,0.25784710480149364,-0.3526321867555626,-0.8705241415125524,0.34327577821312044,0.86490003451232,-0.09796875237303586,0.49229061930841056,0.0291431354042192,-0.03359697393454353,0.005498960816290751,0.011500193972656891,-0.037501269106918395,0.014355346115591229,0.02284644153065285,-0.0038611805832344803,0.02249952827811224,0.029056537017922768,-0.055196820524873125,0.008579729424214724,0.014931951446644498,-0.009202106303110413,0.03192207996917225,0.04780855902200909,-0.07847435937025515,0.015481103522910138,0.03482814812432733,-0.05052605599753984,0.03392944272667953,0.08981047661831743,-0.13248524834633868,0.0734263134325164,0.007026212485846117,-0.12894083022675135,0.04006690027969788,0.14642844864467208,-0.034780604314901375,0.12171817895768937,-0.025718877610265256,0.01157102750617256,0.07599577789476959
H,-0.7142906063451736,-0.6966961038927655,-0.06635863551705311,-0.8165304849657055,-0.5766153161352294,0.028155715582084576,-0.9838148146247127,0.17688738034735402,0.02862280906537227,-0.878838384656474,0.4740690067190579,0.05386715625318663,-0.9383577678024411,-0.3456465786528717,-0.0036252269424461117,-0.9548407536688752,-0.29192296838023846,0.055318312204228524,-0.8668045875030506,-0.49789758624634844,0.027345944740061915,-0.8563997607154616,-0.5161584810463569,0.012644061468443534,-0.79200164116088,-0.5890660139229575,0.1604201721710538,0.9704063889521242,-0.02351436419383171,0.24033001260237674,-0.2646501628267045,-0.8994519799754345,0.34777352836877834,0.8661470184743283,-0.10050507472525626,0.48957948521409916,0.008341646594341334,-0.01088342817146093,-0.002405462231490227,0.0018538654231371465,-0.004623219513246457,0.008270661813266921,-0.018976959501080692,-0.04065960261377116,0.01606165080181985,0.005103631045695889,-0.010280146063408657,0.0019844149320193735,0.009978275819183091,-0.025561905197385548,0.018692174101640542,0.015454451690695703,-0.025898513025805148,-0.001454431247046386,0.01093780065017902,-0.016762105552315942,0.0048701011178117785,0.04627477646700129,-0.06386025778388837,0.006747974593145481,0.006649376032941912,1.636579067204255e-05,-0.01975472468557775,0.09007538369120227,-0.030851541028412255,0.002260117669197051,0.0033403437243524348,-0.004460024917750605,-0.004948766580772243
H,-0.7167991004339285,-0.6928863589862303,-0.07815077189584115,-0.8143367382385496,-0.5802076777939913,0.01465357921819775,-0.9858291461774893,0.16674985904948764,0.018313357254704735,-0.8910022616390451,0.45216049034539973,0.04081495712008629,-0.9326889604344645,-0.3606161164524281,-0.006878927129048975,-0.9433842023101633,-0.32600713959613115,0.06120123988912167,-0.8625586925668982,-0.5055218350755099,0.020980375096081742,-0.8423793671235709,-0.5386111919970462,0.017175147743560562,-0.775801279017847,-0.6130568040095385,0.14931085202316297,0.9736016369978278,-0.048222326700069894,0.22310190416664244,-0.21348772427855092,-0.9198941120218573,0.3289647614105253,0.8811875720467847,-0.09788184002703901,0.4625230894379372,0.004702240815910752,-0.007402106565297051,-0.0017099999850987892,0.0004941625359782265,-0.013947266204401565,0.0014826845681205035,-0.009655382893816178,-0.025718261280193333,-0.0012600627543123064,0.008177301456731456,-0.018779282706091582,0.008538436192185174,0.013965045447466795,-0.03789391612242787,0.017675064063681183,0.006754389024907215,-0.01143399373569659,0.005426566734807865,0.016528887680645643,-0.02626245585722453,0.016323222653905067,0.018708856231787863,-0.027800534993116188,0.000682816230897193,0.005703742134458456,-0.028517707412773367,-0.005435972056946264,0.05367093263690845,-0.02425187695295805,-0.0070166305794650274,0.017549047661211237,-0.001186510208317934,-0.015264259397373942
H,-0.7136655095330046,-0.6902360103541455,-0.11939761519138051,-0.7515065199127531,-0.647145402488525,0.12822159945417802,-0.9861716984547304,-0.011773752011348289,0.1653080758175099,-0.8403545916952717,0.4669020086392076,0.27533011921209494,-0.9183579965391283,-0.3949833835619634,0.024631624034585818,-0.9212589928298,-0.38427989579384453,0.06009018071943584,-0.8379462739756435,-0.5451161141874442,-0.02635268455996627,-0.7927010717592798,-0.6055027551552457,-0.0706500129589218,-0.6374319668431258,-0.7111537608301487,0.2965481682689003,0.7918002818769561,-0.1348432624566495,0.5957093319645245,-0.2403752995317118,-0.8416889040150829,0.48350750173386997,0.7335361633337445,0.06867490226603601,0.6761719122237779,0.059696627424872584,-0.06958807332661854,0.15481486353151963,-0.0034761431781650254,-0.18117395969292072,0.1882415618583445,0.04751407904284943,0.012091169661723078,0.275762005387548,0.011197372994412258,-0.0370176157416201,0.07275739445917415,0.01899161857943943,-0.06092310482979818,0.04013578412585353,0.021478827690330826,-0.04224462774401916,-0.006086216360508649,0.046544704463367115,-0.06954191179028424,-0.046578317406943,0.13523572127379735,-0.10074730545269495,0.18848415954127667,-0.1849349460217956,-0.08927128438866438,0.4138542710934214,-0.03002116615408479,0.07555485937468964,0.19578958361888404,-0.15078499961396408,0.16390639366099022,0.2548956660813801
H,-0.7036205458964515,-0.7090493402362551,-0.046552771162531086,-0.7678128732522338,-0.6377749396021852,0.06088118004423157,-0.9931014279158605,0.09996770727069772,0.061286306582456915,-0.8772319766057658,0.4706317010074259,0.09470935131864375,-0.9081691980930235,-0.4179013181161495,0.02423212644113778,-0.923202880953697,-0.37011227621642423,0.10350528292165129,-0.8319857211208487,-0.552585130379498,0.04949175218654703,-0.8115067661502667,-0.5818069235388674,0.05438264626307676,-0.6889377530380355,-0.6886395012219009,0.2261424546513866,0.956626298267259,-0.054134430175498245,0.2862439325698545,-0.12634901510161772,-0.9101823466008124,0.39446675692520633,0.8590399977325078,-0.04940478299246954,0.509518841372132,-0.026351316976033767,0.0281837927684494,-0.14018526343879587,-0.01697469309768318,0.1305547891641556,-0.1768666132639024,-0.04692234854704713,0.022543022250327893,-0.2534656119223006,0.0001438348095517128,-0.004104604672076517,-0.07324434162229745,-0.011988851760450059,0.032980949459529896,-0.029429741826633965,-0.004084410781758252,0.01134431369005584,0.002999592717663882,-0.028850658027539944,0.042509161498487824,0.05218781519314916,-0.0615507498314628,0.04132758949035742,-0.1432505576463631,0.15478105275374987,0.09952216216326085,-0.3823102434235194,0.10398132079354103,-0.04968011270361994,-0.16188558883751306,0.11545887076221029,-0.09926635537639594,-0.23949791488049535
H,-0.6985611418812694,-0.7146206504717323,-0.036464461779865114,-0.759672121037298,-0.6428987326795192,0.09787485906891945,-0.9927779971676065,0.034217380596250555,0.11498269089305191,-0.8588692119040475,0.4849872484874846,0.16471504378125065,-0.8922590189703812,-0.4473058473106351,0.06157371214834873,-0.9061485830854413,-0.39324146094992735,0.15574305365637908,-0.8041611007997971,-0.5885244054675857,0.08345027339370036,-0.7827112847376011,-0.6154846391569089,0.09242133793829,-0.5919473242948731,-0.7478270676324865,0.3005878277248377,0.923282914957735,-0.19158327618396637,0.33293318734209437,-0.09477002887111165,-0.8945495723216121,0.43680625486248414,0.8275772628360708,-0.12641114904354966,0.5469333555692562,0.0030813481997536973,0.0004475171581431736,0.026905369642021906,-0.004735973266928095,-0.06017901643896997,0.04360807492792902,0.013303360686536148,0.019926857715535873,0.059917383079940933,0.010850775107460242,-0.023833218959008418,0.02725327632454498,0.011994893853073507,-0.017557874498025927,0.04214946135206182,0.022765216305869473,-0.030367964852610507,0.023870211824487356,0.023736077397483513,-0.02810640538256426,0.02795038229254726,0.09193102472798031,-0.05361625617510846,0.06435706369078514,-0.038402787324706145,-0.13187753577299094,0.036600945389573925,0.026519582215323953,0.02120408451467748,0.03225118855461184,-0.03652213891161915,-0.07143505581560294,0.027326204814458188
H,-0.7233694255073261,-0.6804389227453634,-0.1172158123050395,-0.7461834888681608,-0.6601991706431107,0.08571613630284682,-0.9929731500315566,0.0014770033194303211,0.11833064597813271,-0.8293973807567085,0.5172147568264841,0.21116079208705463,-0.8856265101643865,-0.4643470858046681,-0.006889731399853739,-0.8942467458888123,-0.4462419714415631,0.034508845115671455,-0.8084485784493132,-0.5875682265190045,-0.034270616985932784,-0.7701596812109535,-0.6341349113326151,-0.06875303386919673,-0.5803930642924525,-0.7773268648022232,0.2427073055718826,0.8276057273211629,-0.16666827238853438,0.5359948200162296,-0.20237908049769857,-0.8847726683311925,0.41978569907871766,0.7699696968619553,0.05263898951771696,0.635905498243931,0.0382969157951939,-0.051482165689960335,0.06859262775910174,0.024613130762106583,-0.06692210500318908,0.08409930561025518,0.05428011477339567,-0.001954219387369338,0.12719709883097835,0.031440792432051334,-0.051222966220401844,0.012287906976971907,0.036710120822685766,-0.08718223821800458,-0.04048285801553325,0.0205208059765406,-0.03322554877778772,-0.03696953985445876,0.03735988715270433,-0.0528319999020751,-0.08042302128231235,0.03636254362847724,-0.06368152489610557,0.022870828372219265,-0.07086890401051538,-0.00926672393093686,0.2838129831993096,-0.08280076800053023,-0.02440482373594921,0.06373079474140789,-0.032799282348058845,0.14486841083489777,0.16972349319984928
H,-0.7016279070840992,-0.7117295630698193,-0.034048627773095134,-0.7551833041640419,-0.645792294279058,0.11247439602714387,-0.9916471095649937,-0.008746668201271008,0.12868374367716479,-0.8657440656651035,0.4653308040422589,0.18426734809792505,-0.8851388103542983,-0.4602110399694078,0.06881195459259748,-0.8946393907295624,-0.41475435647547915,0.16613002239104321,-0.7952185778589503,-0.5999259125298856,0.0878425460877172,-0.7672226489535168,-0.6333410558520053,0.1012349440905449,-0.5578676579370362,-0.7563808211408466,0.34157243688293226,0.9021470826438402,-0.1822018751676399,0.3910666413318881,-0.07187102541110688,-0.8728682117051304,0.48263406500271366,0.805019737643467,-0.07780216020295781,0.588124175554956,-0.030741333719108033,0.04569751668850852,-0.056408924807647295,-0.020415477956663985,0.021066968803754502,-0.07281408683291228,-0.0580882033316219,-0.020593312459769364,-0.11006062852107393,-0.021253818613138686,0.035426686159716114,-0.007465498539493132,-0.022134163263977102,0.06277825529053976,0.048453992743427404,-0.00851151783286408,0.01893295431357478,0.03894597854170563,-0.018804486165790224,0.03208449580506567,0.08682079342779728,0.0007838879321894199,0.05223668398583248,0.0156979467791053,0.05279983689945045,0.015757037545350322,-0.2280953632162858,0.10876653666336478,0.04319509695051793,-0.020318818607948347,0.013308522358284836,-0.09915050939621894,-0.1309485072209194
H,-0.6699253614456538,-0.7418236321864923,0.029961789358278673,-0.6751024646317147,-0.7151729291119044,0.1810092365424571,-0.9746199242905901,-0.10241136173605221,0.199067617063077,-0.8622176325372386,0.42386150569608133,0.2773484777872961,-0.8386732276343288,-0.5313258300885946,0.11966653471243749,-0.8191248816626039,-0.5370844409025025,0.20143170450967118,-0.747778721484546,-0.645985421178112,0.1533943262323454,-0.7122656209619068,-0.6889042813318972,0.1344937781398506,-0.42880037111049435,-0.8043920026951399,0.4111979422803626,0.9206159620866443,-0.15642681900356076,0.35776654489724063,0.044503245860711804,-0.8522240973061824,0.5212806816663393,0.8272557020346525,-0.05344685602820644,0.5592776028340976,0.04837829389388182,-0.039286565716173394,0.004524423383939408,-0.014675360364041712,-0.0635706244181082,0.00637345625453839,-0.028176112510580387,-0.011375229229504569,0.02907071255799723,0.014763037081524155,-0.04102072100251375,-0.013155837011533805,0.043811963428513234,-0.09223601531035036,-0.028708735012745845,0.015737310735958965,-0.015965439531553383,0.0015413630132543737,0.02325448235316463,-0.025469156363218892,-0.0307515830820681,0.09736474118809652,-0.017917112437620286,0.005615088266056528,-0.013233666195641258,0.055869125280752135,-0.0973105135660213,0.08467172563337336,0.05073818351562098,-0.025363800467748138,-0.009466581247259853,0.05444937329142438,-0.09285698985223226
H,-0.6472753391341757,-0.7615555904762035,0.032675953898532305,-0.6574250204739664,-0.7328756588694589,0.17517308894764952,-0.9705488006583819,-0.12991214780226878,0.20287399881201648,-0.8660956755341126,0.4111467832495235,0.2843177860153642,-0.8171397908971084,-0.5671207447509481,0.10323092078326124,-0.8278287468507507,-0.5287673079541464,0.1873624827078269,-0.7316062348618855,-0.6671841837908223,0.14006277881932036,-0.7204178831962043,-0.6805678151453008,0.13351225621437088,-0.4658644360886702,-0.799034431783533,0.3801503702643892,0.9472024707491249,-0.12086975647214923,0.29698144955050043,0.0026004407445206846,-0.8643545566721212,0.5028761657387185,0.8462797951932522,-0.010060960451516903,0.5326436757556219,-0.0049725781537298674,0.0020292285321567016,-0.00855031213506121,-0.018578898679269984,-0.00776882777650538,0.0010922172086858598,-0.026528065308352167,0.0070172358431533355,0.004255143687814496,-0.0011165855742577557,-0.016062956372642323,-0.019149778469429883,-0.03135388749962498,0.028049091238067314,-0.01678338634209791,-0.006477535688817593,-0.0014668043229991712,-0.01604571195327866,-0.030802284545775604,0.02806842447630753,-0.003695686465733365,-0.059714087289653994,0.025089529201318128,-0.033761736556227044,0.003936486351002411,0.05528902082112272,-0.06349925988699384,-0.0645528274276693,0.007601498923772376,-0.021118680467874455,-0.0036259291528784043,0.06311785386640073,-0.029348091618729304
H,-0.6546554268042754,-0.749950236499053,-0.09487315179083325,-0.6584222080350953,-0.7452740184114429,0.10510391737252195,-0.9646004618202962,-0.20631364526272075,0.16425781209574053,-0.8910135713882812,0.372362530560529,0.2596939765116999,-0.7861717214220286,-0.6171725371041112,0.032126062329497086,-0.8017461262935477,-0.588397512646855,0.1048404315342354,-0.7188021431498447,-0.6950052771724035,0.0170629336780279,-0.6975345739067307,-0.7165209918940457,0.006571634494451768,-0.4378751297982529,-0.8524869883753945,0.28553687214581136,0.8449628696304363,-0.10668419626421423,0.5240765509096517,-0.10546647341229196,-0.9052397284587114,0.4116040050898106,0.7759629846011409,0.06405584334946322,0.6275175658590592,0.0063829001089708015,-0.02400371351913444,0.05747993411423799,0.013328426508185331,-0.08800685143760242,0.08893291897308961,-0.017537808184068915,-0.05038960666614495,0.10292529618570123,0.03834815714517947,-0.061657146330313606,0.0564442472356014,0.033462708227302684,-0.07123555866985909,0.04502705451577406,0.020184179382140455,-0.039426447358731576,0.0045492605480731,0.030263396959573252,-0.04755853072589533,0.0006084839694464605,0.03536939396051697,-0.065057910569012,0.03293560757078773,-0.0948595134485889,0.002580206230784546,0.3546442070485168,-0.10068682648671297,-0.05249052576374058,0.03627694504045764,-0.06293672292201169,0.06251144982382967,0.22242299579280284
H,-0.6361775699742301,-0.7713839052684497,0.015651522433268106,-0.6317040625748087,-0.7609563440827914,0.14797100975067481,-0.9774520133512961,-0.13288469578125714,0.16410124686491695,-0.868750633434216,0.44287323170959714,0.22166559846477296,-0.8008907838526904,-0.5930790892951698,0.08265074821582065,-0.8258853204524036,-0.5353124392478512,0.17707069166789396,-0.7014266900693096,-0.7036765145867995,0.11331355292896933,-0.703704677795951,-0.7024856304778218,0.1063657154362916,-0.40861737598623027,-0.8508518868774197,0.33027701500295514,0.9681782885909359,-0.07976463480597352,0.23720962150679328,0.06722357258120502,-0.8799224335528876,0.47033764703644954,0.8564525823468032,0.033860953279578804,0.5151139777122052,0.008240288630241399,0.005751343098048145,-0.06765758184594849,-0.03132940836104503,0.09486261825086029,-0.11068123945492493,0.0037850811240199844,0.09194436991846483,-0.14855305227102827,-0.033196919260707,0.04552711657833808,-0.05999998833777779,-0.04261705098890112,0.07451874216840049,-0.03829441409044279,-0.0011024037495100947,0.012762431355000659,-0.014274054973159922,-0.02464796071926556,0.03546903018562064,-0.010730593282261516,0.0107798969819774,0.02306877026737142,-0.06578453136695757,0.10473756213045438,0.04835323022763738,-0.39739160362695974,0.15421218916345175,0.04675096367522047,-0.051791032277462415,0.06201174091561712,-0.008761221300487745,-0.22292826237095525
H,-0.6217927102609279,-0.7823938400826475,0.035124129414097545,-0.6119495813962216,-0.7728579069198557,0.1679534624247108,-0.9638883291358714,-0.18658203014843136,0.1900169334068622,-0.8764427080432519,0.40579477491556615,0.25918869606724043,-0.7901863792059253,-0.6044528310738176,0.10120405685681062,-0.8083785368964828,-0.5581268590239695,0.18713244058992004,-0.6916509296583873,-0.7085592761857822,0.1398668782584679,-0.6781095969424967,-0.7245823386491616,0.12307643581204415,-0.38767901433624596,-0.849073433582913,0.3588583094021926,0.9626516727346865,-0.10461143117400278,0.24971624986940055,0.054411313571321604,-0.8774250388660867,0.4766179918197484,0.8508760408627044,0.00043489173846026214,0.525366323582874,0.005369621465284857,-0.0008916280228664641,0.0005098456932065391,-0.0008211754978776353,-0.04268739955297646,0.006443079561115821,-0.02207693432233815,-0.026068521979833226,0.01805049062163803,-0.003680455066537136,-0.0003638069644500419,-0.0009192983398394645,0.003121923842618557,-0.011804484961920547,-0.009410858058803363,-0.00460909930237996,0.006127173215215054,0.007080718348669145,0.011210221140152021,-0.011086773357142032,-0.002761886605076886,0.006553501936682027,0.01278838810870453,0.009108687418408017,-0.01991147556955164,-0.013836861553831487,-0.006965978618222169,-0.027197118723185698,0.013507329500998644,-0.013192262197530575,-0.019961401197401085,-0.022416126726920775,-0.009220261110160628
H,-0.6061239699530089,-0.7946297837394315,0.0343109289094322,-0.59856026311912,-0.7846180423461379,0.1615553745304813,-0.9602370510349365,-0.21036248103090632,0.18355498466195425,-0.8958431584418637,0.3671858960061706,0.250278950866931,-0.7668180518041072,-0.6349442971518413,0.09399901564222841,-0.7894248868303433,-0.5863521193304804,0.18165775570988896,-0.6648702702457205,-0.7343200790066449,0.13682669809308967,-0.6652173367229899,-0.736960589715253,0.11989572189915172,-0.3638559173271364,-0.8671603134926801,0.34006155638252455,0.9764404631337392,-0.054407446755889204,0.20881535310573798,0.07553500581036149,-0.8855779100365604,0.4583080057695987,0.8663734157859806,0.021752371570033773,0.4989227783439153,-0.002279422030817435,0.00047580823050186183,-0.0055848873895641485,-0.012017462206984075,-0.01154450722569092,-0.0056487482402426195,-0.035069190706530806,-0.02637293525261153,-0.00809654469564406,0.007699587093899063,-0.018255522421239623,-0.006391840709916864,0.003284909758220489,-0.015989316649726804,-0.004661484375365739,0.011111919104747736,-0.01352485916407864,-0.002226979660712898,-0.0027764800884121366,-0.00014230740930742947,-0.0023675134082270857,0.00815435670119058,-0.005850936252983052,-0.0179835525150027,-0.0018799499088663074,0.062439928074897615,-0.040087696258997225,0.005454951931120902,0.004083072486310346,-0.017496785545484374,-0.0001713653846427965,0.033553423488357555,-0.02563034473429341
H,-0.5519633568543284,-0.8337551675747871,0.013739477153080857,-0.55593584391112,-0.8225411135003632,0.11983928427862597,-0.9477472128184,-0.2942530138505504,0.12324927762393688,-0.9290835893624153,0.3265204784620627,0.1737471183138199,-0.7377436949459352,-0.6722438532949885,0.0618259029422537,-0.7236365353441483,-0.6733434016461621,0.15152170859217695,-0.6150674107694014,-0.7816550842836073,0.10347661292780772,-0.5982812843897906,-0.798000519301713,0.07248914362233065,-0.3233345877177541,-0.8977118666255653,0.2992793826928832,0.97288756830568,0.12648890709470414,0.1936242128925203,0.15161492969358145,-0.8908762263616511,0.4281967566407231,0.8673333172009587,0.15208082579115967,0.47392440251569656,-0.011536193890680502,0.0012023126811302465,-0.021144638495503982,-0.04167077488214399,-0.044765148984288516,-0.03973425528166602,-0.0874010440192321,-0.0015400337087522753,-0.05596038079675979,-0.02508625624050842,0.0018258276922084038,-0.01160166094362337,0.011627738387514519,-0.047865898480326186,-0.009564595361360662,-0.004357753622361349,-0.008209621441606862,-0.012778633408930613,0.012775439234518848,-0.02191454575110441,-0.026835126520469727,-0.01363928348929816,0.008573830702470309,-0.020210721933290033,-0.05771350792673968,0.22002173768594893,0.005380311543133658,0.021919310784539486,0.033827067510264874,-0.00953979737252424,-0.05320071168370233,0.16945383805648148,-0.004426924071867389
H,-0.5536971510219034,-0.8325775877602102,0.01529788578911665,-0.544388004265303,-0.8267188957933997,0.14204776714254333,-0.9487747298019577,-0.27774554021381365,0.15061184209934833,-0.9347880944690845,0.2888080507571268,0.20678764048348436,-0.7096141240207305,-0.6993744739984843,0.08557534755777882,-0.7144944708858384,-0.6760630676717699,0.18010102610424483,-0.6052428755532037,-0.785296250082833,0.13034899768671004,-0.5772033539473653,-0.8067178883261141,0.12665913645121574,-0.3019597395220244,-0.8918270195094441,0.33684548828905625,0.9540887283303607,0.1028585472166574,0.28130911420967836,0.1245554933849582,-0.8748219834075798,0.468158548372726,0.8280207972446717,0.13312685525003107,0.5446639328444058,0.01328163381339209,-0.005355362107613448,0.020650074227881565,0.0007062771840173898,0.015329893822159879,0.02580415583937566,-0.00397071093909418,-0.038890007519512826,0.031482113533628675,0.029863365092779648,-0.0283082005180727,0.022191035979489328,0.010875858625884915,-0.0038972458401846932,0.02702090887603209,0.01155832938377277,-0.0048187456138025775,0.02531397612286654,0.02281172461000025,-0.009894948838978013,0.052611584192849295,0.023108642363304732,0.00470726730154436,0.03600769696013728,-0.01706504580774426,-0.02480793969262364,0.08612649268112227,-0.025325642141048238,0.014876663139494428,0.038403383095967136,-0.03757872578871202,-0.02013155035570549,0.06918112169267349
H,-0.5402295853286762,-0.8412747499416118,0.020218561924255782,-0.513581615512603,-0.8435826836577642,0.15685082097403735,-0.9038269761889434,-0.39488335653805434,0.16481484108656919,-0.9419461661435179,0.236920063818958,0.2379207923817276,-0.7052855031163934,-0.7015522996806287,0.10196435605973905,-0.6922416428691672,-0.6950512438999108,0.1941784649001609,-0.6010516870367076,-0.7870016962545191,0.13915890055198563,-0.5655728719780108,-0.8141318776501684,0.13159259962610279,-0.2813567960399654,-0.8785669753137046,0.3859513223325627,0.9073401983254309,0.21068416362940334,0.36379382581147024,0.13786109440619437,-0.8416223429265342,0.5221744445450941,0.7752136974065904,0.23454549426891974,0.5865425257143351,0.017338823059472763,-0.008166625682962891,0.00988237769635489,0.03148018791978702,-0.1084406541428391,0.009282322852081722,-0.020625637367660654,-0.04319082475676719,0.02621247576310412,-0.009138944788890102,0.006519336499257178,0.0114683323668211,0.008785262323443899,-0.010291014046739266,0.009156762660776948,-0.009276377176731243,0.006991716009715487,0.0038892267301364487,-0.0018370837238727011,0.0012831728573473589,1.2787039747915244e-05,0.0071353777888317205,0.021957206377141048,0.0441851579083673,-0.06021609569815711,0.11652277859414754,0.07756403546665275,-0.00016196467199108833,0.04189680266244722,0.04909522003722894,-0.06627466553130856,0.11011580120029027,0.0369579167347901
H,-0.48336701060250564,-0.8751746833622105,0.020630236621324603,-0.4799154922746643,-0.8651882904235352,0.14536279575175745,-0.8858755371338276,-0.4343380056873385,0.16301849442133257,-0.9609370658231893,0.09546005406455021,0.25978324350333415,-0.685572328053634,-0.7219878606420388,0.09340295548135819,-0.6706792387439924,-0.7127862296110671,0.20524412194900518,-0.5856669644605939,-0.7989753392749442,0.1365013332169374,-0.5521233871213077,-0.8255721006304758,0.1165781800092887,-0.27148184388062563,-0.8955109462136508,0.3526439474238962,0.9378868063310483,0.2267695319623954,0.26257173854720717,0.16647350406281347,-0.8534838155685764,0.49381367843302265,0.7986995535424467,0.2986092818238856,0.5224093413978348,-0.02319645148823185,0.01229432665482777,-0.011899699919348722,-0.03891113567105475,-0.005554715728685433,-0.00220802136230544,-0.07585347440584189,-0.10756007633380907,0.021450776424537715,-0.03714939966341113,0.013464372459188634,-0.008973075275449688,-0.03530017060099566,0.016164947709442434,0.010653982351775448,-0.04147785215005673,0.021926290400173576,-0.003069242032117059,-0.04341308986946746,0.02245971044029127,-0.015426094313882907,-0.046987622566830756,0.016955962520652568,-0.033719049605735296,-0.02631596672055314,0.04998530175359078,-0.10163376196133189,-0.028250165069551414,0.022038460778556423,-0.028772440809140265,-0.033376718590314214,0.09796372097556455,-0.0645448590135691
H,-0.4590710744968833,-0.8883705685628626,0.007175058994405037,-0.48392838391659154,-0.8632435121765474,0.14361043807806909,-0.8959022746854138,-0.4170438905818727,0.15308006905484514,-0.9644707598336568,0.13143387077962887,0.22917524089170782,-0.6789092283245396,-0.7293362363182248,0.08456307757493728,-0.6954049814873222,-0.6909213848127742,0.19758429019285817,-0.5878804179168278,-0.8016419081449839,0.10847518304020143,-0.5487213509048644,-0.8278130413550285,0.11674950802328195,-0.34228007476052363,-0.8935325206598748,0.29059247227886154,0.8760410120977717,0.35349406726324817,0.32801538002416575,0.10768857221814263,-0.8772806687169723,0.4677411674303639,0.745976009267206,0.35164666122908816,0.5655655746632821,-0.028308827747549614,0.015140663447639868,0.0117028199532312,-0.03432267365720859,0.03049000030611787,0.003516752260432141,-0.02782963011608991,0.049169701915730724,-0.017152824984706765,-0.01763283637652796,0.00584750952446611,0.004615299720498659,-0.0490216788489522,0.03506072999894494,0.005795345870772553,-0.026509389561856278,0.010529316330612382,-0.014570972549816394,-0.020893899889179057,0.010954944476099349,0.013626505640912815,-0.09509416698552037,0.0151743107544281,-0.04859629751811511,-0.08614173033889888,0.13992042050150483,0.07889881910387815,-0.08308086795029321,-0.010600967947743789,-0.012617333375739162,-0.07701948038086309,0.06623326460585466,0.05661141089236683
H,-0.44998944291797316,-0.8927522752615107,0.022424903071540405,-0.4978637353910121,-0.8542993736240648,0.1493461790875106,-0.9021968440671403,-0.4029009675337879,0.15398592440749106,-0.9647410721165637,0.13787557805855655,0.22419854760100982,-0.6801750511176216,-0.7270156040857157,0.09386272557848874,-0.6972484251744941,-0.6865800857749572,0.2060398490800752,-0.5795816572861914,-0.8066493240095135,0.11576688046408823,-0.5477545390947937,-0.8298319606330818,0.10650766175682193,-0.3554783228837463,-0.8879529306769025,0.2918471429739529,0.8551614068224713,0.4488229913531712,0.2593393350693314,0.11834677746705867,-0.866521153204013,0.4849073430183852,0.735996156735262,0.4440920907090045,0.5109714984621245,-0.023016983053330664,0.013325845251130675,-0.009514103067693848,-0.015376200960636577,0.018524629746732912,-0.014343988724489444,-0.00935194386181698,0.010823413977575802,-0.020226537367833364,-0.010347454371992082,0.006702338931157126,-0.005950196073583909,-0.010925075266082052,0.008723005736465117,-0.006794285189918344,-0.0007828709482737284,-0.0006257091658814495,-0.007958146653248567,-0.008114819768839376,0.002362787420594814,-0.025491690343595386,-0.0222798797021328,0.00996129668162038,-0.013995173382043981,-0.029961236854210538,0.09971063078857118,-0.08392588903196974,0.0015765736700059235,0.015141222211607408,0.0019163315108858808,-0.01906148411085412,0.09682713617856448,-0.06984392027829289
H,-0.4477414233061352,-0.8941487007210911,0.005071376004679082,-0.48268778364503284,-0.8673647696157597,0.12120585773487277,-0.9049917053610648,-0.40824483952984325,0.11969195555643808,-0.9750402824297246,0.13665240779742663,0.17499304866916468,-0.6702284000046198,-0.739613060593709,0.06137110416518498,-0.6945629254177874,-0.7022188181260401,0.1564323307527963,-0.5710636828345168,-0.8168408093836215,0.08159266065638757,-0.5450834930071689,-0.8354672497489005,0.06984597517475273,-0.35180368466463535,-0.9088826217307933,0.2239788993904241,0.8628363675682119,0.4450698692985792,0.23963767284014217,0.14044081240362247,-0.8942687481764433,0.4249232686572339,0.7502320573586648,0.4252124481438608,0.5063064625845592,0.012927932134141285,-0.011668970532114464,-0.010786794285776509,-0.005042880905762437,-0.003947446536474941,-0.016940441784191664,-0.012547229924998904,0.0001732551984504893,-0.03185197186498382,0.0076986315011637885,-0.011201031048412857,-0.015138094346442435,0.00043748014486877373,-0.01424230689150252,-0.032253991260417565,0.006269954839836611,-0.008795059914527559,-0.01682069274083934,0.0004230264757868474,-0.0042388636562382676,-0.019308159515207875,0.0014266186072730003,-0.019533265594310345,-0.05051471651666751,0.00542694113390263,-0.002356696595011587,-0.0023481351623278815,0.019846015324725838,-0.02635116951284988,-0.04263054729428995,0.011987881011564894,-0.01748321710556333,0.01268849118929604
H,-0.41341163666291136,-0.9102993755198846,-0.021115529825252527,-0.4691127076206698,-0.8776238712943326,0.09853734359699667,-0.9178345848931732,-0.3906041596285308,0.07076768510319964,-0.994278604518748,0.04952308825397066,0.09464417745450913,-0.6792711142856829,-0.7326078608009001,0.04331830548181547,-0.6713744421884186,-0.731030837547697,0.12186169591181042,-0.5900939462672599,-0.8050234583422587,0.061043968558751605,-0.5483246462824337,-0.8350409116733364,0.045241110850720884,-0.455144433826528,-0.860393595533492,0.22927364681026677,0.8166605675935852,0.4862158303228514,0.31090140508074837,0.10571475276862212,-0.8779605289152256,0.4669150894048791,0.764064362534187,0.3799763766444487,0.5213670521785805,-0.020754710618860805,0.0058915731202205945,0.0035183916920555093,-0.04717266617533222,0.03379135470010597,-0.02273736462330683,-0.053568108732247266,-0.07097864474466246,-0.05416196538472394,-0.043372500924286905,0.0231558745916024,0.0081341071465621,-0.011141303413854997,-0.01266134462286339,-0.008383729011054272,-0.05336005007596689,0.02796802584015623,0.005638213732295647,-0.0375709399184887,0.016577012874357644,0.0015820415058997624,-0.1376705358051165,0.06463970099609473,0.03148165324977428,-0.08050558661785057,0.057296635823065656,0.0974506380705378,-0.06905584627822418,0.032458894060011234,0.06817872657757679,-0.020497481467701695,-0.02908539670061855,0.04124749542395284
H,-0.40084877392894847,-0.9161388011464637,-0.003155546478651984,-0.47772324062471333,-0.8726547748507265,0.10126277350166706,-0.9287980177014986,-0.3614938247563705,0.08158711281064644,-0.9929145756737722,0.023637863422611656,0.1164555573057246,-0.676495256818709,-0.7339200787382629,0.0609547826393545,-0.6899707222069537,-0.7084815223177523,0.14830487190761787,-0.5877734272253391,-0.8052611272384864,0.07795457142708877,-0.54715354348507,-0.8355490925453859,0.04980676458388002,-0.4725360462027008,-0.852560854782028,0.22327040541114448,0.7671332100597295,0.5989425910891643,0.22972681733496655,0.11184479446153818,-0.8784896269365716,0.4644854328358419,0.7347918043646039,0.5057304968280758,0.4520151201194901,-0.021173395738006417,0.010808522070185234,-0.01523455344193016,-0.023526295542288356,0.034949760498739435,-0.00714055563915374,-0.011198833888987014,-0.02004579920477987,0.0038513965046149228,-0.009787005266989057,0.004527207689216328,-0.00032350618906151415,-0.03115914275249798,0.028388740856523875,0.008483192649206907,-0.010242343692042133,0.005601756730351459,-0.0010493804782633794,-0.011391759936599133,0.005331244754529618,-0.013394329613441409,-0.02995447511013566,0.013672166378043138,-0.023963224745722825,-0.06209022026781863,0.11856618639289201,-0.09913457109238236,-0.006432821041046838,0.0053103276052330894,-0.020389639915637695,-0.04183542090354597,0.13159354581020621,-0.08731191540569094
H,-0.4015622400202165,-0.9156546969853193,-0.01800675647275795,-0.47621313377398855,-0.8753637717879327,0.08342252850616279,-0.9372870344434691,-0.34320966999953173,0.06082875539561843,-0.9960114494690941,0.014510438064214797,0.08803771756275071,-0.6769527435962672,-0.7344408415981168,0.048286987171870306,-0.6842971779525313,-0.7163278915998169,0.1364247923302897,-0.5856078094202053,-0.807851744846012,0.06662621027285369,-0.5447375242543203,-0.837675295225965,0.039511130550344054,-0.47916572459514706,-0.8529615621744133,0.20701879582828267,0.7682967021587299,0.5979132940186628,0.2285166739819484,0.10042623863386528,-0.8858387874794352,0.45299471651534506,0.7438940137932054,0.493545337589133,0.4505937149879735,0.002223572941992824,-0.0031931010983505814,-0.0029890350013983026,-0.007775550650702401,0.01780005059569434,-0.005907147420922045,-0.0023834077040539303,-0.009611529519541275,-0.013566629748867926,0.00025597931370985316,-0.0010048670209983346,0.002183414526621772,0.0063870103456903915,-0.00833047344320903,0.0029711304167777917,0.002879083896401846,-0.0030747217686699635,0.0035228488398708867,0.0031294853220176777,-0.0026103068417234754,0.004555575960570001,-0.005916212301178225,-0.0008848115535297074,-0.0014003995887558497,0.0018769581902685073,-0.0015134012316458945,0.013641066641087798,-0.010705089736404855,-0.007833264704008025,0.0033604936736091016,0.00981567551986956,-0.012669263400087227,0.013429804862589403
H,-0.3893242583190319,-0.920418704664608,-0.035440513369038674,-0.4704727612013289,-0.8805374176938333,0.05752596812460457,-0.9741515760579973,-0.22579046249198925,0.006882870867115044,-0.9919945241678062,0.12625523136005565,-0.002545697410642025,-0.6877924260575775,-0.725897302863006,0.0038320169682607157,-0.696432309302789,-0.7144943727013636,0.06693153171166366,-0.5959008507572566,-0.802682649880894,0.024550756545651954,-0.5832733213085364,-0.8122619186375977,-0.004775791125822993,-0.5978126179650944,-0.7947188973806737,0.10508067352166342,0.6909836484966746,0.6994500136640002,0.18251376905771793,-0.04226428923853802,-0.9286603439994895,0.368515529303598,0.7347184784785805,0.570914712802056,0.3663947981184581,-0.006497609128524984,-0.0004096382266119969,-0.00846280348527749,-0.049102523315712854,0.12218321518683112,-0.03651212763222266,-0.008221056399896676,0.11650880097512949,-0.073149658077112,-0.023077664162494904,0.013307546414399463,-0.027021213307328866,-0.024373113051442297,0.00659752657774193,-0.052059503722345316,-0.022531023038235953,0.00993310264440661,-0.02464169683092101,-0.05077377875540068,0.030177384267655927,-0.02685316477988632,-0.130884875071132,0.06300667247302827,-0.08450436541033852,-0.08955103536323994,0.10630072732462603,-0.02856914802794973,-0.15492850957358792,-0.03805754884076562,-0.06704543031546635,-0.021413517015809513,0.08213338289221161,-0.06676515997323469
H,-0.3757141078377367,-0.9263107708724926,-0.028058241878313954,-0.4576392961766201,-0.8861680415727884,0.07261182197147098,-0.9609043129156565,-0.27621748155684345,0.019152135716018686,-0.9819188806115701,0.18897067156306543,0.011198088565702693,-0.694505421941504,-0.7194704723140989,-0.004945539604646931,-0.6937117357097334,-0.7190905159751912,0.04090058157437514,-0.6049299400210002,-0.7960672273307624,0.018350401524253632,-0.5986940574676564,-0.8006925491501955,-0.021374454104758966,-0.6482080076586212,-0.7535955241673282,0.10917950706158519,0.6458095458555253,0.7365402539534792,0.20109322412260572,-0.21433727060844937,-0.8933517173679953,0.39494587414451304,0.6985007407025929,0.6050805085139083,0.3820658234577903,-0.000776685456586379,0.0002614423289295509,0.007703582356141686,-0.0003628873389543985,-0.04453495285696957,0.0048869933581789215,-0.0035345069250590777,0.06860750641089441,0.006361514485619998,-0.0203231463652217,0.012318896756791764,-0.016159828063632368,-0.01088957688823966,0.0012959229340570033,-0.03341322162801324,-0.022639239745038786,0.012507488758016216,-0.013582626512123042,-0.0290308866404152,0.017461435695286798,-0.023980934469660695,-0.06400554017482196,0.0470154394212301,-0.0032834379508029504,-0.05878425312244451,0.042982306497363676,0.011197183574163064,-0.18568313185120655,0.04120069283937877,0.019048073350190334,-0.04982788825728279,0.040057861919736926,0.008288753848607458
H,-0.3575551059479935,-0.933463032204526,-0.02830395233975483,-0.4279776355169308,-0.9013638920071976,0.0661685550920842,-0.9420898212446652,-0.33533080264023785,0.004474539959458848,-0.9660726806756178,0.25784202013895857,-0.01486836584452953,-0.7074835156807119,-0.7060482989624264,-0.031030220307373114,-0.6921140521180584,-0.7217361792896543,-0.008661776093473381,-0.6274633916310987,-0.778591126025155,-0.009249358771269792,-0.6049787575974966,-0.7947102030021128,-0.049359863250724806,-0.7504693642079248,-0.658202652523786,0.05970763431928557,0.6156567374692006,0.7590855989317477,0.21155574939767,-0.5528952541719864,-0.7758494759246148,0.3039151668173127,0.6418431265189263,0.6502551058610517,0.4064550384015948,0.011502658769946106,-0.008043589102375792,-0.0061975564179459,0.0006554897812480753,-0.051961059751361005,-0.014431885295118962,-0.0023128019537909106,0.07602360990792653,-0.025820743948791348,-0.03113709562895106,0.0205744346837059,-0.025838970241285307,-0.016561318298068173,0.004506598017570362,-0.04931664720640765,-0.04069245349984163,0.024628362637640788,-0.02735404983408255,-0.024443702019583458,0.013134607480116078,-0.027739698684524965,-0.12042035843904675,0.10254513297557566,-0.04922616228085874,-0.0483118102760679,0.029697606310301827,0.010708235736505152,-0.3567169854532802,0.1246545027754139,-0.0907849968657595,-0.07481661607340984,0.05232685867917686,0.0246349254052454
H,-0.35068175082108133,-0.9361640362990836,-0.02488386588271833,-0.4141253625544429,-0.9071989897941087,0.07409572866029406,-0.9239073380673998,-0.38241140128383483,0.012520017306106931,-0.9731327075571744,0.2301724068785683,-0.005778978644160128,-0.7040401786571803,-0.7092648730836115,-0.035647814043139714,-0.6816737344605763,-0.7313206009925424,-0.022160738040015438,-0.625488215496851,-0.7801915795804559,-0.008098853395264309,-0.607866204022515,-0.7920484942008145,-0.05619484710790234,-0.745192608997602,-0.6639041479113691,0.06260397656240299,0.5922302535617885,0.778053187098407,0.2095150706086582,-0.5604196037576484,-0.7736681822810045,0.29557978863604095,0.6323698531995644,0.663209813318731,0.40032625729783855,0.006978917835575749,-0.0031340936923535123,0.004507087111173352,0.011309128050353279,-0.044379594549039336,0.004625390889611586,-0.013933382008468775,-0.024968609165832628,0.005669300743332904,-0.003430018103380561,-0.0005155700266274987,-0.008037680192803098,0.003566962530569928,-0.006883417608330444,-0.016919048403578555,-0.004898178992664481,0.0011005505392567283,-0.002269581081031015,-0.009760801551930542,0.005362712895855992,-0.010255070314214031,-0.0015965999165893918,-0.0030004912930254868,-0.00052374421391908,-0.03029983903432426,0.02166859226121698,-0.005460765246048289,-0.014397704712574233,0.004882297738167951,-0.011755464638308222,-0.016346628446274047,0.015655711552236884,-0.009548867560792752
H,-0.3422052429110273,-0.9389541679707994,-0.03550552315441218,-0.39442843773372527,-0.9169587713072603,0.06010673198246865,-0.9191525830472068,-0.3938965941665631,-0.0020005453330186338,-0.9740533519035324,0.22526699260843763,-0.021791046019948825,-0.7018837123880765,-0.7105437394940968,-0.0498683120837,-0.6767899677588138,-0.7343285436350413,-0.05212417427511876,-0.6221687176324974,-0.782649230164421,-0.019138164033493,-0.6076214017796849,-0.7907920985933824,-0.07378406942941616,-0.7584842585236139,-0.6490167223033457,0.058982401973008726,0.5716245437768296,0.7852315985857817,0.23802671600967243,-0.613110186459043,-0.7383555991670625,0.28093933231003043,0.6395447661169081,0.640804626891728,0.42467861058290024,0.011220416910663555,-0.006969649841435777,-0.0033673394061315524,-0.0037217528898610963,-0.008695061211012434,-0.0038989053674317146,-0.009397152256412022,-0.0021152825984148416,-0.005390410104094846,-0.006320041640950236,0.0015112652612305766,-0.0035988407688664382,-0.003592741208291561,-0.00021781097078310552,-0.019341778963409474,-0.005157010045700461,0.0003324810877507467,-0.0004176533665348394,-0.008231705667223976,0.0040465272791478935,-0.006967565049819973,-0.02176815743606597,0.017677557279739187,0.007000082682299586,-0.029082217695012957,0.00996854315909057,0.03913330267270808,-0.06116709061144865,0.038102714785657854,-0.004018799054316669,-0.0013015949927103199,-0.01961505475528713,0.034974010556755544
H,-0.35142336728434664,-0.935387060627594,-0.039403854341944065,-0.4038733488875584,-0.913128377935892,0.05552371985480928,-0.9245571138669656,-0.3808610987047829,-0.011788413437458047,-0.9657857650811307,0.2562165585937317,-0.04013640578128469,-0.6959177791119728,-0.715984163091784,-0.0553635522489033,-0.6696571593624702,-0.7402042060402795,-0.06047331870227329,-0.6185145037613017,-0.7854661497259875,-0.021971260126435296,-0.6039339453663406,-0.7932792890301473,-0.07727715852740706,-0.7760521233823559,-0.6280972521657527,0.056894143947929326,0.5956784928551351,0.7669778140934979,0.23856270839801108,-0.6425780702939929,-0.7168599903010155,0.2705645540030626,0.6531994232491859,0.617162729007828,0.4386806120522554,-0.00022678678051374357,0.00026328602816294566,-0.0006846809401274898,0.0038135935535605903,0.009468388118574755,-0.00588953691690753,0.017485711195721065,0.02738245864208866,-0.01444702857380398,0.015184057649422988,-0.009007530940892683,-0.0015969089776714102,0.01635093276966304,-0.009442769748443602,-0.004450813239622646,0.012872338244515058,-0.006384026904771911,0.0010652350945895873,0.012905580786663706,-0.006054297779970352,0.00040524208954098584,-0.008349740485422585,0.017352362794387566,0.0018100731624524843,0.03327207345162486,-0.021820891835489298,0.004434323575870536,-0.020249759461630545,0.017928501522841533,-0.00647644711943593,0.02287278150559713,-0.027209005227105454,0.017900332656887036
H,-0.353635931233287,-0.9343263670188718,-0.04445073716016601,-0.41162837076519476,-0.9099749029240137,0.05007754416525574,-0.9293634533681455,-0.36846501573802026,-0.022739914705536837,-0.9672150503082487,0.24848882676694142,-0.052424702471266196,-0.7048256420011021,-0.7062031062898544,-0.06706703396076785,-0.6760254922069866,-0.7330635972082226,-0.07488188255140515,-0.621850189923806,-0.7823913616763399,-0.03414818393368484,-0.6078141694803463,-0.7895469751535572,-0.08472018298366067,-0.7917417101224734,-0.6091933992447578,0.0450385031829252,0.5843829178239464,0.7698704975018295,0.25650735356292703,-0.6857241427241905,-0.6846721408741545,0.246994857428198,0.6407948161654455,0.6234718388322311,0.44795632572679356,-0.00554245792869601,0.002092781403156052,-0.0003992928713315927,-0.0025937755522395523,0.01133538935804046,-0.005904618449856847,0.0007832787218223225,-0.008788425435512476,-0.0072414138717595625,-0.006695298940188887,0.008720363193207459,-0.006656598893642611,-0.004155768895576062,0.006079915223334731,-0.009361681030909917,-0.0011231222135639762,0.0020140944409253736,-0.0071300409890276036,-0.00166766016506531,0.0026716202678679357,-0.0023961416380316666,-0.013477022791177184,0.01784315931227276,-0.006808757946782179,-0.009083011082248349,0.0018319897996094126,0.022991527983137895,-0.04093350848125715,0.031127155818138852,-0.018522813756642685,-0.010192043134799988,0.005248416215680951,0.01432259649276011
H,-0.3118921717836008,-0.9473585724441734,-0.07235335788093476,-0.39407860739068123,-0.9187124731041133,0.02587359580624907,-0.8959520277774867,-0.4400335206996863,-0.06033626257938373,-0.984251149537284,0.1465164519462662,-0.0989070469866155,-0.7005431664121691,-0.7052322960398536,-0.10902605475558715,-0.6599036280929393,-0.7423374177064803,-0.11602741013506322,-0.6426300794105004,-0.7609800911224224,-0.0890835672397753,-0.6320670284291264,-0.7656814018716367,-0.1192613198009275,-0.8870160915328883,-0.45986608685866653,-0.041540769359944094,0.4740315503812974,0.8368083433809047,0.27394504136999726,-0.8696864533517612,-0.485582767353875,0.08862758546517786,0.5582439525302353,0.6816824260498853,0.4729405453946227,-0.024193996075172697,0.0042946352452020164,0.003698672361762082,-0.00833233385902743,-0.05853629953636447,-0.00969372715307814,-0.058779858678721486,-0.08894016939537364,-0.018579723794580547,-0.0374612838607532,0.014003015675302377,-0.01405640007405054,-0.025621895335638967,0.003758384927043834,-0.013242906862889314,-0.06252364893638063,0.03444347597921915,-0.027032762585321703,-0.06599661839846638,0.036897778707222106,-0.0066385160964980705,-0.1370181408601011,0.16235951781139285,-0.05867665182210054,-0.15209512689233518,0.07997005130437684,0.04534030852783898,-0.22570607007725696,0.2121215789455811,-0.13046465124225137,-0.12429462308489647,0.07124279264295574,0.05288684038859791
H,-0.3121987403089279,-0.9470425695984722,-0.07511536405983585,-0.40113378826914875,-0.9155806996305841,0.02834901008521963,-0.8976715562760705,-0.43497890292223207,-0.07056295816835347,-0.979623601216563,0.1649611288309168,-0.11456625120131204,-0.6998416726426505,-0.7060621818179512,-0.1081565006793944,-0.6539202233864593,-0.7461443620475069,-0.12512766453075916,-0.6327999203689071,-0.7689121206364966,-0.09131490305196953,-0.622796192984189,-0.7697576582992885,-0.13999303373381344,-0.878344347668093,-0.4779012177841159,-0.011028733380186067,0.4404251075879777,0.8443978619153087,0.30498848404320666,-0.8715747254150386,-0.47482881765944895,0.12204545029549489,0.5611573269893971,0.6735840383926515,0.4810270237614116,-0.006748612353140393,0.002815770627828007,0.005237420457871646,-0.0014129599732566889,0.004738614931753038,-0.007464689410068649,0.004934116846048109,0.018128674038949383,-0.012897198035795462,0.0010080622948456797,-0.0011458886237988297,0.003631560255093827,0.006289973231807189,-0.004122947186727788,-0.006338248216794851,0.010136727566920467,-0.008248032359775448,0.0005306703667068563,0.009577403970264575,-0.004392259273353072,-0.017969707753984862,0.008978312390122423,-0.018351133771150552,0.03327404215865911,-0.03329987426799258,0.007273515688702825,0.033805448852110495,-0.0015817035379502298,0.010437946848724844,0.036179871009218115,0.003219942984488966,-0.00841439050293502,0.010848484545689971
H,-0.28173951371467215,-0.9554661097106865,-0.08779156910630226,-0.4082569553910051,-0.9126750463701196,0.018722128836405318,-0.8956753110669768,-0.43709613838542455,-0.08193108661322722,-0.9861576017748448,0.10570003064939769,-0.12775244804857092,-0.6955519335677426,-0.7079976083660379,-0.1222574916238067,-0.653121179808872,-0.7458016497719118,-0.13119688899726956,-0.6430467315071454,-0.757334713231411,-0.11373228755579357,-0.635977749691264,-0.7577486105590184,-0.14611415090097593,-0.9288497091166809,-0.3671093558909236,-0.04968841606660981,0.3752515002532805,0.8756358610973866,0.30405287421417465,-0.9625301447341504,-0.2675424139530038,0.044235474613200085,0.5254261513222196,0.728131459748952,0.4401726216276752,-0.037582393716112106,0.011329193372678681,0.0030493237976520968,-0.028462981385162067,0.006306304649021766,0.001308076601592656,-0.036993227152537556,-0.05083755806930486,-0.0005099918007924614,-0.026169487519347834,0.0064881135641275955,-0.0014247858979458822,-0.02966018301666845,0.00876625238780937,0.006606980579956012,-0.040706037732494094,0.02000094751729986,-0.009741179457357627,-0.043640783301330754,0.020432587852484363,0.0065550878793039224,-0.08096458804284362,0.11921540200540653,-0.025983477639957328,-0.09563283392895294,0.03966153929429206,0.011740595217434396,-0.12141464591336765,0.21570994381865938,-0.0651337706358284,-0.0661904022614333,0.06297096146851477,-0.028178197087270013
H,-0.2846943815753914,-0.9519242124407439,-0.11309024214526676,-0.411050280200036,-0.9115957410824472,-0.005556256636961615,-0.8908003542194053,-0.4418459636382108,-0.10605127693339103,-0.9837387683591425,0.0706189343510013,-0.16513934037159736,-0.6898447649054594,-0.7074991867713919,-0.15348974249229297,-0.6420362821491326,-0.7477224938343945,-0.16941217376030998,-0.6427233279489643,-0.7535554748293729,-0.1380611098929983,-0.6332930203839526,-0.7556890073237645,-0.16695530702254965,-0.9214299060621465,-0.3818856004245619,-0.0716262270587777,0.3288012106524722,0.890627535003967,0.31412156526769386,-0.967042969257944,-0.25400269955155214,0.017621697685042494,0.49618272903156035,0.7426860069670159,0.4496889974929149,0.00016154305168836203,-0.002462591982270168,0.001020287565597574,0.0078298247082908,-0.008291722522728862,0.001178482718800694,0.005373701276421505,-0.03862299356833897,-0.012088219284061938,0.008662036523002403,-0.003043475675296614,-0.005933577829521766,0.014039765520458658,-0.005462741332425303,-0.012916611724075919,0.0032782714189004136,0.00023734113209550323,0.0009698507017597696,0.005639597168030586,-0.0014822940346886915,0.004457516917390783,0.010374670915253625,-0.01831814180358088,0.0033608620467966074,-0.04349542174008908,0.01144977663663782,0.035367364092483713,-0.0015579566630742891,0.009997817131509101,-0.0013151038891930852,-0.026288554429939992,0.011012649948121345,0.03481504890420424
H,-0.28418121482307723,-0.951409216870102,-0.11858136108301004,-0.41762662161947217,-0.9085261710289744,-0.012969250947418293,-0.9038050488621631,-0.413498630082938,-0.11025115224248913,-0.9816529222860108,0.09008431643141539,-0.16805462237147764,-0.6899118562069806,-0.7062285796068773,-0.15894283252632413,-0.6430909172625252,-0.7456178546675573,-0.17460838162984477,-0.6389876843448647,-0.7556543868003681,-0.14380955102129714,-0.6334242484215373,-0.7546117423136338,-0.17127416581023702,-0.9258596231863573,-0.36919121446659114,-0.0805096597552112,0.32153899036437283,0.8955796582989426,0.30748943610571217,-0.9748195364864942,-0.22292926532563426,0.00542346251294455,0.4937662170923805,0.7511561083738283,0.4381317424142715,-0.007089508171750358,0.002554574482831029,-0.0019218753727134026,-0.01351786139507194,0.027832337984630973,0.001291243628645175,0.001572679320817616,0.018950386509772252,0.0025758369378629936,-0.0005802580538353252,0.0007556115938727181,3.802890371211454e-05,-0.0015678018657068193,0.0015896435961954003,0.00029491106820848934,0.0032224768517853386,-0.0026139075416370394,-0.0002573221905555617,-0.0006443947898988611,0.0005622694394888939,0.0011722601500559066,-0.004942883876524973,0.012179390387328903,-0.003392313758690216,-0.007775387040413528,0.0044371277243338,-0.0011410102242384174,-0.008289733980864411,0.03055843865527605,-0.006707116234354668,-0.00292967869149402,0.00795510583617054,-0.0060661361409001385
H,-0.27848685242047355,-0.9524136662532829,-0.12390835872901244,-0.43117792929643095,-0.9018914159238717,-0.02602819952428473,-0.9064993920301092,-0.4051167644963092,-0.11890861774103856,-0.9823006517898516,0.057652374702907225,-0.17821793732491722,-0.6871212246828325,-0.7075972025518978,-0.16483513439522773,-0.639853150305439,-0.7488614988410321,-0.17261054891798505,-0.6398854316222341,-0.7528870321545323,-0.15397321588889185,-0.6389537955731139,-0.7501517393997854,-0.1703244404018039,-0.9314335453425411,-0.3489722920969038,-0.10319830405223725,0.31462748278616964,0.9014314318798584,0.2973733691752959,-0.9813242091202715,-0.19099171699898318,-0.02291201938402498,0.49165435321154044,0.7622180184535696,0.421069696502676,-0.01924567007956246,0.007639204488283591,-0.007731950930864031,-0.008388705570549826,0.00938631496980974,-0.0033304678525470227,-0.006342091906444525,-0.03142749234532727,-0.00483631730743718,-0.002903730878455635,-0.00036417356183959804,-0.0005653042229012001,-0.002456595445517462,-0.002239194790293997,0.007324830357862119,-0.006592109679973035,0.0037718040290166677,-0.004836667221592303,-0.011223909554180289,0.005464452297029299,0.006276723054435537,-0.011268284558787478,0.02122337175286826,-0.017361646651023646,-0.012605869980806872,0.006856222964096714,-0.004789069284413874,-0.012199035036380979,0.03294199770983197,-0.023008484250967125,-0.00780622628344374,0.012066359462922227,-0.011735048265593087
H,-0.25357011215070135,-0.9595743522423886,-0.12214442575279916,-0.411316101813388,-0.9107044408005083,-0.03790100124366317,-0.886189281030908,-0.44047174049102467,-0.14371222639264097,-0.9758333238751338,0.05264142212947443,-0.21208065609808632,-0.6836474315801386,-0.7052513962560225,-0.18774093153281857,-0.6230487395048937,-0.7576067872547457,-0.19453077933043325,-0.6445264295071073,-0.7414305769247379,-0.18672541676983948,-0.6443584144995094,-0.7389460961730537,-0.19687788249136148,-0.9465998401226305,-0.28768960288951906,-0.1455453024631206,0.2463988875504836,0.932134425031882,0.26535448344500734,-0.992291140465219,-0.1007154601123683,-0.07221280114071801,0.44966674129737516,0.803801748869507,0.38949014144817806,-0.00505491278672926,-0.001652338887530913,-0.013636734695591728,-0.004606629270570983,-0.0281942900056098,-0.026567541627815702,-0.018449412355054373,0.002149733415672893,-0.035626651749382385,-0.021442947167078286,0.009506492284981016,-0.02466973011380412,-0.008112329469226909,-0.001584602424607895,-0.023684163388661486,-0.029557738154645352,0.018617141218900124,-0.034516133857160916,-0.03032135919616763,0.018366329215837363,-0.02831737506577088,-0.04008303504986166,0.06844337519649041,-0.04411093138709665,-0.09314533550545825,0.037863679141129314,-0.033782818706501835,-0.035883671614719725,0.09743694287572056,-0.051064714732906316,-0.06690435218393748,0.04874441640504301,-0.03334348803071123
H,-0.2548560823862281,-0.9586680296840416,-0.1265068619975284,-0.43121828601667006,-0.9008871135547009,-0.049529773227068176,-0.8988302284149036,-0.4080742469761839,-0.1599363293389994,-0.9696321966075339,0.06972847032231608,-0.23441702951909996,-0.6883740122338684,-0.6995494490847726,-0.19175971309489717,-0.630722432938373,-0.7502947987236607,-0.19810837336296808,-0.6405904112152043,-0.74257677847004,-0.19550870347939156,-0.6490584991432574,-0.7319917447787737,-0.20715006701816108,-0.9410974367127152,-0.29910641437804414,-0.15770531852371683,0.2478554619915084,0.9338428344017728,0.2578860806585705,-0.9864868681577165,-0.13916860741514833,-0.08646246389334751,0.44733836304770236,0.8064408755534579,0.3867059647618255,-0.018616213967755313,0.008911004687460422,-0.007266335738675772,-0.011354977148468837,0.031491170956493786,-0.011861666701629192,0.00748709750312665,0.01618072563449465,-0.0179739371762844,-0.0034406104182030384,0.004795624612902949,0.00034365468265062926,-0.0063877231979526106,0.006405665972738062,0.0007848422121944088,0.005221988527429666,-0.0020525241036490893,-0.004420850464822851,-0.0034141144082213137,0.006048028835933028,-0.0059097482820703595,0.006788373645442103,-0.012323134046872075,-0.007797579815866984,0.0027425446765515504,0.0008020868115438118,-0.003105966541707611,0.0070902425430293126,-0.039359469861127025,-0.009887226507900262,-0.0010424080141460679,0.0017328041256039484,0.0015782595583766768
H,-0.2539524648732163,-0.9583261898638687,-0.1308398234706009,-0.4399778213030026,-0.8959523105104737,-0.06073692495020523,-0.8989540241055296,-0.40179055803752456,-0.17448785062682656,-0.9644425405770926,0.06796581360768848,-0.2554040604725148,-0.6843252945128866,-0.7005991875042283,-0.20213774946374147,-0.6264841666418672,-0.7510481832307393,-0.20843275993195268,-0.6428394187365771,-0.7385322348907132,-0.20329195691356827,-0.6447839271068494,-0.7353644689215885,-0.20854923925140373,-0.9409803044725622,-0.2904952975047894,-0.1736909575145698,0.2599222762432591,0.933176757301225,0.2482368827255402,-0.9856753074981396,-0.12956884950774392,-0.10796342633358588,0.4559492426689034,0.8063475399138235,0.3767146572468057,-0.009663152799344321,0.004592963224054225,-0.006874190250064534,-0.0010274132036378059,0.005941849118486442,-0.01021855981475464,0.004286038517429536,-0.002104496534800479,-0.016654069480342315,0.003145100207970042,-0.0013915782396286547,-0.006045074895771774,0.003334648783494043,-0.0010952243272515094,-0.0059914250959120785,-0.0031526250343845708,0.003702703759153936,-0.0034502919611041905,0.0033709545233962523,-0.003714563962987638,0.0029337892398298704,-0.0007864852728587945,0.008269277053081836,-0.011652677517780458,0.011163196738738917,-0.001007916920720775,-0.005316236459957768,-9.205685343488534e-05,0.009257918087231531,-0.01716800096716585,0.007707262108189283,-0.0004351754598073132,-0.0056583460419472875
H,-0.3025484170710656,-0.9362465256366292,-0.17862502221450724,-0.46548080611180936,-0.881975380191263,-0.07380411829957115,-0.9267649965032665,-0.3287189775497233,-0.1817978961786003,-0.9385152114160242,0.18950784507043042,-0.2885757692487314,-0.7072768115266002,-0.6772654571325509,-0.2026598442015662,-0.6420427254723708,-0.7326539179233289,-0.22583041252144442,-0.6829465712890143,-0.7028157722006062,-0.19908282475051725,-0.6716533879128317,-0.7054894563724041,-0.22619980869263548,-0.9149401075605733,-0.3816591030512686,-0.13122853590262892,0.3267292177159815,0.8977225435436404,0.2955372279497781,-0.9677205204074963,-0.23972581032175844,-0.07777229743180333,0.527687476595458,0.7354718837346377,0.42500239444048016,0.02309296738904254,-0.008102733908028736,0.03471800539454041,0.020784979800112402,0.050991916260561765,0.0404751531921326,0.07452328135891761,0.09946236723550243,0.014613489967689713,0.025644435184135728,0.0012540661444379042,0.04726310400608158,0.03303739336734568,-0.003685398919829108,0.03038754615441458,0.00848879964541216,0.013636798462867472,0.05199433090695735,0.021726491391866998,0.007795348321944839,0.030134629302674576,0.07463614910983818,-0.11324346977371869,0.09024762035584721,0.11540289367057172,-0.05753387798482401,0.09508554396814423,0.06655073928849253,-0.13223662504125402,0.07797632764568888,0.12033418612440389,-0.09295532040642529,0.09607293593758079
H,-0.31805517140931505,-0.9290013319118358,-0.1892020963039959,-0.4759427086994085,-0.8763582963494501,-0.07399104307522397,-0.9361532998027502,-0.2996380231663622,-0.18394035539102518,-0.9348609876734717,0.22107413795877337,-0.277778975539846,-0.7407312255326599,-0.6339813203613414,-0.2222272192009207,-0.6744376288104813,-0.6932821519896541,-0.2539561823958804,-0.7025161583692121,-0.6819250130037553,-0.20359107021181524,-0.6804313015831235,-0.6974468680352238,-0.2249024457264829,-0.9204390073666002,-0.3720094982606697,-0.12000402877333917,0.33585918380507307,0.8675229266539912,0.3668822432109298,-0.9501021056218457,-0.3095147782409191,-0.038814828911251334,0.5436952440254602,0.6452607017095763,0.5366880923342352,0.005044851750650281,-0.0016281098829805662,0.010390149313835834,0.006118451038765738,0.021835760658567627,0.008434614877063762,0.01916097808080197,0.024321099163549464,0.02137386779837408,-0.017947659667810312,0.03603894304641608,-0.008990300909865828,-0.01688814899986102,0.032126572208881266,-0.017548695784947332,-0.004062832741948408,0.01364556547205742,0.0060688286281906645,0.006728840667957647,0.0007973946123868147,0.01187443705564123,0.010007854532222527,0.002404411065805412,0.021801581218778412,0.024636720427340997,-0.037444810614442714,0.08192208935064038,0.03312516912390007,-0.07703416164395416,0.04953454261004066,0.031514521768251647,-0.09745637574985488,0.1222627719832437
H,-0.36463520829469515,-0.9110733306428616,-0.1923188785928397,-0.529276818496102,-0.8460295961163912,-0.06403102293248354,-0.9626481673990043,-0.21343063385238462,-0.16660093138007373,-0.9152966827106929,0.31578245537829464,-0.2500268455467467,-0.7758286111712983,-0.590018825303404,-0.22353467712103545,-0.7050643507233948,-0.6573728424274857,-0.26597971234251283,-0.734146980415518,-0.6485168494108897,-0.20113206402001246,-0.6969256282153609,-0.6795503525506046,-0.22914184926585007,-0.9043974018714654,-0.41082905887137866,-0.11525981031999093,0.3821992219175075,0.8455135679657556,0.37286802108986145,-0.9306976390496795,-0.3641115936596689,-0.03499502864649083,0.5874057871939556,0.5831718319183608,0.5611283771366696,-0.006754072911313358,0.012400698964084689,0.013076802431584225,0.020085169289126015,0.06827938804500336,0.02045620629979525,0.06614434184815893,0.07678031615054706,0.03086891228194308,0.011482651246741693,0.026034493788963164,0.0018093243687290483,0.015953314972466603,0.01798130829319422,-0.008906747657788622,0.014949214839074243,0.015480162323891378,0.005575788480646576,0.030085710253142717,-3.148578435496763e-05,-0.0011226212505233701,0.06262164238051487,-0.05674756187968316,0.007861000742192037,0.09292007499781452,-0.03993735995720982,0.009102560167775414,0.0659845034575463,-0.07252481668772398,0.006936582553604298,0.09029058005387552,-0.08001687106018973,0.027557067091278226
H,-0.37899992568429086,-0.9045361532608691,-0.19538015194827602,-0.5299023900263409,-0.8446925542903281,-0.07548473866188316,-0.964483260854845,-0.2085978860699015,-0.1620461707599821,-0.9141639967488213,0.32686650464728423,-0.23971331875364751,-0.8097122618164426,-0.5471837394223307,-0.21202831974973435,-0.7518305226193415,-0.6135618803621211,-0.24143877945439093,-0.7747944691877668,-0.6033865040888954,-0.18872799792142156,-0.7429553757352589,-0.6365716267426724,-0.20686680181282818,-0.932979575546436,-0.33642010822978013,-0.12794773304695634,0.4595053730962037,0.8148211014489211,0.3534421943250205,-0.9580381191673569,-0.2822909205736083,-0.04974734549679936,0.6467869815688981,0.5343591617034216,0.5441754191220056,0.013739145859356816,-0.005200135555929353,-0.00839244237396329,0.012529623933754952,-0.0017044295995093384,0.007616033975527958,0.015497403351467265,0.00454687188699715,0.01337480014853551,-0.0195189332555486,0.03629790849908088,0.014567630726737418,-0.03240145450635096,0.03727378468337217,0.02760220624355822,-0.02628277138265317,0.03859316794000189,0.015465339454027227,-0.03166503013030236,0.03644154842593972,0.025336320808458213,-0.014217456285374797,0.06787177325960608,-0.009626649371529086,0.09167086856829193,-0.03722964389882699,-0.016364553409404625,-0.012975762728081708,0.07528349570406817,-0.011691043494872204,0.07374591176453821,-0.05534984759693162,-0.013891684659227688
H,-0.46418525725242754,-0.8464340190356004,-0.2609243154034103,-0.6318955356616334,-0.7631204233052905,-0.13548155426201544,-0.97840852268333,-0.0630568500742698,-0.19682631023146968,-0.9044227826014946,0.30504985654227396,-0.2982683612703632,-0.8857548309611083,-0.41833737417975236,-0.20107764866699687,-0.8691504316436011,-0.44045301400826575,-0.22489702004423381,-0.8288247116574491,-0.5216958208651616,-0.20219561775115585,-0.8476258560644901,-0.49621180852934127,-0.18789425006364802,-0.9221238814116688,-0.34736932219336303,-0.1703587430371633,0.6506603087950494,0.6878243918293133,0.3217744063212086,-0.8920390336753882,-0.43103632860435415,-0.13591926214764025,0.7916922271471879,0.3654414414473649,0.4895671254767802,-0.016807814067155813,0.023469996759768907,0.005547347855002022,0.07126006973965171,0.08743890177036306,0.03076402398364672,0.09492654571546344,-0.07991878233027894,0.006989120938418608,0.009142762423471007,0.07074423101730964,0.07649483453787179,-0.032134577456122915,0.1150067321285867,0.08208592286529143,0.031155089098454436,0.023588548998465075,0.05207654362540001,-0.01948514876109453,0.08225768398806249,0.08451671520431447,0.09604102570290385,-0.06905134818885156,0.023133153464927336,0.2763402672669824,-0.1850988438448764,0.03387637545132238,0.15118441706010544,-0.20684754225601454,-0.02062775319570659,0.23009057714642644,-0.22701985448132533,0.010935869809908905
H,-0.49887354080272434,-0.835253535869898,-0.23125034292684934,-0.6380238680208313,-0.7635475126736193,-0.09960291022688907,-0.984117754542996,-0.07098496826312622,-0.16270642112078515,-0.887636607841426,0.39735268941823876,-0.2328349042387314,-0.8872885948655991,-0.42013911093159895,-0.19026843376408076,-0.8722033654403402,-0.4444257560095976,-0.20432091598718402,-0.831819399021443,-0.5204542423048841,-0.19288304507772164,-0.8535952519789908,-0.4893874154902884,-0.17853600017548008,-0.9159530195995488,-0.36953744080904327,-0.1564357559088436,0.7575528332639959,0.5215328379703243,0.3925776403876203,-0.8305523228404971,-0.5483264083786219,-0.09757555482217542,0.8069833122525946,0.16987976431286994,0.5656136485471644,0.02855995119109883,-0.011607572534031219,0.006204671558565397,0.028979051690630808,-0.019108601354558843,0.004445916634123553,0.0514744583103654,0.08112234971026239,0.03575948455507083,0.03315451964580601,-0.012982219917548998,-0.018864757573644864,0.031635349753557696,-0.015153225167034268,-0.009097868419511185,0.03169359618630291,-0.009938904605424903,-0.020361399803126762,0.028718887635796164,-0.004356090126649559,-0.020315722588393037,0.040859145362416804,-0.03334860178138266,-0.015750985348241264,0.14158080801924328,-0.1774720370246914,0.041129261589850724,0.0961749943851879,-0.12847056293997017,0.008669734848903848,0.04997936865570346,-0.20674216030019738,0.04637255059382325
H,-0.5215479021305127,-0.8198580536948968,-0.23626374579032797,-0.6636176279194409,-0.7411273705289679,-0.10169495841678886,-0.9869024347437604,-0.028141606751916636,-0.15884468598684146,-0.882141439468561,0.41402177121091827,-0.22452717816716317,-0.8974422646684981,-0.3976350445198433,-0.19100720655613984,-0.8792044925813337,-0.42996363704669804,-0.20525771859390524,-0.845189005835377,-0.49989380839587133,-0.18910770672418087,-0.8651401449645129,-0.47081198219276166,-0.1728253655992211,-0.9141116765829087,-0.37574309016194357,-0.15237116830403646,0.7757074189253097,0.493902485506692,0.392859179649077,-0.8271159015016318,-0.5526466271427973,-0.10227898606670269,0.8192230566360834,0.11500196457784144,0.5618257128496964,-0.0029193985708211856,0.007024659969650182,0.0029213546735788326,0.019889681127023995,0.02744787933620839,0.008875137997422317,0.028169529700653284,0.0012735996176783115,0.013321128935046861,0.012520691524889382,0.007108584236754478,0.0042746300714195384,0.015673234186794838,-0.0009333632121016344,0.004076600256757407,0.009304754513854319,0.0051649517340116025,0.008788741217019391,0.011129468342266302,0.0031799511225255594,0.0107240374397376,0.024515704344428457,-0.021601131527901496,0.009077990468285752,0.040828946989102166,-0.04302583463863352,0.0052949421249353645,0.02611078266665362,-0.019715700939176628,0.0003099716189513546,0.03491410571127723,-0.0702732819100297,0.0012254671660105743
H,-0.6024559087393655,-0.7614291574895841,-0.23931676947035577,-0.7012500158936258,-0.7035260707859431,-0.1153233841581223,-0.9839138878203856,0.07448791235886407,-0.16237306508960156,-0.8111190156693237,0.5462426321295952,-0.20905723920438457,-0.927043325453476,-0.3476322395331993,-0.1405080025097968,-0.9366463753032238,-0.31672814934648125,-0.14958892687256473,-0.8761489291350371,-0.4605137386016396,-0.1424434994468637,-0.8726878456535697,-0.47389628832621883,-0.11763601471983196,-0.8454854951224957,-0.5198890220949732,-0.12194130654786671,0.9238894412907693,0.18454411867022097,0.3352189859415207,-0.608208844592446,-0.7909220234276857,-0.06726331999371897,0.8677523772398162,-0.12600805786747,0.4807575076346869,0.04327561863466789,-0.020827596462287934,-0.010575402061305639,0.08389655353222758,0.04420062290546793,-0.00047535542273230424,0.15193043040809018,0.07379196471336419,0.018522962642806395,0.05130694582387485,-0.00842609121866883,0.05355222772637083,0.023466123886962675,0.05480659149490402,0.05872181540136831,0.04994808330919276,-0.01904882641108102,0.04971723095734498,0.07336030591979592,-0.061513202338769946,0.05824237455941694,0.14953418806926577,-0.20257482813834243,0.033482885436197554,0.2290900289743124,-0.36778726304178383,-0.0545871700275285,0.29981506351803866,-0.29670429249020114,0.03806868975301152,0.1294373272125856,-0.2994389186506242,-0.07801518153498171
H,-0.6391804026790223,-0.736376095294264,-0.22180770750867948,-0.7481717999669414,-0.655757273890282,-0.10110071945447616,-0.982568807664104,0.13670998450060573,-0.12597189505355966,-0.85195553511117,0.4984630938315343,-0.16033187543759056,-0.9315305338726904,-0.3425187231974312,-0.12219569845973266,-0.9354079246806336,-0.33961325391344177,-0.09836082660792554,-0.8794355548666184,-0.459151701534804,-0.12558988738802662,-0.8685412042504366,-0.4880763455591734,-0.08612582321698746,-0.8486919555358757,-0.5174483621694065,-0.10940364297814725,0.9529920661560362,0.07759055684219276,0.2928921769739979,-0.5275622782783941,-0.848707018749085,-0.03707342530372224,0.8554328370685204,-0.2955453017228545,0.4253088711682947,-0.010197290133658776,0.02271573470034094,-0.0032863972580301493,0.03806957409593836,0.037169009946421555,0.018892108074365616,-0.004112025502189476,-0.07283260049338103,0.031216301805117724,0.03223728552044247,-0.019939545859551988,0.0008032420883878622,0.037962944562247025,-0.04793816676228063,0.0337190383029629,0.03343786820807548,-0.023691025128484533,-0.0006554499028392224,0.040871135342789966,-0.039233119428274676,0.014001129541168209,0.0335180335262768,-0.022612402269753362,-0.00497139839195683,0.06582711880492365,-0.1320066240233483,-0.05983587092919912,0.11737106025370869,-0.08283805751671947,0.012680832728320442,0.024404953768360937,-0.1945903060507046,-0.07295769842806848
H,-0.6446833072026024,-0.7421494943458887,-0.18329637600470047,-0.7532873537256632,-0.653443362769594,-0.07463199293434668,-0.9847182963581745,0.15436270829992238,-0.08063517286995418,-0.912683819719069,0.3977189637246102,-0.09395675131054865,-0.9305267550839844,-0.3530546601485369,-0.09732607574679822,-0.9400310949841114,-0.33722148253890016,-0.05121730349441128,-0.8890625447828446,-0.44815980686594,-0.09338404025386701,-0.8573492300163702,-0.5119827319138304,-0.053159947445311384,-0.836405886970386,-0.539848327776865,-0.09481020640102125,0.9631081306069764,0.10685132550351613,0.2469929614318532,-0.42962374369685236,-0.9025509501964187,-0.02872666272721482,0.9021727865270016,-0.20598469061753777,0.3790179025868072,0.0003873507648581853,0.00808731017231279,-0.012042604983849528,0.003353415829509543,0.023426122850941422,0.006825390679626467,-0.05522538008431899,-0.09497073105529935,0.027863792623062905,0.006506683312285988,-0.004762537899480945,-0.013641708791044566,0.0008797342201022351,0.00816517042616638,0.008632191609535253,-0.004124085392646193,0.016765293720488794,-0.006305484369819397,0.016694878757646414,-0.0181329873030322,-0.005545455732302931,0.017788973089069793,-0.01662656655583372,-0.023917894926853006,0.015618968974520309,0.035034167712948136,-0.08441054704612369,0.10344143910512177,-0.04807053239570891,-0.030164568927471585,0.0522428539820613,0.09533401015694148,-0.08480230008546652
H,-0.6484731566043049,-0.7401861686342233,-0.17778357889928317,-0.7620614272821097,-0.6449854918202501,-0.05706221508269658,-0.9875456517952872,0.14777198465955202,-0.054009500738282416,-0.9314664699350272,0.3594906308186864,-0.0560062651884763,-0.9277606342815014,-0.3650837706032381,-0.07729195248994818,-0.9429884761091835,-0.33200071461591507,-0.023414940098184685,-0.8821180807528038,-0.466202566432919,-0.06725220189963599,-0.8474824956302967,-0.5294013202945986,-0.03882861922062075,-0.8138085576909074,-0.5790126714265811,-0.04959796121312682,0.9615843127977394,0.13371182594930386,0.2397431062253979,-0.35798288230067044,-0.9328115027125848,0.04136370857156953,0.9222833879301691,-0.05350053685761573,0.3827937367617139,-0.004984224154743866,0.006494545237678451,0.0120569807462328,0.0009624939645899167,-0.008554049352035825,0.021112875026254467,-0.014992800814255691,-0.040191658617589276,0.03243768901665505,0.006555970204185635,-0.01399243616636664,0.014521326151432742,0.0008324682766305269,0.0032574422113196277,0.022289566290809297,0.010734313431743359,-0.020006085278644503,0.020619041248813724,0.013656583787776122,-0.019381914092433727,0.008818531119273332,0.026387178681181123,-0.04112766936138157,0.039699448082477135,0.0022660315924655228,0.02489717473412227,-0.012762652311872597,0.07543071079788449,-0.03222387822783157,0.06457757419336704,0.02390045080487002,0.15052082804825656,-0.001736962930510566
H,-0.6604802797001583,-0.7460512937896632,-0.08469514249335992,-0.7162302613275342,-0.6961835336001859,0.04840144938584636,-0.9979459028818298,-0.029598938705126223,0.056814414974543904,-0.9199093797709866,0.3796155880302816,0.09827888040562087,-0.8843464310446056,-0.46598968486156345,0.0280179139353609,-0.8809276396872601,-0.44372592142633827,0.16454118113524016,-0.7986646493561579,-0.6009109334141545,0.03226186560221046,-0.7635632589212064,-0.6415329511963406,0.07352973653523043,-0.5990670700401859,-0.7707619707353272,0.2168977410248013,0.9403813479763612,0.004162076888857829,0.34009645322192494,-0.04197420144406367,-0.9079968293747761,0.4168691932231103,0.8286478284605706,-0.003617756884331951,0.5597585981677338,0.05783828905042887,-0.0453329166244959,0.01237522806261969,0.0016068720093107558,-0.17150579820923834,0.01773547930690307,0.023564213259893996,0.02599008236703515,0.06119670918817392,0.0554213263327491,-0.09504078910288544,0.012221430019385818,0.07406795951777678,-0.10586008165498328,0.09486768482750159,0.09546055449249935,-0.12884324182579554,0.006425631095923201,0.09592635980494368,-0.10626650574630203,0.01926991934992793,0.22674861074657493,-0.18588417415330616,0.1734072658320049,-0.00919584172552479,-0.12368462390500612,0.0072649105906037875,0.32801580395246016,0.030679798493248644,0.28241704824561753,-0.08162843637374506,0.055747905128723685,0.08387642500009661
H,-0.6755329562540746,-0.7357857207424157,-0.04769274752196978,-0.6965626419076758,-0.7092457258917545,0.10849417589381193,-0.9822540015650397,-0.11814993455663636,0.14566286202642587,-0.9001244446246233,0.37704920285987137,0.21819689001438372,-0.8565794278273036,-0.5106864155265493,0.07396667370981341,-0.8680807168880039,-0.4508440615422264,0.20778715345111795,-0.7517131151154048,-0.6543469926549148,0.08220344133284788,-0.726955542099402,-0.6754348774991225,0.12378758446916206,-0.4689262268482236,-0.8163277497357808,0.3372198078185871,0.8834058367547385,-0.2616933075447581,0.3887296494659818,0.0,-0.8769020048113547,0.4806691938930836,0.7812711054024024,-0.20294623326201608,0.5902781431393743,0.034720295973774684,-0.023327765338816087,0.02309033153657542,0.03074457787070639,-0.09881656889875765,0.051846052080491825,0.03483761170027966,-0.012831958217657757,0.08291561463737271,0.042819679771218366,-0.05496230371223332,0.008946364803062372,0.027899599353172433,-0.01738371316313564,0.006243577344487647,0.062004210794669334,-0.06370163228800785,0.01293918075924727,0.05166039337572059,-0.04416749935002939,0.013255452962541492,0.14519351974587857,-0.05583135204770118,0.08331967182239568,-0.04192283466770641,-0.27612095748086346,0.011630801272666733,0.05702687799797996,0.020829251516173874,0.02679760569858318,-0.03232404650425191,-0.20959404942493165,-0.0064828499997495875
H,-0.6421455815297,-0.7636282046284487,-0.06723850993155316,-0.634445909469416,-0.760412374373328,0.13874944633202435,-0.9502598824971613,-0.22601967529162045,0.21429246859736284,-0.9050669784961317,0.23734596613232245,0.3528748457974826,-0.7658377436325327,-0.6366734711605633,0.09021885361824739,-0.7853880887035257,-0.5987258440361202,0.1571397906510578,-0.7028542351902805,-0.7106923821256663,0.03020367632643012,-0.657953064566022,-0.7527627915555595,0.021117397511570702,-0.3637180087498804,-0.8548920546595671,0.36995781515054604,0.7486252913818771,-0.19279267355356822,0.6343430918103128,-0.0641007143317885,-0.8786888025389687,0.4730719677964311,0.7275313824552794,-0.01017693033031786,0.6859989195558269,0.028729357713885184,-0.02332416459554043,0.0498010328477958,-0.0013932556564961729,-0.08002725684895104,0.08817536898052035,-0.03832990859588303,-0.11186075284151586,0.1542237181926822,0.057354309470396325,-0.09814457174798097,0.03579794231801735,0.049305253460103615,-0.12003929860786072,-0.031101600390476783,0.015471505200749802,-0.028502905584718463,-0.03245400259683438,0.03561510280900548,-0.049485430170403966,-0.08312442454800799,0.0718208433739686,-0.01072182103775321,0.052283769741542294,-0.16816792009723602,0.09674311787722295,0.26515920475391436,-0.09748808905616309,0.026055686158419022,0.011948536312930899,-0.08712709767149762,0.22061178681773128,0.11526653882603598
H,-0.644407590877936,-0.7645882185345647,0.01198803140785008,-0.6264193342470391,-0.7629202792030033,0.15984825698864438,-0.9487092880356465,-0.2276208052156327,0.21940705510052227,-0.903423769161092,0.24345454338098452,0.352924040867043,-0.7908670868570398,-0.6006770277403684,0.11711686160095033,-0.7928358212177115,-0.559064790323986,0.2426065143685031,-0.671018782135917,-0.7265682562823864,0.14775778484940497,-0.633809565353281,-0.7539665134910817,0.17268448511892298,-0.30279491539505915,-0.8601828445683886,0.41036655945768097,0.8638197273880274,-0.36698991079299925,0.3451577667551759,0.0686900919781927,-0.8544397730794967,0.5149896556668742,0.7780855797695947,-0.27696234694344835,0.563803768105704,0.01028858457061288,-0.0015478909235593363,-0.05812773068278321,0.003812603809750792,-0.0006411160178962372,-0.0741119548362438,0.0039052186832756464,0.0070685911547780644,-0.07917734626984282,-0.022767333876271167,0.03695645732631092,-0.05232853335670029,-0.005185723165949785,0.04062106761825013,0.006240182378042081,0.034097462402599366,-0.014915860250604096,0.03832756718357161,0.026405508560976898,-0.00024370802940620884,0.07234054626794903,0.06318510270305722,-0.004330776002705483,-0.038817797032268314,0.11745644535438626,-0.17323722333331504,-0.36841186639454016,0.13505281565821714,0.025209043365588046,-0.03730885346896021,0.05281620666255127,-0.2658254027070145,-0.20142169278952618
H,-0.6090878403685663,-0.7922593175433443,0.03656742376638186,-0.5898944868579044,-0.7875002932138139,0.17851549670212605,-0.9354342733890872,-0.2533344305471652,0.24654489746975886,-0.8851487976777632,0.27881775857602764,0.3725214939735024,-0.7554447225602092,-0.6417858229556028,0.1319629819651263,-0.7694884807493522,-0.591612032972389,0.24058819679346474,-0.6309083808666244,-0.7570713389324208,0.1696985642818638,-0.6037576070047327,-0.7766969591951078,0.17949536361976495,-0.2587822739952763,-0.8702402516482779,0.41918210729583344,0.9190660559552403,-0.25474232163814753,0.30070572717739463,0.11632653161213874,-0.8525584607489602,0.5095215491502333,0.8372743233515173,-0.13881173266276325,0.5288695589003214,0.0012050968797651107,0.0030910849979690624,-0.005912152645050118,-0.022044735862810416,0.001957473677247107,0.0025584500107047985,-0.017044779026040846,0.06303431420382274,-0.004981939252072343,0.00010261378746090344,-0.013437696206454852,-0.009733271994355825,-0.01197241004101035,-0.004876143639623298,-0.026597709933570152,0.004790650759923021,-0.0028319836412548094,-0.0026386129260729425,-0.005267792160821294,0.004940653304753462,-0.01776851385768981,0.008692890890413196,0.017613691928890285,-0.01576384452037931,0.01992657805784326,0.13991868816363134,-0.06903143193631305,0.012316689124576397,0.029552411339316076,-0.030047498875172652,0.02386899307255297,0.1658217132894647,-0.05951360156391437
H,-0.5896549168143664,-0.8063893344246559,0.04520310169449995,-0.5702390957505712,-0.7968225315574289,0.19975291457193084,-0.9221145588464358,-0.2723970701533955,0.274780961013112,-0.879869494174411,0.25505154612837033,0.4009717970615814,-0.7480571208274899,-0.647520651130862,0.14535319170335062,-0.7465811938984594,-0.6190725053031397,0.2436508856845078,-0.6320665685433603,-0.7542188166907645,0.17789274712422812,-0.584232336733607,-0.790816873108757,0.18243149377582038,-0.2657666138404906,-0.8705610486504718,0.4141154036501786,0.907372238499818,-0.27051528196007907,0.3217096564075882,0.10152447758757531,-0.8631118607002931,0.4947026342855349,0.8333100938962554,-0.16647912887439978,0.5271422835059192,0.00022246755313326538,0.004807778537696539,0.012601739941686702,-0.006113209011548437,-0.004932622724918734,0.019600385615235055,-0.014153620050847637,-0.009636195566345762,0.019814625159960908,-0.012045321821480548,0.008395188706052381,0.004754531810106238,0.0034743632966928173,-0.013330455449439227,-0.005572989037075038,-0.02059111123093582,0.016982539122967877,-0.00044149508575377916,9.234671692581742e-05,1.010296766235097e-05,-0.005699547772062663,-0.026417263399414193,0.013809219879117651,-0.013702381573772904,-0.031126741009622205,-0.0016429434406199928,0.012368251302075473,-0.03423497757876333,0.003576616929978682,-0.023454592792816475,-0.02339715300946177,-0.013537379330324978,-0.010362953322520296
H,-0.5758868818906229,-0.8162092523169823,0.046440883911144704,-0.5695205073898867,-0.8012029080171577,0.1836308575572638,-0.9273732751699112,-0.2770761313284421,0.2514112685396106,-0.88792885481192,0.28442444078931595,0.36150392290274963,-0.7281420630334159,-0.6707640885640103,0.141013026115794,-0.7488598812595157,-0.6120175015770098,0.25425077385018696,-0.6149406417528429,-0.7688217662536664,0.17538842280833242,-0.5804235985564992,-0.7935503604489185,0.18271910592523016,-0.22978483390557228,-0.8959415988786564,0.38011522135497994,0.9489020976337549,-0.19495136435123206,0.24815070953727517,0.12584149340138623,-0.8754324499891278,0.466671130502565,0.8609463281527795,-0.10137135722391481,0.4984929969165343,-0.013049446563059064,0.005439541432597617,-0.01735983923131179,-0.019026751247218976,0.005140856717279763,-0.024607474690146153,-0.02182739556125257,0.039192812553272005,-0.040705656375476545,0.006147022870330421,-0.013423519540821882,-0.005577947804201372,-0.016046722284799864,0.016874921618456273,0.009362105949034416,0.003357891866773821,-0.004783031670575477,-0.0037421065325404512,-0.00995929674663576,0.007086430552164957,-0.0009501700672349678,0.022213745011174763,-0.015560632335858249,-0.03523796451184344,0.027761824210193353,0.0853838355011734,-0.07479672908695778,0.010548980890067353,-0.002500671396508336,-0.029269285999614675,0.013868199332780495,0.07492768954281136,-0.02988706880602962
H,-0.5679040361877273,-0.8220770221847082,0.040919130948874304,-0.5536083974817422,-0.8151289377090515,0.17053608752111887,-0.9189047258705745,-0.3189299223570463,0.23215901748166648,-0.9037417588434176,0.2639558631564143,0.33701355407158096,-0.7062349548620181,-0.6964578885010605,0.1271951181283598,-0.7213450935622517,-0.6563417636683029,0.2210808568339821,-0.5905932576133872,-0.7901927210921186,0.16369199001368584,-0.5637567361775954,-0.8110765868460847,0.155990745509119,-0.19317737852308886,-0.9132024724135732,0.3588087858521365,0.9622690284184132,-0.16906385010572,0.21320349794061494,0.14587120126901626,-0.8824089419168589,0.4472986159888086,0.8699450826584617,-0.07691107507040609,0.4871141957384085,0.007929264205248976,-0.008058259824167857,-0.007573017073874526,0.0004857035964411782,-0.035986021160878234,-0.01373049809567372,-0.023795749734393135,-0.014600807765175694,-0.018968615868898274,0.013924262468502202,-0.019826030069324263,-0.008296155025163808,0.019531941994368474,-0.03845649222356706,-0.027648164053934464,0.01636453843656016,-0.015503184970726225,-0.006174679832376177,0.008684016676008266,-0.011658456529440309,-0.021206607453840752,0.02862460967958788,-0.011393103667190818,-0.015784682540573046,0.005384085081762802,0.031755284113238025,-0.029425458634389827,0.012046862164734495,-0.0011087220600051184,-0.013850761551485978,0.0010159088027866803,0.03032805202123469,-0.005857048215855441
H,-0.5330227112008026,-0.8452679746209428,0.03753452310014395,-0.534606719444329,-0.8321722833290047,0.1472580944599082,-0.8956884827093491,-0.4046799261330734,0.18432661046835974,-0.9139105994937228,0.29022546042089814,0.2837897078058012,-0.732595007520986,-0.6750792266049782,0.08702064560637912,-0.7324731230814135,-0.6566391505185422,0.17974467994810792,-0.6354492976631171,-0.7598546976273447,0.13720433153916078,-0.6066623203749032,-0.7877807243186102,0.1065943686569991,-0.2773629581596393,-0.9018570696632711,0.3312455514256941,0.9939154435371307,0.013317522307326616,0.10933770940523081,0.1522859181208531,-0.8748589069945785,0.45981615021042954,0.8744515646919261,0.19213648130191419,0.44544139183596443,-0.015879646949511605,0.006147606816281348,-0.019893385212480318,-0.011665081825699364,-0.0625590513397925,-0.04444779916457638,-0.045050165637229966,0.04946054970071845,-0.049839238417049396,-0.06124137764589266,0.044569614332316876,-0.036789864673250315,-0.046009354506086564,0.022893565585995312,-0.03795156903714383,-0.07973736503665463,0.05352897590100847,-0.0231030506257947,-0.07778690918423259,0.0464868149637091,-0.046011769003389554,-0.11906690462347519,0.03453635518653675,-0.02417862657771202,-0.003234909868207292,0.2055723248492812,-0.10048118068665376,-0.028466608135087917,0.03074098735851505,0.015902142070351295,-0.03037484295346038,0.29223850880855484,-0.03828819605371369
H,-0.5350789207047151,-0.844681342174135,0.014282114702627588,-0.527913763022423,-0.838963871225898,0.13208588716876452,-0.9143880707365786,-0.3773723997801008,0.14657601433674436,-0.9332286096029685,0.28549247061714733,0.21812476117907273,-0.7252055314610084,-0.6837826770194967,0.08073529430433028,-0.7554751413610247,-0.6272609329285262,0.18921160854232677,-0.6337373570729716,-0.7667562180000435,0.10228325575789494,-0.6086441792364036,-0.7871909256591996,0.09941181841942631,-0.31899781303416236,-0.9117424690172896,0.25877802354465557,0.9673774129575796,0.07295922666361977,0.24260645528127897,0.09906915122747162,-0.9025001124361702,0.4191406092563314,0.8259885975280471,0.17292060260470074,0.5365084360459554,0.008749165925818536,-0.0073782203437010585,0.008080201106372677,-0.016643378523316987,0.026720893906164833,-0.01449818773409902,-0.017261800605333222,-0.005319622250558598,-0.042412538229212114,0.009445685563890138,-0.009290082861326265,0.016967057095467523,-0.020945808775698627,0.02879158514320812,0.032719336991735216,0.0037681500940579538,-0.007488152819506544,-0.011668667383749477,7.43506424121243e-05,3.1662126028786375e-06,0.01606985815994357,-0.039578645370610566,-0.010472031800826342,-0.04921511948352219,-0.024481821075638566,0.05905507190948537,0.1565211542735645,-0.05116055738946898,-0.028227837888399554,-0.01742313255658178,-0.04640675765996649,-0.019802511144021234,0.11431945260750737
H,-0.5325621859891715,-0.8457930980823778,0.03180492557212655,-0.5249958094060546,-0.837756543456664,0.15014451039456764,-0.9090849179824331,-0.3787963900374328,0.17342983247262236,-0.9438190392898764,0.21887317628975736,0.2475886786078222,-0.7299226738795497,-0.6741990256555483,0.11255471541271758,-0.7481191102483793,-0.6242281383990453,0.22507116232879645,-0.6308784772163237,-0.7634407666531362,0.1383854862233906,-0.6024472715200226,-0.7878532906687689,0.12784552170675526,-0.33630826027019445,-0.8925757615720508,0.30034191170748814,0.9635036467527138,0.14057853431857778,0.22781219981173503,0.10051990240541554,-0.8953760708892043,0.43381728976542233,0.8427693787152364,0.18068388973483637,0.5070434954619021,0.0004012189008247846,0.0023190836774767964,0.0005358123563041564,0.002786418038601912,-0.00031223434908927983,0.00933100726637904,-0.013107164402451521,-0.06550753841914722,0.011941106559250493,-0.007233877134084854,0.010695407272191093,0.014296610238888334,0.004839296397101789,0.00414455043772366,0.018336742916970718,0.0003421451411043108,0.004427207255150001,0.018579419595996703,0.003680173000837339,0.00044939089867346294,0.010910892417829977,-0.01982718195157568,0.0202784633534816,0.02404107729333361,-0.006390500920409381,0.06873106356320076,-0.0323170663390429,-0.0010659835375996657,0.008235797455208638,-0.002846130360408032,0.014264046471645697,0.008875043038378383,-0.04698775145355232
H,-0.5242712410738423,-0.851542630684782,0.003848884167422622,-0.5303982223707261,-0.8387214136242261,0.12338604473016256,-0.9260898500280647,-0.35451647982827394,0.12913425264106254,-0.9629750788163178,0.18373788457154466,0.19727997199888328,-0.7461153219613748,-0.6610543460831949,0.07949262770215709,-0.7527917630138584,-0.6294737604675402,0.19252881971627137,-0.6629407584216287,-0.7420392152489732,0.09943517413895231,-0.60959073826563,-0.7856575598443988,0.10555250106041586,-0.4051260611860036,-0.8711936908884983,0.27729844482793287,0.9280240985397662,0.2334927199751076,0.2902626780143814,0.09528322897314566,-0.880113269213674,0.46510400947580516,0.8025082854298635,0.2741635064905332,0.5299196387427398,-0.0136933578800007,0.004784662434841991,0.0011975757402988493,-0.025295876960960806,0.030029442811563056,-0.01633953842685589,-0.027446984441770628,-0.029385759115808513,-0.022352665204234977,-0.024483592997154302,0.01889421217475762,-0.005106046305856558,-0.012963597680808348,0.000503910533909302,-0.004586301207821157,-0.04035322612063419,0.027151084006567183,-0.010994270679734373,-0.01543441166093662,0.007945263426774263,0.005663020758364536,-0.07710874583113836,0.02713160328595665,0.004912574525148657,-0.043770493128276855,0.098663718258934,0.09040651960735027,-0.013527618347599107,0.021012334277934475,0.05924276111508676,-0.048552038200702086,0.09922914935810104,0.05083218468554169
H,-0.4628920832674309,-0.8859077146021077,-0.02997399634363786,-0.5182798513884953,-0.8518514178537522,0.07573082295387565,-0.9674048258271865,-0.2455892327464616,0.06175622823064336,-0.9869122540412311,0.12905344811221156,0.09669234899207549,-0.7477878120678708,-0.6622812289759725,0.04687175982211752,-0.7572696879280675,-0.6417108304490796,0.12144887743276975,-0.6569515726730603,-0.751190720639536,0.06424276136225483,-0.6472376818209512,-0.7611221038457783,0.04214885844738275,-0.5721300403418658,-0.7897422191968047,0.22130170391689544,0.8344697664229506,0.4643677239450026,0.29668641000922885,0.06173175873223677,-0.8736999696808422,0.4825324371931078,0.8076132885491227,0.36332979643473895,0.46449137255880507,-0.04926078682418056,0.021235079687799696,-0.013832341265226422,-0.10269413360553314,0.14329233099913807,-0.033555143899358694,-0.08531633303132458,-0.02031935254200737,-0.0667647424957473,-0.0630516479129074,0.03313820102454812,0.0012020126310209114,-0.06585708272062041,0.02212801393578634,-0.03725706177244113,-0.05538997205784291,0.02521357852676298,-0.0013695322656369913,-0.09902610136173251,0.05890053991594624,-0.02958076210197262,-0.22838313696227353,0.11581655560901938,-0.022173860399976944,-0.15493348992322697,0.26524008788722075,0.040246612505907955,-0.09493062804732023,0.04077838345015761,0.051251308228363116,-0.056274154687152134,0.12353137386153146,-0.031605385672874284
H,-0.4482569177264217,-0.8938870812900365,-0.0056233098071928715,-0.5110148554413574,-0.8560632643479434,0.07758546869222123,-0.9730280384536073,-0.2262540776631204,0.045005874326981686,-0.971454993427696,0.22821296256401152,0.06476140410886715,-0.7536856366896515,-0.6560692766438676,0.03912882941907515,-0.7764350976118741,-0.6225319672539662,0.09799229022400792,-0.6726161179938954,-0.7378711860779373,0.05597919766091819,-0.6358701920516798,-0.7717406194531709,0.00924743998067395,-0.6194214741986501,-0.7630793740543494,0.18446383438059993,0.8159716157085551,0.5375883074815179,0.212577360076578,-0.06555142831249058,-0.895813037434973,0.43957025855683207,0.8038875379852181,0.41293756480323285,0.42807405182566327,-0.007370169593871323,0.0037675201937374947,-0.022496040798099408,-0.02025837816743009,0.027314521771269973,-0.041101040440106665,0.0008220950725257858,0.10713888113972872,-0.05628163141965333,-0.02053299016278992,0.014191319020033677,-0.032093616939487354,-0.03380057522481589,0.027158229883042173,-0.04780727374520682,-0.03029971086184441,0.02129890124952738,-0.03261425023778163,-0.0032676757717378657,-0.0026391489194638185,-0.057252105003153794,-0.0619265993977936,0.03464221183038396,-0.06118855607274049,-0.033133316255404666,0.08119995022444404,-0.10845973646909585,-0.1419183525857366,-0.014133701066202042,-0.0673128651727207,-0.018360916104913916,0.057587135056422656,-0.06076800726958679
H,-0.444120585206668,-0.8959665625308116,0.0009080872248979413,-0.5050647732363666,-0.8585542405954274,0.08828471436951366,-0.9685199828370769,-0.24231433091003962,0.057033392682605134,-0.9702251488027682,0.2300199844368113,0.07585491012673906,-0.7531056942746938,-0.6561292632960625,0.04823072773240822,-0.78335581219639,-0.6120340950486479,0.10848012719441644,-0.6719663999040587,-0.7372176378593978,0.07050753029988018,-0.646879372692586,-0.7623285202778866,0.02005752616287491,-0.6227106805787397,-0.7536166211834415,0.21045996429063685,0.7940614215417306,0.5721627322938527,0.20517374732932792,-0.038736994430185696,-0.8667672410348464,0.49720618975567515,0.796003589640212,0.4374655243438815,0.418332643108842,0.0018137496852371204,-0.00041149500670878414,0.0041678486452016135,0.00037172309677674376,-0.01398077200614406,0.005496121323532635,-0.002906487894825893,0.0038865031135749406,0.004562108985781102,-0.00355639010479597,0.002019494588580306,0.002570501281242252,-0.011057047104269524,0.012577353446093453,0.003956439938317705,-0.00348661442991699,0.002733029459314751,0.007996935606871172,-0.015145513160659874,0.011491580416059466,0.004278689150110148,-0.007425538899843265,0.011542234111683092,0.0194647328779461,-0.026046526686578197,0.03665390605311003,-0.013935009779340885,0.022678101362551183,0.031125277640901783,0.05110453416675227,-0.012020280864759758,0.026607440781423797,-0.01627280574891209
H,-0.45995475883583997,-0.8879197856466697,-0.006330409262965869,-0.5357618507688067,-0.8405118973807795,0.08061631114200736,-0.9796730715395422,-0.1948245090267078,0.04779208703102541,-0.9784651848961021,0.19815454227735493,0.0577984370125061,-0.7547003781564261,-0.6543692460308682,0.04720412121352005,-0.7734476456955887,-0.624337653185062,0.10945882414552299,-0.6674038659222465,-0.7406441267125519,0.07757807240606919,-0.6525591095897243,-0.7571931384963881,0.028725589732079095,-0.6254264466776824,-0.7508812907353185,0.21217692386258716,0.7489397156973104,0.6402662008411635,0.17072930126857164,0.07414139367050615,-0.8461166439232081,0.5278159514648286,0.7928939356982188,0.49530176689452876,0.354958260143565,-0.01486290390326811,0.009995566330506023,-0.00042990673964248514,0.004681084926706658,0.03944304499918991,-0.0020028091637159153,0.007594137535838097,-0.03991221904359826,-0.01081797662636915,0.01423948974743966,-0.006286759618947646,0.006211889968975643,0.025742340129973285,-0.020350335020555943,0.008217193438970366,0.020396707610984166,-0.011473265737296012,0.014309038594052826,0.0101544367320337,-0.002911395102643488,0.015906560057067996,0.013118407530229248,-0.005311446436018885,0.008955456059814121,-0.029287532215248213,0.06005669166316885,-0.02720594957289247,0.12871256172986384,0.012603820227496398,0.03784825819701728,0.012724519687178748,0.049789465666505384,-0.05613588647741317
H,-0.4536531167673216,-0.8911762653311356,0.0019271112433544978,-0.5393393830229471,-0.8370943150884989,0.09157585689985959,-0.9745752984408173,-0.21675016635084007,0.05676577363055309,-0.9791125136984504,0.1914224109808525,0.0685284327369257,-0.7620157514708117,-0.6454508758030831,0.052203078792414204,-0.7851684770726773,-0.6085211350752755,0.11494559921141327,-0.6770004487038739,-0.7311332368396047,0.0843479842272232,-0.6690196687311679,-0.7426845998474272,0.028849055449101185,-0.6400089716209516,-0.7314551609455704,0.23529101931604088,0.7409374763945926,0.6478055386570877,0.17708653296965624,0.04101415809727655,-0.8330848806135893,0.5516225344641148,0.7797521863636485,0.5058388047274837,0.3689358094479049,-0.009879174322658835,0.00667406197674647,0.00270202525153186,-0.001203868969793409,-0.018669177639666412,0.0007161660932073124,-0.006948970870866655,-0.0034756516120365843,0.002472475218099233,-0.013617015382903941,0.012174849912250929,-0.0032585629274262135,-0.018022473445607035,0.01907299779425231,-0.002770745440430088,-0.015898224850145692,0.012767369557412978,-0.0014876086851663573,-0.022762201209961974,0.017765018333426807,-0.008134054789298276,-0.020884167011787524,0.022682609474213966,0.014856574947133354,-0.014303881371236171,0.010795817500390048,-0.0019002888052357687,-0.039428877641747954,0.0162882429940846,0.015549062492965808,-0.019443391403088595,0.01379351751742075,0.005720028798019498
H,-0.45949054888560054,-0.8881095602339653,0.011394933340852311,-0.543207506801768,-0.832002784071061,0.11268084066162472,-0.9661759130982072,-0.24770920535574883,0.0717234587207637,-0.9800098592028255,0.17931033815267725,0.08618862162043649,-0.7651918217124668,-0.640429003612788,0.06581920172630612,-0.7808922950981783,-0.6107103561994607,0.13130150146524433,-0.6756689248793966,-0.7301724261968565,0.10158608159643005,-0.6700918423422096,-0.7410105123972999,0.04336292590582685,-0.6287561141594424,-0.7226680326815393,0.2870830253555784,0.7191770142382747,0.6608409270478257,0.21464783094615852,0.025772365936899043,-0.7814079831557385,0.6234880504183666,0.7621597122431373,0.5158082847037103,0.39122165899202765,0.0019693083394580757,0.0020248259202675367,0.011637161664267318,0.014236817460889006,-0.03402574410207909,0.0054898629927128025,0.004940086613903882,-0.015178777925345582,0.008192366786012973,0.0026613618766238023,0.001955167093124821,0.004148300836394104,0.010113614092778,-0.005255926221355511,0.006888080156333246,0.007168955942756239,-0.002105894454422108,0.007770275271709041,0.004765258507237191,-0.0013926176470430152,0.00504604835922785,0.017090289579788087,0.005720423166860722,0.0423241839420397,-0.015923030038038966,0.009968683293567704,0.028093475879004477,-0.009404360042098589,0.04861019236068054,0.06239769385675402,-0.011755042002232319,0.006902774879056328,0.012818027446624958
H,-0.46111643641481603,-0.8872634380455144,0.011628567227073165,-0.5441116270561103,-0.8304345955925415,0.11967004531378944,-0.9580472569251338,-0.27495391487881216,0.0809061072542821,-0.9904845794353971,0.09263833191148245,0.101776408667935,-0.7586377401951582,-0.6473555806897708,0.07348150312421106,-0.7766481780930021,-0.6139808568416946,0.1408726903865998,-0.669644183334094,-0.7346880097639392,0.10867472583777806,-0.6602302221887195,-0.7493264675473801,0.051048004286154684,-0.5984228196403101,-0.7477807128016617,0.2876006510694641,0.7414454699942756,0.6272910484326296,0.23825313341330903,0.038173625311693785,-0.8115484420768115,0.5830367917149504,0.7839337729046736,0.46737102458242735,0.4086712188057973,0.0007217672748732196,0.000722066290068657,0.00675557076594387,0.009754543702288843,-0.028090831711514136,0.008949014647297544,-0.00884883270335618,-0.08751812842964561,0.015354153161277657,0.008179969046524127,-0.007772699265433669,0.007428667511684087,0.005870004534391626,-0.004116622830684702,0.009337555035134618,0.007650629074518023,-0.005361705755533519,0.006855010355127148,0.011487507682705622,-0.009162077338531027,0.0074514444941069825,0.031959182048347856,-0.02595880230857317,0.00028399182766484024,0.02389434328521639,-0.03439600080364691,0.023371668580929653,0.014027146904010239,-0.030986581109523903,-0.04068489258963712,0.023399948190751807,-0.04928338230973378,0.017215925927548812
H,-0.457137274614576,-0.8892685746233766,0.015063676352937079,-0.5219616250668094,-0.8425210751729795,0.13309507822223235,-0.9373908362894707,-0.33484460811176997,0.09579931345788384,-0.9829397772038627,0.12925923525759528,0.1308489376764003,-0.7654371958065882,-0.6388342217874573,0.07743859728172019,-0.7676986407745415,-0.6255612401529159,0.13896737664382777,-0.672177867700433,-0.7325499072389547,0.10745951599508662,-0.6571644428063113,-0.7526744210630891,0.04020088293077861,-0.5898962226054343,-0.735993732136881,0.3321681393677983,0.734547734078325,0.6024150502047427,0.3123071143077205,0.01879105470709701,-0.7472201808580802,0.6643108440943988,0.7592900982891687,0.4592970551282322,0.4610040800150887,0.01817084018906079,-0.010081343002575793,0.009989923782578994,0.016677258835423037,-0.05788555665509565,0.011458097077737825,0.00356564043129437,0.038626039923974995,0.025637419882601382,-0.010778617411670077,0.010526495480175702,0.0005219850316452116,0.004970375518220549,-0.009575246733359188,-0.005340422868635944,-0.006512846166578989,0.004143239102846641,-0.004650318968555353,-0.0009133824178317873,-0.0013428169378468802,-0.01428223048123999,0.004547435234635744,0.013792117242642843,0.04113237917247032,-0.010876897716190714,-0.02287086165002472,0.07061887176854757,-0.023361732404836823,0.06633339779659353,0.0778389432535845,-0.028622836415744923,-0.006068832876332975,0.048897752083427455
H,-0.4573923059732873,-0.8889821848849516,0.02242662242996546,-0.5411994696924209,-0.8318385621708654,0.12307615727731243,-0.9549985003282729,-0.28357410746024275,0.08696890219426953,-0.9908026178791614,0.04359846050870518,0.1280989720687537,-0.7646161607813546,-0.6387480572247973,0.08580819345219183,-0.776839188158789,-0.6110431849947359,0.15214171621314915,-0.6760211433474446,-0.7288472290230543,0.1085224884188941,-0.6403792066965762,-0.7666378292594747,0.046700218189900694,-0.5769858079526486,-0.7589997883021568,0.3016731654929064,0.776425284615338,0.573638673393548,0.26096446079357577,0.03587962349731569,-0.8298719291331932,0.5567990964921219,0.7929709580231354,0.4327463604325429,0.4288678669057155,-0.01898281326690021,0.010396123263689105,-0.0173818670219483,-0.017352632680090907,0.05098411091310223,-0.016193357340642686,-0.007607809316587333,-0.08594716448731508,-0.010112911684674973,0.0010760663839448625,-0.00020022517576501198,0.001006650093443263,-0.008885516025536222,0.014231665419755068,0.005811393492292994,-0.0035882442883002907,0.0034162884774754376,-0.006299973653220896,0.017040267468446335,-0.014249797934810515,-0.0008636108179062938,0.01316544601149694,-0.02329244590370072,-0.037857919951920296,0.04213258189572433,-0.0290627665496197,-0.05870559959117312,0.017343600148929977,-0.082938138013538,-0.11487469367930526,0.03393589109267803,-0.02683708443411431,-0.03949915918640158
H,-0.4246963083139087,-0.9053274617856892,-0.003902901640929474,-0.5119053253440102,-0.8539157812370067,0.09370579725308167,-0.9608336665945932,-0.27351901112240307,0.044564735980513887,-0.983158063405938,0.16879365531943316,0.07006371588625711,-0.7622258203548749,-0.6464545269124642,0.0332917920623089,-0.765045019119789,-0.6382068248678292,0.08601260031021969,-0.6838918193067901,-0.7283189407067906,0.04293599996491412,-0.6375747576728333,-0.7703475057375317,-0.007946620815882925,-0.6873120651596247,-0.7011205969321347,0.18982105690238626,0.7342838985615323,0.6276849461590295,0.2585319413121204,-0.0724621353941472,-0.8520331003975374,0.5184484880497581,0.759449636503077,0.522435759979968,0.387681733267764,-0.003401853310967873,-0.005731942165403736,-0.003040835953335822,-0.038531163925698886,0.0264003732385773,-0.016074642142860713,-0.025051443186155264,0.1415404717114656,-0.03170573211160166,-0.030305657232898797,0.008638807213070754,-0.026186877318987997,-0.020901828620378482,-0.010818362972355722,-0.03979959183203452,-0.040566673618724125,0.01687356521700134,-0.03925696438308504,-0.0298915486356357,0.012635600422680526,-0.028317314934888687,-0.14302225486635467,0.07422446827075968,-0.0855225845196252,-0.07483738371318427,0.07039154966621908,0.023897004589439535,-0.14103775655084147,-0.005815894363606633,-0.012021084371468888,-0.06621731917943707,0.10603467644816278,-0.01485660956705655
H,-0.4145269707302424,-0.9099569332734142,0.012073529925085364,-0.4886182440845681,-0.8611652337536841,0.1401665142666967,-0.9428118161165275,-0.3221497695248276,0.08558858210156112,-0.9563700645412209,0.27337299116606945,0.10307039997175417,-0.7584748112358155,-0.6504896693862848,0.03973852969746025,-0.7549890530465746,-0.6511470714548471,0.07745334799486005,-0.6797026682652332,-0.7314630702503518,0.05446154251443269,-0.6666517160413206,-0.7452175830931569,-0.015041387833449644,-0.7179992125622694,-0.657439992796238,0.22858212229315672,0.652400827203378,0.7041923327055406,0.28015409906527755,-0.25659777269140166,-0.7375293069385184,0.6246663945311933,0.7136839006698861,0.5659418115316751,0.4127531415808511,0.01311774367577584,-0.002619981028952445,0.0304842854476002,0.007852512894399422,-0.04400128691469957,0.025047414555032392,0.016618661281050884,0.10920880733436125,0.017030252519482224,-0.006418328464606937,0.0005943290139043267,-0.00952969393086349,-0.00011337151045193172,-0.0083107750992929,-0.024535683881374483,-0.005980186542109356,0.0014853419441637206,-0.004450889016496269,-0.03924629595215351,0.029759394132099826,-0.02307119858358156,-0.04085648498631095,0.04831007562362166,0.022784633824755617,-0.0920524089418206,0.08113685803423609,0.00564572618714234,-0.19430497488092074,0.11913326494674403,0.09024147491542042,-0.05593507341685716,0.04813552303943203,0.009094976747072235
H,-0.41381017489714594,-0.9103213894828367,0.008723932692946518,-0.49551233070345363,-0.8578142892277186,0.13646309141146906,-0.9420482256648616,-0.3240278556478474,0.08689700389509401,-0.9612775828394343,0.25236391710860695,0.1107152296297794,-0.758994839907028,-0.6504991978951984,0.02788595582382899,-0.7483034289746924,-0.6608388586688945,0.05774063610586985,-0.6765525666078106,-0.7348565530405403,0.047565439867194796,-0.6609010459912616,-0.7501607290068428,-0.021649204686969806,-0.7216743180275813,-0.665135608417082,0.1917832138511178,0.652500497825038,0.7120956979619021,0.25915790028904956,-0.290897458539653,-0.7844246052099507,0.5477743215562262,0.7205436263954376,0.5774300087934233,0.38391596398917716,-0.007610882451981993,0.003715400735388008,-0.00035382562308880483,4.6794618569490076e-05,-0.0015136299135973252,0.004658019025671742,-0.0056243141313099265,-0.020644617848040003,0.010994426890164069,-0.0012368245043089532,0.0003549277005089335,-0.008502976641492414,0.0059688282387857505,-0.009327331004624906,-0.01636311465685135,0.002433305824326104,-0.003029026580765981,-0.0035465054150990508,0.005033874216962442,-0.00457868970426345,-0.003258219621381316,-0.004391901298408385,-0.007331159411421484,-0.03344931120990008,-0.0006171252114364201,0.008267821465783975,-0.017646601544089147,-0.0350164816813478,-0.04653084206200986,-0.0735424757428283,0.006142929892455018,0.011852653471170704,-0.025487580359535078
H,-0.4067985813078519,-0.9133879162823998,0.015408719454090844,-0.4905904906754913,-0.8600316372779861,0.14023748906668043,-0.9360378232785798,-0.3421520847924053,0.08225049704475366,-0.9601832392390937,0.25998044665762315,0.10226590067087071,-0.7637565712768829,-0.6451416266331451,0.021637500237297925,-0.755405548877782,-0.6542197650441794,0.03686401701111369,-0.6879298326663166,-0.7245983649074684,0.041349182593089784,-0.6799497287415669,-0.7323655529840594,-0.036180978243030286,-0.7694026353887604,-0.6121148521562488,0.18257872939245687,0.6234491552505411,0.736901647696902,0.26131802930333264,-0.4660981971033059,-0.6973320358973191,0.5445002317431537,0.6963593674761505,0.5978847396834212,0.3970106665845434,-0.002089753561331731,0.000849178749295576,-0.002910389105932956,-0.0010011912030122305,-0.015057702344994761,-0.011331293611484675,-0.005917249988953377,0.0106830563485793,-0.015134115720053007,-0.011773324959148956,0.00842409806161637,-0.012933242347675393,-0.014113713492383662,0.009685620424278119,-0.027561405855900487,-0.018388859647800015,0.013324714932634985,-0.012901044035249339,-0.026060276339599286,0.02086170282234656,-0.021216560317204806,-0.05473991095047315,0.05608728306039623,-0.015889271219805254,-0.03606293616379097,0.02787247653456304,-0.004524657746861241,-0.18221233215294697,0.09015909611219475,-0.00995887657421686,-0.031195852508581146,0.023521257689560926,0.006409915834221944
H,-0.4130872189651717,-0.9106844249732424,-0.0035815693173568155,-0.5177966616573023,-0.8496276730561207,0.10009712460303094,-0.961363972720957,-0.27338467498376195,0.032251068791621554,-0.9646177065788477,0.26163840970423463,0.03252726121276293,-0.771518127514092,-0.6361694093601299,-0.006947050563571147,-0.749695471142153,-0.6617371237270305,0.007789713115505344,-0.6979246474496008,-0.7161204060900487,0.00852938824150263,-0.6846647893296409,-0.7268658536184833,-0.05385310664828751,-0.8207341966688306,-0.5644906083589157,0.08800983747826428,0.5976023533427981,0.7761502012901321,0.20115241066523903,-0.6892440230404526,-0.6289142110434065,0.35973544703109467,0.6997125335808443,0.6402281718286466,0.3170335287423478,-0.0209175333244912,0.007700472912708034,-0.02115007569220183,-0.019037511785057415,0.06606391849948595,-0.03100913948168445,0.0018541703175657398,-0.0010455282625458917,-0.05074835068666013,-0.001472918579889293,0.006268725963857857,-0.009594262029421412,0.011998715392948833,-0.010220849992008452,-0.010084015124160687,-0.0037061771259644383,0.005774467508262382,-0.013829505580139494,0.0015735770692457685,0.0027962080564186698,0.0013181603661904344,-0.04504292362275042,0.04492075248817573,-0.07557860314274492,-0.019558164250423227,0.03654506228407273,-0.041175329866645946,-0.21685718827982692,0.0657143335447552,-0.16577449594061133,0.009641803762013623,0.03963994083606803,-0.06098684907074796
H,-0.4164555642084219,-0.9091318094576981,-0.006641993075618262,-0.5075130172268274,-0.8552061371025934,0.10513325072203376,-0.9570141412090685,-0.2880539481807995,0.03389478519363107,-0.941349103003173,0.33618052681974636,0.02906062047375422,-0.7777506384360523,-0.6285483635913812,-0.005558690395214629,-0.7538884761551404,-0.6570014729250453,0.0011090963895436742,-0.7046653453428067,-0.7095044187220247,0.0070873751717238755,-0.6897412648634795,-0.7209408890114267,-0.06709114767196274,-0.815709511420218,-0.5702173684960222,0.09731467332350778,0.5986310332676139,0.7699863885293401,0.22082084930661092,-0.696258255893485,-0.622989629873557,0.3565225969979614,0.7100698448763708,0.6165314767560036,0.340131964928773,0.013651989673725107,-0.007131079562016973,0.00809654987726427,0.007718176755138695,-0.016221888712581845,0.004704140160270966,0.02663694881892492,0.07298950159996742,-0.00040621698074726166,-0.0028641656787101177,0.00606843025320436,0.004448783926617964,-0.0008246597697372793,0.0031830352864409273,-0.003620192967700223,-0.0033723526499556677,0.005063371852479626,0.001618410688482693,-0.0017081302905884166,0.004372349091512295,-0.010177617265413781,0.008393030491862852,-0.007279375652650799,0.012365259603504944,0.004397025168066004,-0.00771642827633634,0.02272886239963333,-0.0036458876097821835,0.004371965654305199,-0.0001524262748718165,0.01372565653877672,-0.025249310588187246,0.026158859944686655
H,-0.42148518860877654,-0.9066051196499488,-0.020430193536187694,-0.5029938425373901,-0.8608595136705737,0.0769291368230181,-0.967276620575018,-0.25351359967277876,0.010334121632871394,-0.9380433880263512,0.3465107397617412,-0.002215718803318787,-0.7740180455423894,-0.6323538936183363,-0.032009661048964494,-0.7656210022607406,-0.6428442224335189,-0.023995553361058877,-0.7079596168399986,-0.7061640268976186,-0.011204822153951372,-0.6960276111321433,-0.7150547384873963,-0.0651328297282055,-0.8290186620826034,-0.5561383874379753,0.058635756468717465,0.6305144098818342,0.7475496752600737,0.20885655831196892,-0.6973749325675389,-0.6584003007218702,0.28315587127194025,0.7344611901037176,0.5709743616943054,0.36681744576725267,0.009548799089791948,-0.008180066375729544,-0.014415913438446238,-0.005232854965594835,0.03201365870027145,-0.009772463100190245,0.008335339377176398,0.007803523134245538,-0.017488138816503573,0.008762217294017549,-0.0063322198347043335,-0.012662770193180432,-0.006702901705245512,0.011630560683777103,-0.01131644929003312,0.001735352903162679,0.0008137020166568698,-0.004503996865105815,-0.0012567218683091075,0.0033594607162811263,0.01574651840432667,-0.008279526262030823,0.011552291250297664,-0.024890716394220885,0.0369130010145749,-0.024963403077015722,0.0018239094659274358,0.003912947726300742,-0.03793736065606246,-0.05957852526545172,0.02942096962770141,-0.04808380486944752,0.04047368129904909
H,-0.41821004943172424,-0.908007799108783,-0.02494376298673803,-0.5058710008379383,-0.859715948106451,0.07059050277940039,-0.969679098971689,-0.24435267711278366,0.003770173108624541,-0.9415460057064144,0.3368065416726837,-0.007243799057348909,-0.7803228753639775,-0.6243653829540552,-0.03555388519318807,-0.7688562987611889,-0.6388553208786604,-0.026904847895302314,-0.7089493485106725,-0.7050368939599411,-0.017714384031396007,-0.6914746487709679,-0.7188978622772889,-0.07105401973295157,-0.829426026791984,-0.556605634286607,0.047356456375737634,0.6291737959195516,0.7499431307021398,0.20426853708012813,-0.6921364285285118,-0.6722266573562313,0.26278981229009685,0.738468970478016,0.5765004693371663,0.34972959339347603,-0.0061522974776005435,0.002546245022956861,-0.0018250645930673673,-0.00567761757372337,0.010563602018829304,-0.0020503790736965174,-0.006777756857115513,-0.00830151863022327,-0.0005145108034797872,-0.009579968998640387,0.00939119012311529,0.000969345306326759,-0.006510435677500592,0.005391581013692748,0.0016042749163068977,-0.004264870847726143,0.0025298123965117325,-0.0019959924268942997,0.001277823184123117,-0.002440444331058389,-0.0014076205541957362,-0.0036825038864328197,0.0009354326102024579,-0.006765730642429496,-0.004615753139334877,0.003796134900900361,-7.44517812904591e-05,0.001963364861974848,-0.012423677175526948,-0.01585248953129307,0.0007326411972460867,0.006928787101695089,-0.0125742829232263
H,-0.4111784241165414,-0.9114236218605808,-0.01546884144267313,-0.4937742462060173,-0.8649803029592951,0.08942074298576128,-0.9590152650641838,-0.282274670104325,0.024712992359641854,-0.9427528488298068,0.3329015828632768,0.019839409023663598,-0.780271085594748,-0.6250702004499786,-0.021547099438603338,-0.7675114211035414,-0.6409014344738075,-0.013098464224413953,-0.7132023239028045,-0.7009372007299582,-0.005430084022335322,-0.694471818188537,-0.7165615188390778,-0.06518039169061138,-0.8246933044724613,-0.5596253431055481,0.08185614767560112,0.6313571325514601,0.7377818046181741,0.23888528617465868,-0.6735629871555765,-0.6608566048550002,0.33103089002928254,0.7310407432612639,0.5659142313167789,0.38120927911733493,0.005065129316738193,-0.0018485321010462963,0.009355318662295985,0.0036322085923223835,-0.03450617023974359,0.011467897706952413,-0.00823846843857523,-0.0004891360576091408,0.017608286536947605,-0.006979835545953383,0.0027110052558743103,0.0045318642105198325,-0.005686747657535407,0.0013697091566505781,0.004331462126823461,-0.011284600707314851,0.007515515981780574,0.0028093784649957845,-0.010028794732751978,0.005752166190008845,-0.003601293501724707,-0.002298902995660157,0.0003961139328566565,0.025024769755798586,-0.00484828868327436,-0.008745503332167948,0.02514182755046565,0.011541816057752396,0.01478587525302888,0.058766156195120794,-0.014459852531934936,-0.007170415268589636,0.022004764179793995
H,-0.4176628163380693,-0.9085739051779018,-0.007157560920386633,-0.4988431604465693,-0.8607092450082605,0.10166167829122554,-0.9613922948944069,-0.2723667351195007,0.03925833565001558,-0.936297631093892,0.34922087060861834,0.03730321084471094,-0.7758116415349736,-0.6308836582345906,-0.010104782597851665,-0.7661807456462227,-0.6426204540813838,-0.0024529568349876967,-0.71182191457616,-0.7023306451070841,0.006420815571026511,-0.6909371217253121,-0.720427003538046,-0.059923504529805396,-0.8056430730437957,-0.5830861070920678,0.10464143812451751,0.6496327759586772,0.7174664456981394,0.2514341975497803,-0.6267301787757064,-0.6916822421360157,0.35886621312888356,0.7462223068039215,0.5353592145678839,0.39565487511907727,0.00141547798097591,0.0014213412683555804,0.003929654783177763,0.00410736239130477,0.007058218302145314,0.006234062768087231,0.012939609957442755,0.013469571062662555,0.00915252129876085,0.0109438362813023,-0.008663174467290924,0.0031310363184651763,0.007815067678846599,-0.004568736290255226,0.002334226867139761,0.007864801548172429,-0.004243161059804823,0.0035396190710753374,0.01001908868475282,-0.006715201381647162,-0.0030543933614805147,0.02553462365019349,-0.02631048066919861,0.014474009926629894,0.024760035628745014,-0.023165075602713636,0.004237630852835128,0.05331720060139805,-0.03367535396369448,0.01952404257731452,0.021665955764185563,-0.03340473343157391,0.0061343154794558374
H,-0.4279710391281213,-0.9036765520916651,-0.014473384791263305,-0.4955116831103779,-0.8636944161927427,0.09219613516085003,-0.957138840774816,-0.28769034292766055,0.03345902070304305,-0.9465610279918917,0.32094612147141516,0.031871733548532594,-0.7793723584917193,-0.6262297743243954,-0.020371464568645213,-0.7719382789915689,-0.6356423132328353,-0.0083751451059041,-0.7116724934742582,-0.7025103685340158,0.001201721404241108,-0.6899560455812239,-0.7216511928449862,-0.05639335981592625,-0.8032040347193976,-0.5879874367713497,0.09557223869690794,0.6828583284981924,0.6910502683993375,0.23696841508069896,-0.5985531421781723,-0.7213653543741262,0.3483764651886347,0.7353215076068068,0.5559070048972323,0.3876463367001438,0.013639700126243381,-0.007882524270718894,-0.002149719259498836,0.014561676909642884,-0.020220960894396567,0.0015165089239041448,4.482589205229148e-05,-0.033172102223439914,0.001884346574698323,0.006747505833306355,-0.00024346917604156637,-0.002950858099916875,0.00455068944470588,0.0020807877623117976,0.0013936355999602688,0.01045764389195375,-0.005077076513168466,0.00209672970409127,0.011289298934140157,-0.006121542393176971,0.010845968584755821,0.01274726111445007,-0.009798682765518651,-0.0017533755567329,0.043533775329567204,-0.0313135303850387,-0.007149958598204667,0.03848525938758601,-0.03458046532434722,-0.0031739240693721997,-0.0005925764070627282,0.01565043724311166,-0.0006927145480567802
H,-0.4247922744028495,-0.9051623835816551,-0.0152506706879062,-0.48598075058833157,-0.8689132340264394,0.0938749263185649,-0.9643197417316993,-0.2627410170770694,0.03247450772245917,-0.9391204437117195,0.3425352363176438,0.02687757584900599,-0.776298304315969,-0.6300466806595458,-0.020053002419573827,-0.7691185061235543,-0.6390943220196885,-0.003895009687650045,-0.7110774975795691,-0.7031067941856136,-0.0031029672907178303,-0.6944151445913831,-0.716980837000977,-0.06104167703714343,-0.8166126893414276,-0.5692000144132008,0.09568207354867009,0.6621769437524363,0.7108026773874331,0.23723669400313974,-0.665529062309575,-0.641246929756778,0.3819338192656465,0.7127290505752895,0.5858965831467123,0.3856714849753013,0.006352167796774555,-0.003732986343706668,0.0024560770543577623,-0.010359665682155073,0.02643515734058116,-0.00020722708394099038,0.004261819554900348,0.023074946336218705,-0.004216871802883708,-0.00010471054952154724,-0.0023310748451603747,0.0010957480457142801,-0.00035899185725718485,-0.001966177296863214,0.00525742131489695,-0.0025837688305826445,0.0008894058383922543,-0.003527402798316044,-0.007637863735430961,0.006156187333999252,-0.003871031324574288,-0.01658741934730179,0.02027325384813894,0.0008871207484050445,-0.02386014947102788,0.021238240478085646,0.0010455648190836678,-0.07015468485667442,0.08160425610733824,0.03433463997365472,-0.025771221756789142,0.03147540973947005,-0.0011975658281996246
H,-0.43406455961584806,-0.9008346144967664,-0.00921712590573595,-0.4910170093913614,-0.8643433118735641,0.1086873300242598,-0.9602056525207106,-0.27488987782442503,0.04940303570580856,-0.9356095362781605,0.3495289503204395,0.04964180207503706,-0.7786016813355875,-0.6274843958942107,-0.006538710168955537,-0.7705068364460844,-0.637290688785261,0.013408690370602936,-0.7114771925529284,-0.7026391298719067,0.009922582821670597,-0.6917578755677578,-0.7205170103215767,-0.04823151902272762,-0.8047309876300272,-0.5796141804246246,0.1282787566150062,0.693864683596609,0.6665179500121439,0.2725905779167484,-0.5845114641154519,-0.6942255231993186,0.4199967514829647,0.738240023548235,0.5288378300889852,0.41872690037574,0.0042360264099687295,0.00024215306798658354,0.008778858923524657,0.013386374423987324,-0.01647662983224435,0.010894983201179143,0.01278319264655764,0.0026659449179069483,0.016730681443860817,0.006968908193380086,-0.0017654843195535896,0.00748074746844804,0.007883954890468392,-0.0025241358504611844,0.01127015527608273,0.008872590239639211,-0.003860104771181816,0.0069920053302181765,0.01192955423662384,-0.007863942405488378,0.00677661323224556,0.021153986924399015,-0.014741935096312608,0.026563138284165868,0.04096002505717128,-0.048612496460177956,0.029320339131438413,0.09028988340712168,-0.05730636252742938,0.032029387435147966,0.03478325818594413,-0.06138652214261586,0.027021870618268464
H,-0.4266453963107767,-0.9042970685649037,-0.01484983473788101,-0.5230332934815108,-0.8470178741747838,0.09485196222700723,-0.9698342077121279,-0.24057199605983415,0.03932841546739834,-0.952143077652779,0.30193371311400397,0.04753517185289834,-0.7859215863205369,-0.6183211224337933,-0.0024999415242309133,-0.7795196868769357,-0.6261314675902907,0.017562547210262968,-0.7136385085931594,-0.7003703268590025,0.014194516840846598,-0.6941778222131239,-0.7179237114493188,-0.05198745700916713,-0.7987013315382174,-0.5893976312008007,0.12118834652706297,0.6573532593331257,0.7170528921762679,0.2317797279007935,-0.518010282925474,-0.729442234040969,0.4467430737916264,0.7503506672620393,0.5604330608462798,0.3505547895121142,-0.03943544739522081,0.020787891766917532,-0.00820265896510751,-0.01704771849648873,0.03778033583272816,-0.00444191140626516,-0.02395270467968985,-0.04413278313829827,0.003526078610006346,-0.014739068290020751,0.01262572752855462,0.009671477476869684,-0.01643201373592268,0.014621675263107536,0.009786565671805093,-0.009580479345302317,0.0057312570810414964,0.009904642851321062,-0.009839109950437408,0.006055752940395176,0.001876770845705547,-0.0013895072132616426,-0.006320996708038762,-0.00145770125579818,-0.04393058756855467,0.0539973962322613,-0.03517814118380985,0.05908201788490647,-0.03175425677351307,0.03237903114080676,0.004691480408732851,0.03505768482543181,-0.06253940203148073
H,-0.4243856667963805,-0.9054692424547207,-0.00471770985389678,-0.5204536314347861,-0.8461164378533819,0.11495647489658097,-0.9585256066702049,-0.28032779477912895,0.05142945490461749,-0.9553934680702607,0.2901578134219056,0.05506146092230402,-0.789044188814571,-0.614284533968031,0.00798620220347798,-0.768494211091447,-0.6395248924853587,0.020604839492820118,-0.7118421213657569,-0.7017842304148924,0.027922897243594653,-0.6976482844683365,-0.7149267956762141,-0.04654619213778892,-0.798927723357159,-0.5858346555338672,0.1360597266896495,0.6247089902160143,0.7461829744026908,0.23010790133074754,-0.6013959963821367,-0.669840368508459,0.4354730028968373,0.7144531735813485,0.6049007746933576,0.3516414587828276,0.00031993253232859287,0.0020736102112189903,0.009972387785589504,0.009048871527526814,-0.03858362482947775,0.00196891455323492,-0.005510119931877944,-0.010603725802281305,-0.0026058358145785564,-0.005382332008430246,0.005208762355579433,0.0003540188437246624,0.008765746271092556,-0.012221251005250955,-0.007089832601427081,-0.0004633422869936843,-0.00024172966607283186,0.003596255518763825,-0.005730191769608817,0.004169089662921732,-0.004690860012606017,-0.002486121333337754,0.004735149556750584,0.0047392552786023005,-0.03490399863150756,0.030302256116239934,-0.011803951454030173,-0.08564544297105886,0.060774039422327064,-0.02140219577877333,-0.03815722319508691,0.04563988773689487,-0.00904545561327085
H,-0.4487747821024807,-0.892736474108512,-0.04028377769242946,-0.5344491795289027,-0.8434866103357148,0.053799746144834605,-0.9816374557710352,-0.18857840789043542,-0.028741772820709898,-0.9414105594590584,0.33364267141716375,-0.049282109822950185,-0.7832662329890592,-0.6215335707122115,-0.013785091108046743,-0.7805720298131174,-0.6249857218008076,0.010007687972424534,-0.6903569176079303,-0.7234689352377665,0.00016142121850239524,-0.6727515600746153,-0.738654734270941,-0.04236179831282771,-0.790012175583745,-0.602793414406687,0.1118966575790632,0.7386412784088687,0.6184283245730683,0.26824516621229144,-0.3901951497057847,-0.8147043280598255,0.4289575771409899,0.7927046166511429,0.4609141765602511,0.39897056606440334,0.010393567211983534,-0.010102940828541684,-0.02559066091321368,0.0012772662052698558,0.07901661854248479,-0.04460515988679471,0.03837202391730249,0.030752089649049408,-0.06877750290672152,0.030167071131611933,-0.01998180509038927,0.013794774527007957,0.01231129658442981,0.0018064023383423944,0.024968916318137097,0.04587431906392675,-0.034417473169082835,0.007804591813440422,0.04928583969982131,-0.03646070694093562,0.03975046166349389,0.03330466307951413,-0.02969152721902857,0.011402998727946381,0.13832140349895455,-0.1404874181758312,0.07370333272007658,0.23558996198245213,-0.15759672789757528,0.029050642082685277,0.10264055837589453,-0.15671936647931523,0.08289517512010842
H,-0.4507715339605715,-0.8922018949085323,-0.027942850471231132,-0.5267485740120453,-0.846195236825919,0.08055781122525398,-0.9735298230513615,-0.2276250151499825,0.02065275060506192,-0.946580355661021,0.322300352431769,0.010397744900332984,-0.7815295935253728,-0.623866195628598,0.001569839471205631,-0.7959883502616888,-0.6044818612842443,0.03168951918238429,-0.7012596933990741,-0.7121277913282036,0.03329941789057207,-0.6886444687261771,-0.7249553174172265,-0.014442418126115056,-0.7483697562705081,-0.6488997480302401,0.13737476080383615,0.7281434113420212,0.636869568199414,0.2533857249741906,-0.35299790134368403,-0.8414616366629578,0.40906575959306496,0.798693415222005,0.4564818462793057,0.39206268950060325,0.009697357374948201,-0.0032432056901838813,0.014417137859221042,0.01010438457776458,-0.03958118645952677,0.03705359620457349,-0.0031730443438717226,-0.011876898185374407,0.047338927502084835,0.0037333913217772463,-0.0028672041163662065,0.003014003358054046,-0.013419568590480602,0.019969281316583598,0.009340903988761425,-0.008906023933053009,0.010806564709583188,0.020797069450871345,-0.013896156793470948,0.013164837653734773,0.015578452965514324,0.04363917117132782,-0.046640912823532776,0.013137176003574624,-0.008501115208756682,0.017906664426366015,-0.027200368459299174,0.03919400022019154,-0.02729188780311198,-0.03223274476912329,0.007985550428952937,-0.004966909480925041,-0.019248803784998426
H,-0.4584558416765859,-0.8880237280875416,-0.03510127613231942,-0.5112972314029187,-0.8566312882103467,0.06897809231047314,-0.9800644607553838,-0.19836596304727833,0.011162323619427933,-0.9050982902696771,0.42503892469836224,-0.011789717645781605,-0.7835957061808995,-0.6210829509846837,-0.015288467909323176,-0.797569061413143,-0.6028192462712002,0.022193436002117227,-0.7031409273528072,-0.7109500471112878,0.011952689818269361,-0.6813073054840282,-0.7319131030224134,-0.011115984805462342,-0.7622437833022482,-0.6446161040024845,0.05877493749663696,0.7352667828142087,0.649485204065532,0.1937826818629507,-0.41299474712461265,-0.8801404637394022,0.2340685859658814,0.8390635367020202,0.43094230827392865,0.33205588131613645,0.023135650325140977,-0.014614218205418417,-0.004421293253692549,0.0011496700119920655,0.025080885281713483,-0.0023320013245457013,0.04916637310735816,0.09856040544560252,-0.015029036885026301,0.005618195060487663,-0.0013949221770763742,-0.009699881719440518,0.006103596564560165,-0.0025155518079466033,-0.002337657519178773,0.005803073762281286,-0.0030004226040749593,-0.014188302411214423,0.015021470958163308,-0.011135952426177598,0.010484858981741002,-0.006189719315725761,0.00010547720676490346,-0.0714413976461109,0.014807679188201806,0.008437469045127322,-0.05244461745015161,-0.05231253806491426,-0.042856993897435136,-0.16783874796609527,0.048054429196029536,-0.029717704826367763,-0.052848382523378507
H,-0.462537971853094,-0.8853494934631964,-0.04706271367535069,-0.5654712699541988,-0.8237073423053581,0.04181455594202862,-0.9931310890450392,-0.11626676580051828,-0.01314074360536163,-0.9298198944260239,0.36675008455390395,-0.030485068628465277,-0.7885945899325855,-0.61486798486871,-0.007478897816478316,-0.8080318056544066,-0.5871631946907471,0.04820771568364421,-0.6961054405004257,-0.7177323561468133,0.017247627247024395,-0.6821462200629695,-0.7312124717809864,0.002203534829064239,-0.7547204520833568,-0.6489668724055754,0.09611991327097182,0.7931635086950262,0.5718697438377127,0.20941978072184086,-0.23481410993775362,-0.9078692828333585,0.3473265021010975,0.8230133160747379,0.42692393237323123,0.3746799134336402,-0.05009190837477201,0.030249711280643354,-0.015202098825413249,-0.008984498113147332,0.0794249626224148,-0.012341629681758292,-0.02063947397983862,-0.06096307476880353,-0.006733913439652399,-0.0009167535751778977,0.0035407314916284793,0.01977100763587613,-0.006380614064755485,0.012981816956107894,0.03797571722455825,0.011117617028889637,-0.009456543659870698,0.017256374971786306,0.00324321559756674,-0.0019736033829181876,0.02528095717755785,0.011605461395399475,-0.007025003027436139,0.04930641331736613,0.061978856057325615,-0.08028969485216453,0.02759853640192144,0.18226276736336713,-0.030403053718301543,0.12521935367824738,-0.011968090450774127,-0.006692610525042664,0.054585469660535034
H,-0.4575347876597021,-0.8877821850244851,-0.0500470781798706,-0.5588032627448232,-0.8278876745988422,0.048382970072761,-0.9905475546542818,-0.13714372184141535,-0.002672363730311692,-0.920391827616185,0.3901955202699504,-0.02502677803077005,-0.788616360341571,-0.6148614475553611,-0.005443942664945552,-0.8170797014609786,-0.5741791046414625,0.05195302930115494,-0.7073026275363634,-0.7065323807821258,0.023129807316485194,-0.6993970688887752,-0.7147217243932823,0.004073905998311149,-0.7602352798657147,-0.6446369348977187,0.0805328592139429,0.7865090427479714,0.5904083883839794,0.18116694124895363,-0.23988557370022334,-0.9244282870020849,0.29645784476195847,0.8454960825359887,0.4255227283976127,0.3225938344627003,0.0016648230159838073,-0.0017476407321952436,0.009552778635252293,-0.002419649802634427,-0.018444264479608286,0.013452744379569847,0.004424882616447023,0.02587812727733524,0.008442655102215136,-0.005024954602377396,0.0024392288746376556,0.005019319656052673,-0.014051079999963911,0.01541678161057336,0.006729678122030638,-0.016200371229329602,0.013632666925976311,0.008866544573980707,-0.022254033019197483,0.018923438948992843,0.004854735673766818,-0.010518011975749753,0.006762629069145487,-0.012602689552509004,-0.011657650140446618,0.020971336107555416,-0.025268474968367323,-0.010074647955861576,-0.014126312607437574,-0.047884292834619126,0.01747958226785895,0.0010314875856702321,-0.04910171446642001
H,-0.4538872843899519,-0.8895630161423765,-0.05161369373328086,-0.5409194769456941,-0.840253643065198,0.03714747335229632,-0.9901892041022133,-0.13860123222504836,-0.017749324075121496,-0.8893589896455667,0.4549919799904245,-0.04497650143141374,-0.7933746981627753,-0.6086154602440744,-0.011992075175664422,-0.8164386578985751,-0.5765020654317554,0.032761050680548826,-0.717821657229664,-0.6960835987294252,0.014131241698860042,-0.7224475616442539,-0.6911962904326676,-0.017810355594178442,-0.7798063632971837,-0.6226353650554786,0.0650172126705833,0.7822684103363287,0.6049284177757437,0.14872035354049135,-0.3221849940055164,-0.8952431968583281,0.3077928656037145,0.8383675968798531,0.43827609024374387,0.3241201030830363,0.014236282529378863,-0.010585137348464446,-0.009668881167054423,-0.0032891527176817648,0.00032332073425839214,-0.013510344791399542,0.02738533470086807,0.0665772908383655,-0.01838310784723343,-0.008405841090954491,0.008026818429178073,-0.0049815169573086075,-0.0030064597073466426,-0.0005421296724015257,-0.01762536306719585,-0.01416653296305076,0.012229613170592013,-0.00743195006421489,-0.026697996025228987,0.025306265078506085,-0.02031764603907933,-0.02321858670121918,0.02378240096013151,-0.013949030989949339,-0.00788813568139296,0.016300860509655735,-0.030879972155052025,-0.0859469235750433,0.03096592126164821,0.01290163639516629,-0.010775988925885882,0.014534192964022585,0.0030928841737462645
H,-0.5103066180303402,-0.8574841173828895,-0.06563645351878372,-0.6124338875928697,-0.7887776162484139,0.05248433512348454,-0.9994387357138313,0.015832814381631824,-0.029521780832040143,-0.8170209810072604,0.5730580793546608,-0.06388391253109958,-0.836712417851587,-0.5474989945569677,-0.012537175601418893,-0.8583225397935097,-0.5126996824076074,-0.02052932881410238,-0.752643768580501,-0.6581023123926003,0.02070516941378626,-0.7489490278296937,-0.659752542628909,-0.06165984274749825,-0.8090003120459787,-0.5673398602872014,0.15376598466113311,0.8256942484979876,0.49461677252850916,0.27126233857803556,-0.5226315666165258,-0.7187062762638666,0.45860389666343093,0.8266980633282885,0.30195829620842124,0.47475414631171414,-0.015095077006787305,0.019397128057297097,0.029359621556691085,0.04716980202877025,0.1223551478471932,0.0022503030285842135,0.12875734227869456,0.08598720060474929,-0.004884651314182982,0.013081613951576532,0.029037566927619718,0.013477659359748389,0.01453545174545362,0.031723484264660984,-0.03926761970914835,0.021597222289551243,0.005902387577337853,0.02059668750042908,0.029917867454948455,-0.0006351509557284141,-0.029826727367816948,0.027225384891593263,0.023216606008790164,0.10277153177605267,0.09984517180204716,-0.14239054400672152,0.13656474482304706,-0.14402723897062109,0.14445802183497447,0.1648337908452193,0.04474980008882373,-0.16839669279480962,0.1646568030141807
H,-0.5079269967874018,-0.8559715872244463,-0.09655468812539679,-0.5972444387040934,-0.8019546634809224,0.012953692841541915,-0.997748194367479,-0.03380679729059498,-0.0579278956409456,-0.8482743988059825,0.5196812133128274,-0.10179381543127375,-0.8406833590115665,-0.5410103643761949,-0.023649006714157556,-0.8403795763939788,-0.541632168663781,0.019918871665990857,-0.7558629589991703,-0.6547120015649285,-0.004835516504306294,-0.7507893517070264,-0.6602030170564317,-0.021150074064358263,-0.8264162891052177,-0.560986435597874,0.04827355566719203,0.7966235806592933,0.5598373359960834,0.22797593724420764,-0.5050475058639236,-0.8340077082231221,0.2221669629919036,0.825521380060764,0.38382936190238465,0.4137504948688036,0.012809827645837935,-0.01468957739095167,-0.008612407675329559,-0.0006890798965859535,-0.05115214183067002,0.0025121197977076085,-0.033633039041660484,-0.05488939620027666,-0.0069916682935610985,-0.00635056240291787,0.0049761000223296215,0.019806403493874407,0.015563342156592608,-0.030445016414616832,0.0713664350867063,-0.005598811661607694,0.0018777806692286125,0.005377548688520514,-0.004219945120271018,-0.0019630045859658773,0.07142800328975306,-0.019795598302177364,0.00484089453088421,-0.07457419438732803,-0.03145028908163261,0.06370803330913105,-0.012368166727214844,0.01520443950966388,-0.11681396211769868,-0.20551869906491427,-0.003556304510462849,0.08035853553552019,-0.030085416836297466
H,-0.5098685352939339,-0.8526293181279713,-0.11426864218082405,-0.6017459337306542,-0.798644198851085,-0.008323153256523427,-0.9932188252495145,-0.0789835290317327,-0.08531100346184985,-0.8696654243852554,0.4756547170283816,-0.132040296112452,-0.847087864315638,-0.5272660988728199,-0.06657785749488396,-0.83854958718647,-0.5421399378549386,-0.054026637985754446,-0.7671245620876171,-0.6393537961533282,-0.0524082969214818,-0.7575051530779753,-0.6476565790228974,-0.08201767314835828,-0.8321505687730197,-0.5545384249436088,-0.003544876838655745,0.7523656628503321,0.6116322242193932,0.2446465443455481,-0.5966356725856966,-0.795496329495681,0.10588420069638423,0.8501563923069817,0.3439852396428602,0.3986329935259014,-0.0025599565200287167,-3.180446663764158e-05,-0.0035628920426380786,0.006470907624496536,-0.04851900083761278,-0.00966915376547698,-0.019449487072740745,-0.04736876538092083,-0.012532526625750981,-0.004462966797539325,0.010401996406899872,-0.02521489672529914,0.0037715277140408787,-0.00385003828763264,-0.05623155559631804,-0.0093200645819147,0.012015936315125209,-0.02985882636174824,-0.004774262864416734,0.00920416893705922,-0.04315364502857276,-0.00379274116126993,0.003105741557790087,-0.03410447845042051,-0.04231637930242904,0.04845261912683474,0.03438456115676773,-0.08964662821524094,0.03516910963096598,-0.09856880824009212,0.026576550752749784,-0.0431863913559995,0.0025964527125250797
H,-0.491514947025847,-0.8607690815136632,-0.13224842214674348,-0.5940334812548975,-0.8037436833289099,-0.03347110182029388,-0.9893662521035295,-0.0950624471688266,-0.11007974535258222,-0.863850346158509,0.4772017200144184,-0.16137254369038434,-0.8456732195430017,-0.5252751743005684,-0.0944605579661781,-0.8415534431073329,-0.534104390604331,-0.0807483890326567,-0.7714551407671254,-0.6317667212596341,-0.07568206982387872,-0.7661303565935131,-0.6372906157916146,-0.08309601512612447,-0.8583417551939512,-0.5069986901873561,-0.0787512503956124,0.7390704755511909,0.6430882697402447,0.2005300712886593,-0.6796549004051422,-0.7316969331128779,-0.051853779307634684,0.854589961896081,0.34960796262714827,0.38399253833134483,-0.010641135792330225,0.0030402789078669556,-0.007168168597851021,-0.014501015122101835,-0.007939154751402014,-0.006788961924812945,-0.01253851004134049,0.009686766371728717,-0.011352467612012918,-0.01693894349545061,0.010130687957943474,-0.00990292050537471,-0.02135744418894986,0.01617531063629951,-0.008741971080982826,-0.022684166947595175,0.015726838279386035,-0.00529399293647749,-0.026978791783624778,0.018505726616974694,0.016901437988153245,-0.04454477468901835,0.05567949814194462,-0.057226593591037225,-0.03164877556722817,0.03959580890654335,-0.026136693090969387,-0.10137281608753251,0.07193915976849508,-0.13975820003809947,-0.013920018678987567,0.013762486369979954,0.0033393247713628393
H,-0.490660039521559,-0.8576525452099385,-0.15389878918177585,-0.5809829235661381,-0.8128887256436553,-0.040874958666362274,-0.9782655132372646,-0.16823275347138633,-0.1212201562037718,-0.8896802706983576,0.4218223719822333,-0.17474238874806472,-0.8315872380182883,-0.5430192668013887,-0.11658791295669148,-0.8373964489474203,-0.5358687864699269,-0.10775820607962307,-0.7539884891489538,-0.6496828946336389,-0.0970231655396493,-0.7445516930322021,-0.6616113660921596,-0.0889560377970363,-0.8336377764008815,-0.5428059203580251,-0.10202838125576176,0.7114284213227569,0.6633655123323907,0.23198232342614988,-0.6647200154821761,-0.7446330875390701,-0.06057116442175344,0.8191980254756391,0.3741699290734796,0.4346394589012386,0.012195650184471385,-0.012261578618470104,0.014246510188963973,0.01024583136197682,-0.07628684260628439,0.010509956183842789,-0.026684832044136686,-0.05849588433590974,0.00828052197735199,0.013231074020425393,-0.02086062880454498,-0.0004769879554810119,0.0033020866556246475,-0.0048809321693205066,-0.005359450011933997,0.01661174411388361,-0.021032709677729522,0.00030927131926178353,0.02072375605702298,-0.027437286604269695,0.015790344364120537,0.02384907128878161,-0.03892376647439366,-0.001626763825116992,-0.028496961732722037,0.017160706288421368,0.05310261917252296,0.014079977418678113,-0.016052690729916885,0.012932981920913612,-0.03624684392472993,0.021445430142606692,0.07229728760492615
H,-0.4614546327650943,-0.8641010173049906,-0.20097028086787483,-0.5401497251902005,-0.8380025006880693,-0.07739562789649873,-0.9687021412779768,-0.19458671152697457,-0.15411740064178564,-0.892780615208073,0.3932612131904583,-0.2197461974839691,-0.8247999397584911,-0.5488376060733534,-0.13594977577789585,-0.8111066556447437,-0.5697951080455924,-0.13205880514418894,-0.7465239262145732,-0.656646873017511,-0.10731687539945965,-0.7383622576948261,-0.6685736485274333,-0.08848984634699875,-0.8221360663511575,-0.5606431065755514,-0.09885138063760114,0.7789768618464513,0.555527047506406,0.29083457187320444,-0.6783439439151101,-0.733902103848381,-0.03517379309392334,0.7945488187501284,0.35512990427869523,0.492518959746506,0.01162779161947286,-0.01866530294936186,0.010550822455962519,-0.01964203479717691,-0.01990548596053618,0.014174247248085137,-0.032305751266180016,-0.02211268669672295,0.002067682950194605,-0.022418108496667533,0.000630132823087326,0.0277096288648946,-0.0029156134537881573,-0.027477849480613492,0.022770892621533104,-0.021740843822084133,-0.0005155062888200224,0.03677778182628863,-0.023015971419088677,-0.0005138103402215766,0.04753768313613653,-0.017703696706740712,-0.01138871412247422,0.050248492304259595,0.03834303376722975,-0.10138999273093263,0.10592374013315353,-0.04282933518939874,0.017179455785741204,0.07246886301392907,-0.053854613481975455,-0.012591552699732333,0.10495099253136636
H,-0.4484180230190679,-0.8707534120378306,-0.20176662770673154,-0.5351220704346468,-0.8403875549703823,-0.085983295962875,-0.9645716192486716,-0.21374679798878016,-0.15464119014525016,-0.895743480999789,0.3867406566920189,-0.2192607596169606,-0.8157694750696507,-0.5609743822154623,-0.14081159768487433,-0.8038606362810854,-0.5783977632159206,-0.1387951906392591,-0.7382214803271944,-0.6651116798513255,-0.11249666354551974,-0.7395419510882462,-0.6665899459844346,-0.0934641454947231,-0.8282023508738575,-0.548589616968994,-0.11458751311040997,0.7819503538139561,0.5562913730366089,0.2812357595599702,-0.6886874686050062,-0.7226051518681512,-0.059593330835208506,0.8014644992209962,0.3320431828511692,0.4973951962077067,-0.008008954990472605,0.004267340450527013,-0.007791321227519563,-0.00890608771672119,-0.012507691728965514,0.00027255733539219285,-0.01599947553774239,0.00013183823440066078,0.0012817847058652077,-0.004006145057185995,-0.005484381409268768,-0.004065475068121771,-0.005790590382368066,-0.0019502604374881383,-0.005940038656213453,-0.004734163858647555,-0.001812412100974381,-0.004383441307203376,-0.01421630313944644,0.008636097275838805,-0.0041779523088676385,-0.019102894268726356,0.01870588433939746,-0.014939785633952124,-0.010063117778521646,0.007416720263042964,-0.008802465474377519,-0.02338013443592246,0.017949346713069803,-0.023623190902428454,-0.006120929275158615,-0.016434326694685975,0.005672583300057432
H,-0.44242285892675026,-0.868295384585121,-0.2243326525659111,-0.5351159105260826,-0.8380162014140663,-0.1066761851088645,-0.9676588702938372,-0.17581094001406092,-0.18090556683813486,-0.8757976533156713,0.4130436438028365,-0.2497467092092282,-0.8000371572851359,-0.5794649813968699,-0.1554377119551236,-0.7971799036799856,-0.5842347814399153,-0.1522298306003894,-0.7173094452748308,-0.6857322394089456,-0.12344413941012794,-0.7263971186564255,-0.6813148369185178,-0.09031787753449697,-0.8217977729847908,-0.5550885742513142,-0.1285499710341516,0.7866078251309008,0.5445758620052907,0.29100731943377084,-0.6682127582747763,-0.7392360954443808,-0.08379561367375747,0.8138483680053531,0.30789854328304406,0.4927974441281152,-0.005989004183753532,-8.667389639360756e-05,0.0018731357131900606,-0.009082415137483257,0.03547783052200962,-0.003698351833705149,0.013950663591800028,0.023844959658107956,-0.007919924733088057,0.009737153692197131,-0.02094862663411723,0.007939910588930288,0.0006855685087821528,-0.008295045676704249,0.009131384898049266,0.014916870960045958,-0.02307858701032972,0.011618548994571348,0.007149668339502979,-0.017182918386792867,0.02571229281940568,0.00040941379674902523,-0.008956984735029816,0.008603566935437915,-0.001337692775372934,-0.014173538484027803,0.03233758473298018,0.0144795462379122,-0.01908897102893925,-0.001636257979369414,0.006388704692039282,-0.026602667020834747,0.01796827277958804
H,-0.432089822721853,-0.8900029007354835,-0.1455789194307434,-0.5120783076222095,-0.8580981136267177,-0.03799255523181405,-0.9743150669318875,-0.19277347242592152,-0.11639819018508807,-0.9088347758442005,0.3884807780649612,-0.15199353700162443,-0.7833621347626926,-0.6115512051641158,-0.11112555638715457,-0.7625328015320539,-0.6373524375249195,-0.11102070513521609,-0.7064729362716107,-0.7013374241106753,-0.09498319776450659,-0.6801330460623313,-0.7263971253717586,-0.09882436898670516,-0.77060298871246,-0.6356507833380455,-0.04603385090510327,0.7866632985519928,0.5301563492375643,0.31637809670455386,-0.5375929876002524,-0.840230677734846,0.07075441948229279,0.8060190551447338,0.3581525581437724,0.47123245626618543,0.01270456669897585,0.001625603937711051,-0.01007010325811726,-0.016989232842947566,0.004744983738501879,-0.014246356482120914,-0.04337015873342648,-0.002855349587512823,0.018999439072436064,0.006341986317546067,-0.01037870761688342,-0.03444157756719868,0.02431406594303437,-0.03141013993464181,-0.0375446076699944,0.0005034727983228016,0.006102331448632703,-0.05029279148954635,0.03593103638919698,-0.02337477230287832,-0.0872602245873759,0.040861748067433534,-0.0588546929363688,0.003762386993880637,-0.01027756278380526,0.007288003382636021,-0.053382955864384685,0.12028673446962662,-0.07928706614010272,0.07579630002088256,-0.01816234906551656,0.07196153101109082,-0.10031872099709749
H,-0.4195113440845942,-0.8949312133911396,-0.15201432657022815,-0.5002868915210482,-0.864813157522319,-0.0425585332040893,-0.9705735280379586,-0.21371124461014732,-0.1109708547283106,-0.9029620212315419,0.3972457374280696,-0.16387621031948965,-0.7727079820776779,-0.6257128448691816,-0.10679798780482168,-0.7748521019173014,-0.6251218646724341,-0.09395144736936663,-0.6943925009519332,-0.714812222424203,-0.08284045687157467,-0.6777759470205387,-0.7315629436770157,-0.07372533539449955,-0.7652913563436224,-0.6402756512438373,-0.06615308254358744,0.7788398819988346,0.5651433735897059,0.27206875141347536,-0.49014221705035665,-0.8715337898405497,0.01376445535172431,0.8243083937490275,0.341092202054421,0.45185371713925737,-0.0007870625360975048,-0.0017867312399452162,0.001869429167209516,-0.008836939743329886,-0.01600945952856972,0.01186274259626223,-0.006705724024600235,0.013693272018764524,-0.0054472661783804555,-0.0019243259522441214,-0.009233327049409712,0.010762975721817655,-0.024897779022506228,0.017158885508141486,0.02350466490533422,-0.0004980433175812982,-0.008546485657871528,0.018578148032416683,-0.010221379595466207,-0.00023750564960101084,0.03153444073169037,-0.007266846268421223,0.0003034447498642123,-0.013683824498999408,-0.02040189519041702,0.0399153370077977,-0.03787393815159373,0.034872291912636966,-0.026374799450047615,-0.050554556991083716,0.005710859967034909,-0.012132043433695339,-0.012943331987443296
H,-0.4153751640437938,-0.9050388404461686,-0.09147770427511748,-0.4836129672462899,-0.8752444968721711,0.008097444425196512,-0.9696818690401784,-0.2360851427112662,-0.06309420136389292,-0.9194832743375345,0.3827838638038951,-0.08959364835124889,-0.7648849872828489,-0.6405374888689694,-0.06828383104916673,-0.757746267738621,-0.6495542433401863,-0.06244900869468066,-0.6900505083626339,-0.7220340306618076,-0.04997153664571666,-0.6592892420886926,-0.7475161793932743,-0.08097689060095642,-0.7426567470875709,-0.6689395296766226,0.031318710722611554,0.7558147036351229,0.5816072324152917,0.30079421698426334,-0.432696364845534,-0.8694317279665654,0.23845822748341605,0.7982229010936848,0.38938387883784875,0.45958720072557846,0.012537744233957981,-0.0003237122948230864,-0.009880644665824861,-0.003244521043020143,-0.012266271046089905,-0.012659968930692989,-0.02065743314679297,-0.0043542465691455146,0.013745939673130092,0.0036868147540286,-0.0047170169447589005,-0.02202246553945572,0.012969654137880038,-0.014324751612723174,-0.029034183620424703,0.00020581254849888486,0.002885818817424335,-0.02766770206925266,0.014350524891045768,-0.005845608661229629,-0.06778817750156754,0.01849842921525119,-0.018556251377756294,0.036935170971088324,-0.027161358404512004,0.026571485880614754,-0.03181115672432269,0.053309672164022326,0.012209688929013307,0.16415714983658108,-0.03022167269614312,0.05839930383845676,-0.05280313870878958
H,-0.4198751816525774,-0.9031895775791247,-0.08918194203232942,-0.48249582300648125,-0.8757867613714514,0.013976029042716994,-0.9661831872284505,-0.2529099425856013,-0.050265392253723916,-0.9147106497664667,0.39434778287655,-0.08828506863653644,-0.7632758513193282,-0.6437953651336391,-0.054198732689971905,-0.7653638657116899,-0.642333722952182,-0.04031800368629042,-0.6831956760699524,-0.7296168177635164,-0.03004941656605623,-0.664954497091292,-0.7446828792737529,-0.057296824646922,-0.7363499979925043,-0.6758098430678393,0.03270682603160117,0.7586373962496213,0.6005154404007946,0.2526865782977695,-0.40695817320076516,-0.8879495353551583,0.21431441371885038,0.8094534277213615,0.3913487309109569,0.4377571463317552,0.005617161848592234,-0.0023915273663241976,0.0035828223747324216,0.007998699420511457,-0.018674062741378977,0.010533046867380942,0.009272642179851465,0.009714656205610961,-0.0009871825280756141,0.006109153572304349,-0.005107139131713567,0.011789336116406764,-0.003117580364285333,0.005371257520960349,0.019835242765602182,0.01135484990146518,-0.009432049968752687,0.01762635783687237,-0.001165237393815799,0.000984037252477532,0.02138430371124636,0.010806766703850168,-0.008719576258260586,-0.0009076469337984464,0.007322710223282014,0.017058945118459068,-0.050403400929281875,0.030238209253552417,-0.020367070255636777,-0.026439576007353735,0.015730544236460364,0.00011558920606424827,-0.0241258166366113
H,-0.4198698154022002,-0.9048685630713501,-0.0701585467303355,-0.4802335381630437,-0.8763321159240749,0.03765330561103872,-0.9617248013413308,-0.2727680425345653,-0.026134296562936764,-0.9167650822804809,0.39456593986143673,-0.06212489849105676,-0.7705187010710202,-0.6365713543864784,-0.03283050524119723,-0.7730793254042053,-0.6341610559213285,-0.013715384986375017,-0.6916650348244696,-0.7221752029890877,-0.007902897502508728,-0.667423972720072,-0.7434648062762749,-0.042489086447433815,-0.7482230525180604,-0.6604601624183544,0.06288590890554564,0.7497022474639422,0.6133094828086108,0.24859207236866662,-0.43593045675160635,-0.8598032094796277,0.26590050365666346,0.8071747517551444,0.4011893196232083,0.4330312343807179,0.0022569185930603197,0.0011336309396019484,0.004653881266327809,0.00445301963674255,-0.018179114456738588,0.005107700388793237,-0.002059798764391496,0.0018971424771122014,0.007136774843485766,-0.007248216002069208,0.008902996239386174,0.0023448321467807592,-0.00772082594289264,0.009851652523078958,0.007579223397921487,-0.00847472500489449,0.009120600266654177,0.003123123761553586,-0.002474841879157308,0.0028970584897034524,-0.004215657102505731,-0.011878420775933318,0.01702866614171039,0.01115568757195056,-0.008940515036056362,0.014473027900041568,-0.02311790123109682,-0.02897764980121842,0.029825311367756013,0.032562694635819164,-0.0022840422165943397,0.011519574204476857,-0.023749307253031246
H,-0.4255530116043946,-0.9022254135631598,-0.06995668256296389,-0.4854008716846739,-0.8736098197072546,0.03452356700598701,-0.963059870355512,-0.26747246647484296,-0.03121162906175491,-0.9174174689349369,0.3924515511326071,-0.06577969068507981,-0.7723012372412563,-0.634003712626071,-0.03987594929256356,-0.7703583676757376,-0.6370862543906244,-0.025866770546353664,-0.6910036088794002,-0.7226344346595951,-0.017705546019598947,-0.6714234871295615,-0.73902910607723,-0.05501346472882632,-0.7537987888373624,-0.6545924466462688,0.05741179966676809,0.7572079579041003,0.599702141777731,0.2588309286656146,-0.4327891473006829,-0.8633458448512538,0.25947544422704577,0.8110910209954834,0.3909697304788164,0.4350563475112461,0.0005158626805642497,7.914670862996243e-05,-0.0033316027724233227,0.0043481271880131955,0.0026524265515320278,-0.0052791966661897595,0.005030809547738435,-0.004757538237019965,-0.003856656361394664,0.0039006600319582696,-7.550774778297686e-05,-0.007247308218737938,0.008404153930662128,-0.005568347977486177,-0.01235324972735026,0.00634462214726389,-0.003102381178697766,-0.010004512684461831,0.0016836817927050052,0.0017925506908544886,-0.012726242448764115,0.00010745988289245778,0.0032245662638952233,-0.005675973406149164,0.01318890664235256,-0.016250490539070128,0.010036992129576344,0.008824505653117876,-0.006185784879816358,-0.006626923596989298,0.009599465442533373,-0.01286273865258225,0.0018232489631566096
H,-0.4226608905144482,-0.9035510885582032,-0.07037898830488946,-0.4834616646363679,-0.8749015720220464,0.02849663314119721,-0.9762719843830381,-0.2127526376107094,-0.04036493154324973,-0.9134591953678929,0.40034522542576506,-0.07291089683054956,-0.7627385088905949,-0.6446881292721927,-0.05106058196762573,-0.7486650575953961,-0.6612153424282885,-0.04790514036221541,-0.680474033530016,-0.7322704972842744,-0.027111040157693816,-0.6628508537822676,-0.7454515814244568,-0.07021883929470268,-0.7502504075563576,-0.6599850192981447,0.03929504120810819,0.7923489234693525,0.5544741208754489,0.25444377130587464,-0.4491607866326005,-0.8696198022299081,0.20497801667788443,0.8282904235960783,0.3697013559373855,0.4210176737348299,-0.0009529140416404402,3.392268025159684e-05,-0.005604628122864223,-0.0161042351174725,0.056045503859177004,-0.008730996739569244,0.001066152477097626,0.009219349288201395,-0.006708900403544174,0.006670607260715,-0.009358741651078195,-0.010762326933136598,0.018801188990395068,-0.02280341304262068,-0.02161606407393617,0.007637454259437737,-0.008310387629635874,-0.008983188396169295,0.005680512257347448,-0.005096800352183295,-0.014783068823950793,0.0006562601910583554,-0.0040668976568324355,-0.017694452716734324,0.03224884447530574,-0.04390234590723863,-0.003964851617814361,-0.019263760421864007,-0.004948282383610891,-0.05407512180723577,0.014307281510648528,-0.019942699546387443,-0.013616368034490636
H,-0.4079101997750715,-0.9093188695221477,-0.08214902586412573,-0.48528924676907054,-0.8741790860246215,0.01747204989305846,-0.9801825608533061,-0.19160003035456505,-0.05031476688989525,-0.8995377784148373,0.42884809458656203,-0.08319313056962176,-0.7670030606964472,-0.6386193746022873,-0.062222176632335105,-0.7597082907118226,-0.6470595044052776,-0.06447721134259168,-0.6851947497840934,-0.7275015048086738,-0.03535131354601651,-0.6721315162455054,-0.7358920405389845,-0.08186653492659618,-0.7647914802552969,-0.6435114297735179,0.03141705714662811,0.7616191602504983,0.6003245749009144,0.2440218422792564,-0.4760534805487678,-0.8580314674316569,0.19275654218334953,0.8262466964902405,0.386924025035616,0.40939735635346036,-0.016578272872079358,0.006490266961369451,0.0007454543110975154,-0.018661267209644783,0.026920388220088826,0.0018202022125907436,-0.0008292737863211386,0.03427065012474145,0.0014878038201640714,-0.019015242545229016,0.011836535633849787,0.0006084428945268908,-0.025793923855803147,0.019923618986955383,-0.004802033421140009,-0.019471406993454177,0.010536773439545066,0.0035297641709135692,-0.024031353202614514,0.015327321849416764,0.00012234192734277005,-0.029291763438315965,0.02224137048857122,0.003892053497756183,-0.04548045395823097,0.05161823498940998,0.0013481085326180337,-0.041643384655544013,0.017356115762195645,-0.0004514369352986297,-0.016794417845214515,0.022990450062174983,0.0001497201778667273
H,-0.40875400254554173,-0.9090892113734057,-0.08047963200387218,-0.49145502562466364,-0.8705748536807608,0.02390359652820266,-0.9755607632910429,-0.21590384524463438,-0.04082556473067967,-0.9117541667238,0.40508044089104345,-0.06792772533588047,-0.7677011557760496,-0.6386732611361967,-0.052262806371005596,-0.7690257018523636,-0.6373940673336741,-0.04825217941518601,-0.6839960415616856,-0.7289625379988278,-0.02762305780054348,-0.6630687466085223,-0.745058298351607,-0.0723046978308532,-0.7660562019728975,-0.6412438362679951,0.04431972322977826,0.7642737545879826,0.5946938406479572,0.24944912095128743,-0.4488880404168232,-0.8643159436488834,0.2268424050416604,0.839386164412651,0.3723211958478738,0.3959896388985795,-0.005321976085122859,0.0033745741951186625,0.004762152774890647,0.005465600332733467,-0.024533473038811315,0.007819808298962026,-0.011372585538492519,-0.02399731184426057,0.013596011373487732,0.00014570769086785784,-0.0002835446826513488,0.008289976401075955,-0.008473608370070829,0.009435778922861515,0.01455563806715212,0.0020425109928781104,-0.0016906913388959888,0.006058861885219476,0.009906572407453296,-0.009395915961364465,0.007892443235489419,-0.0004209189471303665,0.0020379353567808733,0.011233272222896593,0.0034983971079546317,-0.0058603924016992215,0.0037578848117774677,0.028009242902414855,-0.0065141343659684825,0.03241646899805731,0.013983270692880745,-0.01483248733648418,-0.015077111315134395
H,-0.4254017643263216,-0.8997274130256898,-0.09759057924898591,-0.49947415618102103,-0.8663084488620542,0.005936222492365497,-0.9710565771966264,-0.22926168087313925,-0.06699407112868334,-0.9303194869530216,0.35166581867573743,-0.1040999720009095,-0.7627110274134817,-0.6435089758703211,-0.06456072053657422,-0.7546008196119851,-0.6535124096838327,-0.05915347352565639,-0.67438986135303,-0.7374550135276945,-0.03685672160012198,-0.6520459869530079,-0.7556388335956544,-0.06201599842521882,-0.761176263506801,-0.6482704483877434,0.0188711849383973,0.7909539145248734,0.5385403325108549,0.2904586293379438,-0.4610790673130428,-0.8746192205506494,0.1498242728302359,0.8516021188777956,0.2808303204645082,0.44261514008295105,0.008628631224422478,-0.005095393529009229,-0.0008564267907234281,0.021151947875196364,-0.02271963397622076,-0.009057559152889937,-0.0019175584484416586,-0.0627764205630219,-0.019061299419915287,0.021637890143347716,-0.014197513081840252,0.004813033079545115,0.03107264402115839,-0.02548014069787452,0.0062096531346433545,0.026253941989435425,-0.01785427387658256,0.007877283445535236,0.027670521436294337,-0.01994233359176334,0.027399646650748122,0.021527700246876336,-0.0163884104674642,-0.008337591046267221,0.04332792171767064,-0.06551530648481818,0.05812045563177011,0.004456734884560221,-0.01966507524948191,-0.05990718496631077,0.02886371624592443,-0.10085267373108153,0.06373644842948527
H,-0.4001849520554407,-0.9111173082429599,-0.09857613691197169,-0.47181315107857874,-0.881652790278781,0.008983755503250373,-0.9660627354293325,-0.2536274796836802,-0.04894785760480272,-0.9395359828116214,0.3325893105041834,-0.0815873001180484,-0.7611695536018126,-0.643672091840369,-0.07941756012029694,-0.7543743393920531,-0.6513401806685987,-0.08170266282931353,-0.6751795879057501,-0.736259014844577,-0.045334171830025784,-0.6700077316696964,-0.7387265884829839,-0.0732984786412398,-0.7634886337835413,-0.6454219470281644,0.022707187798469905,0.7142956817505003,0.6294931671403369,0.305810450371167,-0.5206034479000686,-0.8378421129131898,0.16429438171685062,0.7972422933485753,0.3984942125470958,0.4534391781295195,0.002444192831561387,-0.003954446199456729,0.004033090673870652,-0.020222970503587012,-0.012975903593270888,0.0190317711868664,-0.034433308129480755,-0.007686612954283967,0.023498229545846863,-0.02367533845921177,0.011226779247222152,-0.013871281920736944,-0.024990332050948916,0.013562124232504136,-0.021563631640671363,-0.026006538823600933,0.012585893900387557,-0.007491892566918026,-0.04317855698756945,0.028302140329940606,-0.010296922553035201,-0.027529182547621156,0.01423839657684911,0.00482156052305838,-0.10187504504525402,0.10234272984675208,0.016337378696208965,-0.08474119285790671,0.048167002854729746,0.01545566654960051,-0.07957663780010116,0.12905378729985773,0.011809595709554227
H,-0.4002874978324518,-0.911709463398507,-0.0924974239027286,-0.48546046447692853,-0.8741941151345721,0.010620098583682121,-0.9657204565705568,-0.2542559312517666,-0.05232514868065092,-0.9326539505405641,0.35067901811811664,-0.08473980642409297,-0.7569597249508341,-0.6499486936061901,-0.06766587383581533,-0.7628601444221464,-0.6435766694926331,-0.06207632831436,-0.6828890234569805,-0.7294002567325532,-0.04047032394801294,-0.6693760211715664,-0.739584729952461,-0.0703574409829402,-0.7629112009294081,-0.6461919527220527,0.020061399096488568,0.6993674626633746,0.6619056965010236,0.26975173976693484,-0.49892376753522827,-0.852060364230438,0.15832943471113262,0.7994536596032582,0.4393008492075121,0.4097421262605497,-0.01354476762133866,0.008050830299755951,-0.004442369928811344,0.0004448246357868224,-3.629641253927174e-05,-0.009456004085091292,0.006984578048068457,0.018681862769480362,-0.009231219315287656,0.004312374427989651,-0.005684446610274008,0.00567297327523851,-0.008383259253082198,0.008355666331512634,0.013547621505710435,-0.007606889774219361,0.007450913267570969,-0.0012148651272302496,0.0007342562751411763,-0.00026598631393004446,-0.003137675350943489,0.0006799786311442735,-0.00017785053834118436,-0.00872450171122443,-0.014825673310114584,0.03300468451623384,-0.04213742361347525,0.02178222614185149,-0.013626096161701073,-0.0120436600149611,0.00231391203169401,0.0413987918159634,-0.04977576487821292
H,-0.4032506188390139,-0.9105383289699233,-0.09115311230348586,-0.4706171701658686,-0.8822853616289943,0.009592695151231982,-0.9586503011553569,-0.28024710393553665,-0.04950919945311189,-0.9355275571341337,0.34308432368863095,-0.08415067843906562,-0.764962682941842,-0.6413278958914875,-0.05941905130356876,-0.7800041492104869,-0.6240813696272878,-0.045999688026690834,-0.68529280404296,-0.7276871469029972,-0.029072133721366487,-0.6681681500067987,-0.7423311998935728,-0.04995711141629952,-0.7684730486798762,-0.6395707361349299,0.019961135550878778,0.720751775175812,0.6534427644413409,0.23136428458207234,-0.5094094346497542,-0.8455184012294764,0.16000206583718776,0.80347962350916,0.4464020425511966,0.39388540340014927,0.017806415317622004,-0.009262380923005908,-0.002371715031692879,0.01003327642176205,-0.02716230711235379,0.0014716376282962879,8.95144129924863e-05,-0.008765828858069424,-0.0007551836142153934,-0.005039836984445822,0.007449663286118846,0.0069025109330038345,-0.014180883781778342,0.01832416543676163,0.01473232868842643,0.0005593404205826435,0.0005419754009722277,0.010053878627403715,0.004170992171329713,-0.00391760436969546,0.019056017967397934,-0.002598726743905988,0.005450082158539038,-0.0014445751448525293,0.02434743351899954,-0.00963406648826648,-0.03973176678410524,-0.007522546107963823,0.005370828572377806,0.0003283195268124067,0.0069890849124639165,0.005930058915100733,-0.017201034459643147
H,-0.40411457704096276,-0.9105534174229843,-0.08708549042365403,-0.46431141812562904,-0.8855019263628419,0.01735642261134426,-0.9550167219668486,-0.2938211085335855,-0.04015242139385949,-0.9360157188594603,0.34369448699413097,-0.07582000829496803,-0.7636773411068197,-0.6437413518768758,-0.04892842286187758,-0.778310534346464,-0.6272143219182944,-0.02889474875986649,-0.687765654761407,-0.7257659800339809,-0.015561052532793957,-0.6677496839582236,-0.7436223504538101,-0.03370696484768623,-0.759121961998648,-0.6498711841604479,0.037433819057378095,0.7249808304597165,0.645677734055367,0.2397979549768233,-0.48834799938070217,-0.8523455150851004,0.18714527622994062,0.8119605311342211,0.4190223461391138,0.40637466618418305,0.007169710242188432,-0.003201476280786486,0.003696105580280452,0.004497537390457107,-0.013558916144987776,0.005289156179420579,0.0003757964766222255,0.0006252517585610962,0.0042630482642657674,0.0021493000369711135,-0.002398367532327139,0.006423006561859353,0.0025575730659717077,-0.0031178638379455448,0.013037317386992518,-0.001608892516498206,0.0019362553220774181,0.009443459308740704,0.0012824242505239392,-0.0012760621071762346,0.012182524688781463,0.010215044883177038,-0.010285359572456909,0.013405061626667492,0.005093013485853337,-0.007749941932912785,0.0043660485149191325,0.021925393471000865,-0.006812025402562871,0.023075588512921033,0.009344865827009885,-0.02736460795902168,0.008421640904201957
H,-0.41431844842545656,-0.9064829703047089,-0.08141773665408768,-0.4888145834621022,-0.8721749898753853,0.01926369722153817,-0.9693460585705663,-0.2421956850028286,-0.04134572408023519,-0.9297796939019916,0.3609344884630067,-0.07236031955061016,-0.7641661268603502,-0.6431977006055984,-0.04844428237596502,-0.7779280524349608,-0.6272021141020487,-0.03801911756826295,-0.6913231046303672,-0.7223517155761988,-0.016744073827863224,-0.6683071322112987,-0.742590824404456,-0.043868491492416624,-0.7523203450963711,-0.6571004382164971,0.047255819215885654,0.7343556658812571,0.6176564379460426,0.28146452823029383,-0.4416969693566256,-0.8773208729329417,0.18764826984908026,0.8347259872000835,0.3499571171355677,0.42516178386469383,-0.014299293951979375,0.009256489369181109,-0.003760479159372443,-0.004125465219223912,0.04755497641248149,-0.006861056455942052,0.01643989634196258,0.013169554350600299,-0.0022080650252084832,0.009715085630963294,-0.0035267958469981098,-0.0051836132836537915,0.010586353295997053,-0.004058239302029754,-0.01479212257796281,0.006646421515533685,-0.0006561826604933874,-0.00685077506463562,0.00964642313141878,-0.003038921068921341,-0.015829280414296744,0.017005488286770676,-0.011299701174324661,0.004154246388941206,0.019578706806034407,-0.03209174322759978,0.03599881948390418,0.05685490140857036,-0.02904580496611675,-0.005164760150426717,0.032969327450356245,-0.07313567612182154,0.013119363910944426
H,-0.4346043160292671,-0.8959368427261388,-0.09174018931008864,-0.5528054750966226,-0.8330900367752315,0.019159784159553838,-0.990833991473083,-0.134110908728514,-0.016194613349215462,-0.9278478064035458,0.3716028358865012,-0.03177704380898499,-0.7404221706818169,-0.6703575049092904,-0.04894716309059213,-0.7435598774243026,-0.6685684437681961,-0.01161656929254766,-0.6742054595641115,-0.7382412091769831,-0.021140372911825626,-0.6677698150313149,-0.7438463327015986,-0.027858705271892208,-0.7105790003918323,-0.7035256824416174,0.011362145360842808,0.7636472614086017,0.612320666629674,0.20471018870914656,-0.237028007983493,-0.9614871401212418,0.13914094585294742,0.8222907820104127,0.4720641756988055,0.3177944049893127,-0.04370502403070986,0.02853882552158371,0.010218539594016626,-0.0012020652987062008,0.0975386486957445,0.03547356338702068,0.022217755102256265,0.0001222198449244427,0.05090572839762613,0.044029823782343824,-0.03770593188226201,0.009819571941373846,0.054654042614468656,-0.05191245724471749,0.036725000931716247,0.0374035126700662,-0.026435621179354385,0.005926153572038555,0.020823184783794246,-0.011801635875712702,0.026332238876525374,0.062027212308349344,-0.056971371803690385,-0.025571221199041885,0.04957746313115513,-0.01588189889493874,-0.06643188686514631,0.22495482897694313,-0.09471239476687021,-0.038184871340131876,0.00785066241413973,0.11156093098466768,-0.09704492621938016
H,-0.41923059675305635,-0.9040986341147045,-0.08277298193252393,-0.5210238995011076,-0.8532938074546579,0.020585779270968465,-0.973961366883149,-0.2256575087894451,-0.0218619428699612,-0.9506555035681633,0.30838396265287177,-0.033962407365704925,-0.7455793585368102,-0.6643912221139464,-0.05192036307437756,-0.7356697980448483,-0.6765817265160157,-0.03204864410953243,-0.6810185170022504,-0.7318681008828789,-0.024142543572371895,-0.6418988603248419,-0.7654826182805774,-0.044746108478626596,-0.6982859985968629,-0.7149914783976161,0.034407121099754405,0.7798450673637924,0.5619144636041828,0.2758510585457044,-0.2605419060923529,-0.9513138150111554,0.1646813302675337,0.833909958371002,0.3569079041064179,0.4209642850837084,0.016407856319304248,-0.012041979290860705,-0.00754121226615008,0.0014989053137232644,-0.08338480867236545,-0.014634536898310443,-0.03818141644082823,-0.055057081845063804,-0.011152570934284643,-0.020530907131204035,0.0141280741839096,-0.01194040736135013,-0.007483639896756433,0.00014850864074611447,-0.02939928219454948,-0.0221867767143496,0.014534899682669855,-0.011969378038110975,0.01049723543026232,-0.013474494190413133,-0.025854610584299095,-0.003080717481241335,-0.003304004567433072,0.01407776836134689,0.000824086678979985,-0.042244411636925494,0.06217366245899314,-0.03888761738507063,0.01833511649865205,0.016573177037021575,-0.0037545429156214394,-0.10699448020382196,0.094202672716831
H,-0.41443238203378957,-0.9068154165176826,-0.0770168883275658,-0.4991891770456634,-0.8662574692989838,0.020203029579583944,-0.9664812823091825,-0.2546473468471883,-0.032690360806910713,-0.9616050653793823,0.26975684793436205,-0.05046722926049472,-0.7406729649587689,-0.6690352856598712,-0.06160637565382827,-0.7354876142326229,-0.6757895815080851,-0.04864576893761489,-0.6662862706801259,-0.7451703276826881,-0.027996218395444958,-0.6514252274868506,-0.7569899158495588,-0.05110225333371156,-0.6966592691596571,-0.7167545349587191,0.03047620891847851,0.7284897523573831,0.627833121711043,0.2740953337670039,-0.32854146160466036,-0.9273249331522511,0.1792455755683992,0.7994581414038499,0.4223619448075578,0.42717334622080466,0.01703650773617743,-0.010246879441347834,-0.00613884329634265,0.002681869854699759,-0.026273055654765093,-0.016584511541907643,-0.015747776530485758,-0.03591033231553159,-0.022260915499747923,0.00010817885877456579,-0.001927281142946713,-0.01544210618440884,-0.004616030907041324,0.003508927410908691,-0.022353218433040584,0.009934031602857663,-0.010585444396831067,-0.009609768428031192,-0.0143245818812755,0.011209484833996752,-0.012112238460043091,-0.003171485282061015,0.0009537258418751415,-0.009687005786234024,-0.05615352972567611,0.06863544050983827,-0.007511818383658636,-0.07279777023157424,0.026705664261882478,0.008808151695907374,-0.03925003168641894,0.06817082310411804,0.0004529675321381099
H,-0.40672651766426826,-0.9103167820802655,-0.076791250098745,-0.4809774523174047,-0.8762982414690895,0.027605839245349106,-0.9534854709533971,-0.30038273267199167,-0.02521250866703242,-0.9619892597859365,0.2693835362980296,-0.04482381541183401,-0.740908109671917,-0.6690612060106454,-0.05841468680021448,-0.73663714325755,-0.6741813388629887,-0.053340805226991334,-0.6630046145793586,-0.748355884329251,-0.01970663432097799,-0.6428033324586602,-0.7643383119516621,-0.05090010474375105,-0.6882090984234212,-0.7231016566297328,0.05909510154452573,0.741666139506926,0.5911059005072431,0.31705701678785525,-0.3514621800522941,-0.9089587372321146,0.22420604363461846,0.7955672673065057,0.3601884263899814,0.4871724752951133,0.010505860358737407,-0.006539406607522835,0.007177171436944366,0.005289946986264116,-0.042234020262220506,0.007252213911057497,-0.008090058776075548,0.0031280539262503737,0.005417775619839915,-0.007941009082669426,0.0034754452118086476,0.002966050624792993,-0.008855393394448463,0.00510960820767925,-0.004920674518197242,-0.004424208268753949,0.0003158089160198996,0.00806394584564617,0.0009160306586691314,-0.003847030539520513,-2.3489638860285655e-05,0.0007443063667146865,-0.0028457561084308525,0.02839325439722642,0.005470522780021525,-0.03322585564121705,0.04273604479203055,-0.03062658281715508,0.02186756148271929,0.04473482983739846,-0.01159673846686543,-0.05867215285499355,0.05977349084548786
H,-0.4110253750861957,-0.9096995437551596,-0.059202036509792035,-0.48113586118647017,-0.8757603366917477,0.03939690035917065,-0.9485603732539402,-0.3163502957621054,-0.01247832775551382,-0.9681457642582747,0.24896362053464482,-0.026662610506900185,-0.7364334939206497,-0.6752535516078961,-0.0412110430921938,-0.7456781563868826,-0.6655540579805933,-0.031652535333285575,-0.663225620085526,-0.7483393474705585,-0.010954354819359271,-0.6486913444182988,-0.7595789548773151,-0.04732178128796212,-0.689376214693247,-0.7211979162741426,0.06807349100086524,0.7369972961294651,0.6093190138902647,0.29251551208380916,-0.3555113551452088,-0.9030417043093092,0.24109615642095017,0.8059045872421018,0.36405652861755117,0.4668839687042977,0.004140448552861942,-7.933354776401558e-05,-0.005798152475131425,0.009223955121384353,-0.016584801415219563,-0.0048550326774343695,-0.001857647050410749,-0.021037154088490606,0.0005719913159808535,0.008773473173194712,-0.006809583922356532,-0.0003855698809322877,-0.00474215570740516,0.008010042557289543,0.004099056304752789,0.004077851915759989,-0.0006007014664133337,-0.008836934087334249,-0.0015891545377111904,0.004142118749241197,-0.01401089013316404,0.0031317411521016303,0.0012865020304843044,-0.008610824132613458,-0.00036998595553344726,0.01759587505791571,-0.04213071829299906,0.0002496823290127348,0.005299794597699581,-0.0006991008026212622,0.014636177357523483,0.0032508639024639296,-0.03787772017976857
H,-0.4082722446642997,-0.9067535912653172,-0.10541204373421638,-0.5144932367886013,-0.8574897625315842,-0.002831334016996075,-0.9703188249676956,-0.237308967667579,-0.04653849780406152,-0.9725549941384839,0.2211433741138241,-0.07233527121568549,-0.7218633024050997,-0.6908020565057854,-0.04130243779949616,-0.7390942063231629,-0.673267760187073,0.021219737798001365,-0.6517244762200021,-0.7581420594678359,-0.02181340784088142,-0.6352091675670358,-0.7723334773537356,0.0032114167403564505,-0.6683497331446157,-0.7436365830646107,0.017699337092426402,0.7322516012825013,0.632175483826527,0.25330169772014816,-0.20820121655036977,-0.9620367753810873,0.17645819969983045,0.7926977740585263,0.4561196339361941,0.4044565718845102,-0.0361105060240271,0.015324621670321115,0.003981772848257618,-0.024511582135651466,0.07609537560468396,0.01214983717587665,-0.0071623603021052085,-0.03076619891066315,0.0005373465156390395,0.011817061093654047,-0.0184944573877317,0.04611861251712198,0.0038308196418236906,-0.01065965469632213,0.09908228035571129,0.008748013443627911,-0.012748664487119754,0.0353509542029022,0.01072904642936695,-0.015700474966262923,0.09674320525274291,0.018273351126735282,-0.02538461928031044,-0.004164146684014491,-0.0074988252688597545,0.019910517446419917,0.006996192860763341,0.14455700817294304,-0.06194102356162057,-0.01842794949669537,-0.015959943605471538,0.0891171528288005,-0.016217389595363195
H,-0.4203017570289051,-0.9015564246816254,-0.10267641478791494,-0.4951980904099521,-0.8686597482895172,0.014460046885455057,-0.9660202655130484,-0.256911669536402,-0.02830619497774023,-0.9545893275155357,0.291898437914488,-0.059619776387696236,-0.7200169160510238,-0.693238076188238,-0.03156913561065521,-0.7395176958309265,-0.6724675295700412,0.030016649161474836,-0.6542750569214641,-0.7562566570451116,-0.00013625478784672263,-0.6270230815023826,-0.7786521577412079,0.023299624636839097,-0.666537935335355,-0.7437900576990039,0.05003529581200329,0.7660071629469889,0.5813033665310087,0.2744438419305869,-0.2705596674106133,-0.9408228717827752,0.20408280256079903,0.8157319278374465,0.3749842551799117,0.44041824471037716,0.031324658743254574,-0.01636715234162478,0.01455575195614969,0.01632807181925261,-0.024799868452514723,0.015496673880019844,0.029995178987553606,0.06555789721697217,0.00997986588168781,0.013875898718681279,-0.007633186266144287,0.006997673242539505,0.011606022856841813,-0.0043969359666599095,0.006061282417172027,0.009478931663143342,-0.0033117641609674564,0.018941524106733252,0.02021559842925863,-0.011515846971164034,0.0173525789501812,0.013841310173866084,-0.005350641218084928,0.029600329773275445,0.04578507402909299,-0.05606928387921006,0.018406515264137308,-0.05032893849563813,0.016016737014620364,0.02488897391466713,0.035063666143525685,-0.08633254533997414,0.03322604387956554
H,-0.4210241952182885,-0.9028831262503438,-0.0868371313045191,-0.49307790302434357,-0.8697319726836817,0.020987549663255348,-0.9659461937304594,-0.2579179833356445,-0.02064617857406022,-0.937432044459881,0.34457235326010477,-0.04991047373609175,-0.7197007204077104,-0.6938423160560269,-0.02477324150431925,-0.7414068416248591,-0.6701505468247726,0.03484450863922696,-0.6472752356127564,-0.7622240597481861,0.00701798428642258,-0.6215019462754858,-0.7831086185054928,0.0218225204365036,-0.6497960267140303,-0.7584316966309024,0.050462711106621476,0.7821359511262229,0.5732746106203432,0.2441711997225975,-0.21391223843722368,-0.957311003798889,0.194415010357585,0.8247170308462766,0.38271351203333226,0.41637985870982525,0.0028426255749919305,0.00025447717455384655,-0.009311780705595542,0.0007965099719723923,0.00032038776947590497,-0.008179267079715825,0.01787972124503806,0.054000616914335164,-0.006129980831791344,0.0010386338326968114,0.0007224617009294887,-0.009043389377059872,-0.001166707604549233,0.0036436843139869834,-0.01101142400564371,0.0077222594980911885,-0.004640701134356107,-0.00868504440912653,0.006243573416280179,-0.0031297591955665727,-0.01731638768373133,0.01746434681070813,-0.013314937363180124,-0.015411868188777648,0.01685122636861741,-0.006702054341947039,-0.04611192569138525,0.057369867162773036,-0.015161430447395374,-0.02550707568660987,0.009707541198213432,0.009055958422138966,-0.03987766948394775
H,-0.4347823628079471,-0.8982414349217204,-0.06423878564315745,-0.5060751219378364,-0.8616699124637085,0.0375889998588569,-0.9749513916582864,-0.22226636928169968,-0.00821248987225771,-0.924436893215882,0.37959016861994976,-0.036438089253501456,-0.7185787060638821,-0.6954359353314341,-0.003674648452601499,-0.7450973898343518,-0.6650629678163467,0.05021084047642474,-0.6456316413639651,-0.7632487375298129,0.02472141437739941,-0.624159449768833,-0.7810616657664065,0.019174345737833925,-0.6450320352630486,-0.7600697721921044,0.07891523860606117,0.7947744350115586,0.554358723710478,0.24702227206903354,-0.20684791259589266,-0.9503801859304704,0.23236058883874158,0.8357525759045107,0.3413675719185001,0.43009977064797755,0.000760948676165718,0.0034203688913497787,-0.005996895465760099,0.004752969661831641,0.031009922725321326,-0.010164656959559142,0.02675331883365767,0.03037612403122153,-0.00912596117877136,0.014880181933486891,-0.006235310604030708,-0.001499752609643898,0.010067619380165926,0.00044588767980247024,-0.0072320138241638715,0.015401761838449823,-0.005666369110250313,-0.004894915570384822,0.011100664096311441,-0.002594738589537071,-0.025246520360031326,0.018522159040640196,-0.0062797668898254555,0.005854181838078044,0.026396651474994315,-0.023557578238488697,-0.019747273314925595,0.020822493430989603,0.002289126539795183,0.015347232819794943,0.024793712647892707,-0.045987631443455634,-0.008878433723209345
H,-0.4596550693294178,-0.8877986744307642,-0.023037597937852317,-0.5336541333973585,-0.8405943353749663,0.09281394961660021,-0.9623382679126382,-0.268379774777406,0.04332845025306267,-0.9471942277156676,0.31652681958391354,0.05132121847942329,-0.7575440977958161,-0.6520992587881138,0.02989141319368651,-0.7541419688600619,-0.6527040196317765,0.07243861926066093,-0.6626943450798076,-0.7470843424865491,0.051972975772851836,-0.6209576594859743,-0.7837909945524284,0.009124800502811403,-0.6053385477061412,-0.7715744048419003,0.1955458525612019,0.824124168464657,0.46374063553055705,0.3252137418839385,-0.11812895394560972,-0.8909628103324264,0.4384413539394532,0.8128707095621651,0.28258346209024493,0.5093012826304223,-0.002706304938051296,0.010632816597786032,0.014023762052438174,0.03748583026711888,-0.056556165986662466,0.010339752420015252,0.002115372021685047,-0.07350610952699238,0.04655812002761961,-0.014092685210463307,0.032893916052364136,-0.0076351260590171235,0.015828127495760624,0.0019161876936140132,-0.01897340892106894,0.007810002805628213,0.005721634552307675,-0.01394962630985271,0.02807449680432944,-0.013172089276978105,-0.051250732940327656,0.06456619407837821,-0.021947393140752114,0.0754294262498356,0.05422243997456905,-0.10106084867087711,0.0369902821095998,0.11359166517175366,0.04897461510708778,0.16487957739540648,0.001990840179125153,-0.06922687031921132,0.038000324277139605
H,-0.4442845629099925,-0.8926289169755136,-0.07632066390564665,-0.5185273529193517,-0.8544568659846112,0.03213795958373973,-0.9840654240456898,-0.17729371144523798,-0.013497447156764254,-0.9204064262972117,0.38942251890628826,-0.03467148972105227,-0.7588400195109012,-0.6512188939367851,-0.008704996751596143,-0.7812735754260822,-0.6221167315753907,0.05081705063164401,-0.6761060008334021,-0.7365621229738988,0.018892184554648635,-0.6488444245732787,-0.7609035272202775,0.005170586418496198,-0.6595013032369319,-0.7458357251029013,0.09373954442506033,0.8208209410383135,0.5230250801389165,0.22955990133003978,-0.042482577662695496,-0.9578218486340765,0.2842050964960574,0.8889771213039943,0.27387444666695304,0.3670319676280715,-0.00024372594141852666,-0.009032288064895533,-0.007392924065066142,-0.03709766255247682,0.09591630587691741,-0.0035428314420325874,0.011417294999030658,0.07772594186712412,-0.03270964223268122,-0.016666428134510358,0.005710607396078093,0.01468665602251168,-0.042502112985445595,0.03541753060113517,0.03166149733877741,-0.028782162173019765,0.015352462057399707,0.02020227474959113,-0.043257271506729755,0.027717709876900254,0.04932885188347913,-0.06953326195021603,0.030568922283748412,-0.04852324216834725,-0.01867373384576876,0.06411468715310881,-0.04237077458610436,0.06027586986348896,-0.06202879575690068,-0.10095319147560147,0.060735905322403916,-0.0038787728785424913,-0.08898624903455646
H,-0.45116445745487704,-0.8892866487345723,-0.07496591700152769,-0.5326064521834818,-0.8456587611956862,0.03451994648752974,-0.9875703624440472,-0.15692741940264612,-0.008863648332338138,-0.9300544600614531,0.36642220506634604,-0.027082631964335666,-0.7555505108583982,-0.6550692608940569,0.005262031292905531,-0.7745764303901105,-0.6281825283108261,0.07360750375561152,-0.6723395874351715,-0.7396066860744672,0.03068271633099028,-0.6360702463260504,-0.7714546010319571,0.016505765215274294,-0.6396367479322161,-0.7613050836059856,0.10620452142155663,0.8235845243573093,0.5175436439268142,0.23207134219911676,0.0176439167747589,-0.9633979426974941,0.2674941049950098,0.8958705340091971,0.3008713346812734,0.32694407206919196,-0.007199204719245567,0.005455836547983761,0.0010272399996710466,0.0033749561465271083,0.01702402380165055,0.0032790519203071515,-0.002768139219356869,-0.026342582080883525,0.006234110852597643,0.010169403197387517,-0.007192635198213115,0.012612281140382708,0.013577039580856265,-0.009408064976376695,0.021435706219848548,0.010646307943115108,-0.006386831341509747,0.01043578487222268,0.019654072792112898,-0.013893342052620827,0.009980431892659132,0.026744449849600282,-0.01881162674402559,0.01111023009237734,0.009643477863880368,-0.00882370445304359,0.0011566939649580166,0.06700638898233892,-0.00891836230435894,-0.018065738405166565,0.013773307250087352,0.02365461977337907,-0.0414426424629985
H,-0.46455511256506293,-0.8834469582503188,-0.060909928155605746,-0.528592196345666,-0.8471000293839713,0.05488014376930543,-0.9906686427867922,-0.13543277053256642,0.015284137687424862,-0.8976035016976346,0.4408035788163922,0.0003982998936388123,-0.7576120851013077,-0.65242798472892,0.019017183046104842,-0.7796095025052983,-0.6198380049633663,0.08949788381003917,-0.6711409405522605,-0.7400988842611682,0.04270221809228373,-0.6310259558695509,-0.7754625413658995,0.02154274720782045,-0.6079526329986531,-0.782316515388437,0.13555244660461963,0.8490354645270497,0.4640628572495837,0.25255582451547104,0.04462130410748396,-0.9470207862723424,0.3180574941545346,0.8930347271090103,0.24762363444318625,0.3757279758581771,0.017404910948001673,-0.00728095867253864,0.006304208435853748,0.010292374767440826,0.01565495838582623,0.01009179717384106,0.045841613474004395,0.06854168326579269,0.013424943012052538,0.011329080867276353,-0.003198414319116605,-0.0003008370927226299,0.008357582994998114,0.002504832863206352,0.0018343912085057104,0.014589301993096937,-0.006331888670954466,-0.0020364870846284917,0.018434945566685346,-0.009847630818195952,-0.009019006853375786,0.045074770043748935,-0.02685112226670494,0.01529193633714105,0.038841595279926255,-0.059320477161483975,0.006428493470432332,0.04036804244291095,0.010537465940898216,0.036507400313602854,0.01055484820999908,-0.05908739072234065,0.034727914943063175
H,-0.47160745231217605,-0.8797424272636666,-0.06032969911951354,-0.5344085741352692,-0.8435092243234871,0.053848531752478335,-0.9848603970779144,-0.17333335923841064,-0.002354748959202306,-0.900732718340522,0.433845043499391,-0.021425413459376843,-0.7691231603006294,-0.6390677647348518,-0.006477373385294752,-0.7698532393954552,-0.6370844846373912,0.03807031949739176,-0.6853670992116998,-0.7281090777600795,0.011362667006762906,-0.6491832415956559,-0.7603115191799296,-0.0220796882601151,-0.6566395645439306,-0.747134116267844,0.10302958111253839,0.8115763430003821,0.5251917643912024,0.255963767158131,-0.03931948682640701,-0.9523791514315316,0.3023705175348015,0.8781624018135875,0.30203305501336475,0.3709539455515807,0.0012359619575099123,-0.0001137259261679846,-0.0016118410529193036,0.012860585455990947,-0.04160511969249647,-0.018219115682719375,0.0039231231042256565,-0.010663066303653435,-0.022403942389107864,-0.004458735452208595,0.00965568900741598,-0.026074785467491802,0.016808602856956123,-0.020951010660677172,-0.052007793348739624,-0.007173818912326213,0.008285275514436474,-0.03191978012161303,-0.011104945978991865,0.011446491199317732,-0.04420266450402776,-0.041634591798164367,0.03147786813394082,-0.03310309452817344,-0.030406781779554526,0.05742437615496648,0.0028277136065677708,-0.07688845118677787,-0.009062896145841437,-0.016267205655825324,-0.007819985548309705,0.05070488958352626,-0.005354259342688607
H,-0.4798960692245281,-0.8755621625507515,-0.05559372493634848,-0.5478037656108433,-0.8348339153653862,0.05443682704088568,-0.9899718331212065,-0.14112003482556754,0.006395732754636371,-0.8886975974616462,0.45836321340504793,-0.010942799591337789,-0.7633827973972711,-0.645945653347713,0.0009578930592813378,-0.7734832799403877,-0.631567362750852,0.053350557266009624,-0.6725622591323827,-0.7398851593360952,0.015164385412765082,-0.6330471064639865,-0.7740628985500383,-0.008831199572394427,-0.6356534200409341,-0.7670214024425867,0.08730920790656227,0.8413397674902086,0.48296687073219685,0.2426734378020621,-0.03726860858521966,-0.9685622040755353,0.2459640373112765,0.8997471829197702,0.21767063856021132,0.3782519001098704,-0.005106574563222055,0.004495044245185764,-0.004147678894757714,0.003177180869059937,0.028033059699928004,0.00401450753067362,0.02032373779122787,0.020337905192741812,0.005746639684873997,0.014028979815710385,-0.01105815332577631,0.0026992922614110333,0.00465857636741962,0.0013368571736240842,0.01054426358545281,0.0210934569916692,-0.015956346288930834,-0.0009342557771628811,0.02442475204402139,-0.017931644083023834,0.008512514504555617,0.02927476141534857,-0.024067550887657774,-0.020456347389141177,0.03805204140217855,-0.04640515837192066,-0.01802630353923397,0.010339495153539408,-0.020363317356918764,-0.06114245440669004,0.029873398018534725,-0.08854268116606853,0.0025619803751246867
H,-0.4810809844934701,-0.8745024405106099,-0.061697389732313264,-0.5573089894851654,-0.8297134329543224,0.03134181574473458,-0.9934421359865797,-0.11262072882207828,-0.01973053182268669,-0.9104994982908381,0.4116887254289441,-0.03876927864719238,-0.7545845539065253,-0.6561201060754025,-0.010419088697816025,-0.7737356106493652,-0.6322954151138207,0.039188172183643157,-0.6636475870709236,-0.7480203376538608,0.0061200188843635595,-0.624064454299424,-0.7813285000160469,-0.008326580488779553,-0.6187804821706542,-0.7821609802841973,0.07304050797685034,0.8580228769047916,0.4526782858747862,0.24265018484536574,-0.03357900541785993,-0.969064133733684,0.2445141204636899,0.8834415450234573,0.21419180720652228,0.4167168178177728,-0.008320308605380078,0.0040607603709221785,-0.016991346500186313,-0.00228538759643121,0.027439583963347655,-0.02002259978135828,-0.02061698556024988,-0.04773421001624545,-0.02172281425988981,0.009983158759687749,-0.011234174767831062,-0.005273316961132582,0.0009325845599644222,-0.0017877744031102871,-0.008058720286401685,0.010099587330401005,-0.009194900357907154,-0.00294070173243674,0.010167567433504499,-0.008325323506150228,0.006608283879579655,0.01805785313922187,-0.016199299881752283,-0.008165035133747146,0.017868024683525052,-0.03134830689755225,0.0060804118392684195,0.004874518436301718,-0.0015616516982903672,0.004653747948378174,-0.015120722627370908,-0.0045385533938306355,0.04456858250386717
H,-0.46889906733195924,-0.880813255871808,-0.06558714001786965,-0.5399540206617145,-0.8409322104015245,0.035814425591581434,-0.9865269567897934,-0.16355764776940407,0.0036687032053249096,-0.9328209309925969,0.36030868480897615,-0.0047709908122423065,-0.7346966870126928,-0.6783627365243035,0.0066914712755600835,-0.7573582341956439,-0.6490945665118367,0.07130742472468729,-0.650506376135398,-0.7589939244099457,0.027743058879327213,-0.6019933051180224,-0.7982081768576685,0.02162792155146876,-0.581418309968456,-0.8074629749621746,0.0997812251811895,0.8883268568163757,0.37924252199841535,0.2589411225877801,-0.07310083577048725,-0.9652480136078297,0.2509034476363274,0.8790263679559697,0.14611156472599107,0.4538326289409553,0.005173051661940042,-0.00490796208600397,0.00836236013240324,-0.005266737964724544,-0.04462610358612763,0.027288985313567986,-0.03450334986326964,-0.045069225258769774,0.037888038120506465,0.0077059497323217485,-0.015931815087702805,0.021000310258932498,0.004195459292210546,-0.010488336036817869,0.03600900282660052,0.0009592937740148244,-0.0046627713948868,0.02551279028052004,0.009889232019890781,-0.010568861480423464,0.0338442523258047,0.025180255040687327,-0.018991179316779072,0.030630467489895542,0.01812206275007322,-0.0671249485151727,0.020180688027970774,-0.051703747514138164,0.010126935487052457,0.010279077458193876,-0.016597094228998466,-0.06176942711933306,0.04100556140873885
H,-0.4625629078695182,-0.8825788101722002,-0.08420332593383173,-0.5469147751598032,-0.8366889705323113,0.02891012454976632,-0.9926370013487507,-0.11982780380455506,-0.01769409474196179,-0.8941550728515066,0.4464505367108416,-0.034185142452800084,-0.7564362100616496,-0.6537794381808919,-0.019408923706512492,-0.7634578366152677,-0.6452970904567525,0.02690347112893168,-0.6678057812623587,-0.7443312438480385,-0.002537310426887039,-0.6176746405160801,-0.7861852928670532,-0.019766733237362756,-0.6395149740232005,-0.7659328852758068,0.06608640747674889,0.8434185147569108,0.46429360616914384,0.2703269432293026,-0.039798315174870834,-0.9802407252554665,0.193763295440284,0.9025135521282743,0.20864121163859353,0.37674677574039606,-0.013296913960529788,0.006008794169605425,0.011711884874146965,-0.012446204021398288,0.04549539826524117,-0.0027466120313246224,0.03232969867864921,0.08790740620225762,-0.010797965724595699,-0.028075682511397915,0.02634885264380371,-0.007484209066110498,-0.012435761882064855,0.005563030355476339,-0.02578776767979353,-0.023635564589401747,0.016428234862299385,-0.011664183390252172,-0.022017494860498754,0.01378843829100751,-0.02277846887286944,-0.06443282351718549,0.04329564398675989,-0.015078631788478528,-0.05124450152190596,0.08681663847112064,0.03000200655748457,0.026966361133175375,-0.013227157347244556,-0.0385239662800813,0.017151024709863627,0.06429520121299462,-0.05846966728459714
H,-0.4643350984624309,-0.8833858274446366,-0.06342236360968675,-0.5364660558688662,-0.8424168161619514,0.05037934842833471,-0.9873618201011576,-0.15838345866274273,-0.005596090470712657,-0.8913071837744152,0.45252377516109343,-0.02817333963294315,-0.7566803575398018,-0.6537283468320184,-0.008607267958756732,-0.759489859114193,-0.6496307579533916,0.033985765014270065,-0.6666721664155663,-0.7452851407434838,0.009913703331302174,-0.6303662469297191,-0.7760699887007706,-0.01880870462647839,-0.6529296249742337,-0.7517298061627778,0.09265637246017644,0.8256404852055884,0.4975573834353465,0.2659970664846738,-0.06962330441075722,-0.9626340458931273,0.26170267321973545,0.8858220533341328,0.25573479677549404,0.3871937545274945,0.012220909883849718,-0.004920828357203755,0.0006882615544234159,0.007047371840505745,-0.037748637585751296,-0.008682958052895842,0.004620079670004107,0.006880255722688189,-0.014769159504288042,0.0015280431147605134,0.000858108621309861,-0.009979306576389214,0.005740168093987363,-0.003526650224202732,-0.013698668438806589,0.002905805439705089,-0.0001468796230089664,-0.008329948565955762,-0.010919415820726308,0.010922321438718963,-0.019822933713260608,-0.011642460358120554,0.015010096385465355,0.005789002659282574,-0.01600583895840968,0.03407079453863904,-0.025110839068773788,-0.028052798642973713,0.018413696634775545,0.04715841545530647,-0.014919308201228887,0.047900602409336884,-0.010333983537046537
H,-0.46542892555353726,-0.8830819705256536,-0.05951595240444645,-0.526281746805795,-0.8484470504799493,0.05625944819241849,-0.9855295386752287,-0.16937395275094724,0.006632686341960478,-0.9007076361434551,0.43429808144511295,-0.010532361841651242,-0.7660333384446183,-0.6427983768525877,-0.001780760251016655,-0.7747859831440849,-0.6302497364254067,0.04991943568550353,-0.6824024349859726,-0.7307461609630724,0.018356605430925793,-0.6445374018281023,-0.7645108523909694,-0.009731095576188611,-0.6341535812792093,-0.7649158614660272,0.11292900525745651,0.8293632225056936,0.49161488760987115,0.26546458791203253,-0.017241385633940124,-0.952230148774997,0.3048942085139841,0.8760755109420847,0.29729554019572263,0.3796143581416521,0.01127813615417761,-0.00633409123698081,0.0019736885588434727,0.0029261085170352308,-0.011294351007187453,0.008322365607432831,-0.008306625277933466,-0.01852955063496342,0.013734566586051607,-0.008259153813710118,0.010626113060447806,0.002920096502499775,-0.014202296938785497,0.019077164609001995,0.01202725946599316,-0.014636441479299989,0.014235122861428473,0.004536490894383316,-0.013077327807276773,0.011255279390818274,0.0051711978450494755,0.019869870786130783,-0.013489912222232281,0.01636622159203977,0.004816564391211586,-0.006246352744458283,-0.004438889777881573,0.05347574586792349,0.010100040199147342,0.039285124089008326,-0.008652715300941693,0.04125688650124565,-0.011485807591082677
H,-0.4680824371329833,-0.8820047582852579,-0.0544650200570097,-0.536730487458801,-0.8412104797602799,0.0654622988728438,-0.9870319308298356,-0.16012339798299788,0.01133423754405916,-0.9096853824367321,0.4152732780876629,-0.004539767313732151,-0.7680176014303302,-0.64042820349661,-0.0008246570847178864,-0.7710261933169369,-0.6352637293711605,0.04425611104286619,-0.6838059136113871,-0.7292670681168781,0.024062748602538795,-0.6437477661161825,-0.7652093720185806,-0.006590189326137437,-0.6541207997438168,-0.7455760812852389,0.12744522885481618,0.8134309742798597,0.5053526346794993,0.2880082719378157,-0.07345338288962337,-0.9388234092498794,0.3364746748070409,0.8728048284502069,0.2725997128720142,0.4048470426915582,-0.007795229073560006,0.0061593584792737355,0.004151918332988558,0.001151119424839142,0.008173342527553668,-0.0003493811453380725,-0.006324234713831034,-0.020102015597845746,0.0009416621804823376,0.0006692485937341841,0.0012929611155819698,-0.004094829181137985,0.006413301406594019,-0.006091205186149473,-0.01071425699007409,0.001250032954031588,0.0004018806057985991,0.0006552108241762479,0.0034431472913658556,-0.0017757318680069467,-0.00191002609738558,-0.01731370688516143,0.018262567940392604,0.009465291249922916,-0.0132787366463879,0.012660534829232462,0.017492751678346408,-0.05355848567623721,0.01232952728472192,0.026529533945620076,-0.0006171709124317415,-0.02577303956410415,0.020181752202469316
H,-0.4710682357942304,-0.880564032692707,-0.05197789485606856,-0.5351309883421415,-0.8424479385571949,0.06258031748637548,-0.9853237606093003,-0.1705714857096296,0.00651575333756001,-0.9026920017832276,0.4301443877504967,-0.01108853476973997,-0.7637392543803155,-0.64551385980773,-0.0037693652948308904,-0.7652563569530818,-0.6426808025616064,0.03666188977217241,-0.6788454327083101,-0.734089287833228,0.01678677990477529,-0.6399926883431729,-0.7681011765627561,-0.020735029061668485,-0.6515556091839607,-0.7505273002393563,0.1103814284032459,0.8171537249482514,0.5136240486174735,0.2616297507643058,-0.040282709407534464,-0.9509822871757339,0.30661049036325916,0.8804640008607584,0.2831300129143978,0.3802900721493523,0.004585297777906672,-0.0026781843894659874,-0.00536910658740946,0.004693968881782473,-0.01188881331918265,-0.0073056094074402875,0.009979179314751618,0.013430384070282853,-0.009035892656948957,0.007264145711261716,-0.006526381903670941,-0.005431833411054143,0.008755635025102182,-0.008857798782996862,-0.010081346471634917,0.007946279564324088,-0.006262945308900814,-0.009763093898704642,0.006740876434256637,-0.004332530136726409,-0.016631964936472187,0.005550989221103142,-0.00639194454666836,-0.019550925652511424,0.00670854932963888,0.006830688345423219,-0.028865646374451055,0.036156472143336005,-0.01359960351840539,-0.03235130964472289,0.01064497107179857,0.009089574449832716,-0.02704409574314704
H,-0.4757994017004305,-0.87778317108724,-0.055782021275150556,-0.5451923175396909,-0.8362388579967119,0.05890593579645277,-0.9902692482544799,-0.13900213574321,0.006724746860162367,-0.8966124610732553,0.44269543379303317,-0.010336708710136555,-0.763189617690636,-0.6461701375225977,0.0024001715039033067,-0.7646416811937741,-0.6421601293074269,0.054345815929357444,-0.677586917487326,-0.7352727195205961,0.01581129908674331,-0.630344159139951,-0.7762247556380832,-0.011889902133583622,-0.6432174008156856,-0.7592252778108652,0.09923886749116116,0.8222525600899531,0.5028044558942923,0.2666240922316716,-0.03520710940751514,-0.9612668988068653,0.2733613153052185,0.887928312222094,0.25754070558355413,0.38112477920223004,-0.005330163291349332,0.0034282189550159936,0.00012974472915928958,-0.00021432173897956153,0.02878848836095263,0.004013119941684353,0.010810706616172394,0.009770184437069507,0.004555952478685411,0.005280802595879652,-0.0034371393203346257,0.009973663217816193,0.005345841665507833,-0.0022601883512874954,0.021488052576267028,0.0059896811271841766,-0.003964293292835097,0.0028286456010500165,0.014379695109421997,-0.010904440680794103,0.012649253347166859,0.013069374274475243,-0.011478839176975897,-0.007338434493002741,0.009830001047901715,-0.013600454328648093,0.008798467886447822,0.009806765906219421,-0.013065473236598457,-0.02944504863895865,0.012195477267535726,-0.02837016893631067,0.004638833471959744
H,-0.4780439983792262,-0.8763957972610151,-0.058346740755866204,-0.5474081981930143,-0.8350399962809939,0.055249155306802106,-0.9886656898888823,-0.15013377962642005,4.303052576034807e-05,-0.9007872166997412,0.43388605222432286,-0.018035629058222844,-0.7641632370739371,-0.6449930386737167,-0.006207025626440666,-0.7660144130892781,-0.6413637957730869,0.0432943461785378,-0.677518927193471,-0.7354805433806849,0.006039337965432358,-0.6367765595884664,-0.7707355865240494,-0.021960619847944743,-0.6410782759919891,-0.7624119779930014,0.08801488433178895,0.8157980313288786,0.5136055376206048,0.2658626032471948,-0.031894759868385185,-0.9628723174734204,0.2680664554477171,0.8803690678357522,0.26773032459152335,0.39149811965337267,2.871602547221963e-05,-0.00018851211050685546,-0.0010920610089350177,0.003848155044393342,-0.012519017709434949,-0.004116996853686371,-0.0019301589476901637,-0.010196755394935197,-0.005134200867370641,0.0012709772954945797,-0.0002102749773439383,-0.006042477649628324,0.0008718647832916537,-0.0005910402918848368,-0.008486750270103996,0.002312586972650743,-0.0015951976863136652,-0.007207241640595306,-0.004187803769719667,0.0041017952878089625,-0.007505998233645473,0.004383721502492166,-0.004574074008361073,-0.008659263678656569,-0.004209932082278767,0.009413707900087553,0.0018032304962388376,0.005556946217925629,-0.00299279249277995,-0.0027301403767857405,-0.0053146477075461385,0.008802245181744328,0.01293805993185828
H,-0.47962356092437647,-0.8748849808977693,-0.0673610421959949,-0.5486148096450069,-0.8349055154830202,0.04421052877093034,-0.9929115508543929,-0.11840107943164246,-0.010384438807484086,-0.882881060248805,0.4684028654712154,-0.03346324957771754,-0.762509167700776,-0.6469156621010614,-0.008938417120219703,-0.7732868541827672,-0.6325952759302957,0.04301927496823696,-0.6719982416678664,-0.7405416203661512,0.004058534313155238,-0.6271058283863387,-0.7786960878649074,-0.01925312306542367,-0.6235277743238308,-0.7777521574737901,0.07946506271082138,0.8410981248293304,0.47688345713765545,0.2552177750804636,-0.02376093117968342,-0.9651546979932805,0.26059897753247974,0.8838973572492936,0.2458061971051326,0.3978753263428475,0.00037295109315776953,-0.0013763355652720577,-0.0020243250957430736,-0.0026662984203603135,0.030221883831531793,-0.001413167893115741,0.019485718996086476,0.03300599688364675,-0.006413319079366004,0.0032336319183113305,-0.00343343979059052,0.006282909946349656,-0.005692878548338831,0.007257703479545352,0.008739230229827852,0.007100248070754878,-0.00657189334871211,0.007033497787851573,0.011250293747277984,-0.00947131770410381,0.011721798222649765,0.019130064213308595,-0.01685099584403449,0.00046447981916112463,0.026879656045602107,-0.03823289684619513,-0.0016305267266024867,0.009713391233852058,-0.003793196883105865,0.0015468235248913068,0.005107851958691734,-0.02343494384963654,0.015391508129603527
H,-0.47772480594233635,-0.8757592163167617,-0.06946081502263456,-0.5480050861823055,-0.8353503077482308,0.04336229771656445,-0.9900584879789243,-0.140602144909345,-0.003902208064415257,-0.8984463789792588,0.43856357129098483,-0.02135645184845253,-0.7603644855442363,-0.6493495974158411,-0.013818446328510156,-0.7706216175617591,-0.6361879988937698,0.03751203286998164,-0.6728172280416331,-0.7398086285561792,0.00041323625014145506,-0.6293772184156559,-0.776855024345483,-0.01950866701111602,-0.6199729684208338,-0.7816335871493496,0.0684284580236891,0.8405657075530106,0.4824809337563377,0.24629543204761023,-0.015179482066431355,-0.9719412427344185,0.23473347438332914,0.8859115730904848,0.2556706873193357,0.3870312446172801,-0.0012890315193387347,0.0004294431537816834,0.0012515417722737676,0.0009543078934284854,-0.021326830058710194,0.008582003569708488,-0.017464073712493977,-0.028965058761238227,0.014206570555904671,0.0002459271744996161,-0.0015596998957873032,-0.0027802563816507943,0.0007664816389680307,-0.0027184875444816736,-0.003407469271615657,-0.0027177413558068797,0.0016072272289643363,-0.0015455252363741232,-0.004170145011357318,0.0027152989384167103,0.001844228880947308,0.0016560509209568308,-0.0030071942565671472,-0.008936831860492614,-0.002431172258359926,0.006471712037674604,-0.006822570206213727,0.006682694131211947,-0.0059123093221457035,-0.023765730322510933,0.00011546085915109527,0.010738725633195417,-0.00874430889892773
H,-0.4750726670480268,-0.8776857609753167,-0.06303702090878063,-0.5542475113813163,-0.83091543924448,0.04887973969622249,-0.9922643519458939,-0.12413991944434402,0.0008580546292929391,-0.8941042532236909,0.4476140570969429,-0.014806763877396786,-0.7616894968138899,-0.6478969789381532,-0.0076560516075341615,-0.7699667979460584,-0.636574102482415,0.04386960347896531,-0.673348761125259,-0.7393088201887855,0.004890223118094266,-0.6299926668670834,-0.7763376004876876,-0.020227945093848784,-0.6245711978890907,-0.7770315308380066,0.07831231608712867,0.8370415238490019,0.4866830180375268,0.2500022546026839,-0.024306421467811406,-0.968102207872849,0.24937384182617112,0.8861082479587176,0.2605028903483204,0.38334112356973005,-0.0088945640933204,0.006361413162305873,-0.0009063521341958827,-0.004858002861279187,0.018388770123555997,-0.0016635314201457266,0.0016899868612583746,0.010977030464513093,0.00012589385720182013,-0.003977150163963106,0.0033791631362428687,-0.00026139939287792794,-0.0019973192786088556,0.0015404410699098037,-6.622350487025391e-05,-0.0031836719779353984,0.0024263530259487354,-0.001946807245901112,-0.003267587345737122,0.0024439685163504254,-0.007143072196586685,-0.007250368362566373,0.006528600969898046,0.0034600639495856456,-0.006176322598318296,0.006128628939744085,-0.0027169715587802706,-0.011779078295689593,0.005765579520124575,0.00821657332898805,-0.0024554640260768257,0.006758747687539757,-0.010113915161403988
H,-0.4797547250318549,-0.8752900058608107,-0.06085071445588265,-0.5536773685750719,-0.831123869923506,0.05171541715155356,-0.9912869131757363,-0.13166044592461915,0.003972750363517149,-0.8863619371495177,0.46288195898198115,-0.01013944877979819,-0.7649405513093139,-0.6440914090696622,-0.0034942417289074777,-0.7723593824658436,-0.633273110632455,0.049255981026422126,-0.6739606143474964,-0.7387317603861213,0.0072440668941837795,-0.6247797377483761,-0.7806086670940111,-0.017331709574697585,-0.6151882115451501,-0.784319477915218,0.07991508580161434,0.8357042293058087,0.4890725439957347,0.24981290565125824,-0.00020459042192970826,-0.9679538970670583,0.2511278783716653,0.8862541150608326,0.2550370976442505,0.38666487086744444,0.005252200790072548,-0.0026041857935319435,0.0006493710024330912,0.005659496753985749,-0.009916281594781085,0.0009283892813262283,0.012424374058001286,0.012872146770532278,0.002481008644700614,0.0014310034884040257,0.0014098147539850503,0.0019755034257287023,0.0022894734640429015,0.0009052367354540625,0.0032000710945588318,0.004070204761590646,-0.001818695311841756,0.00016753732319153142,0.00989498710253539,-0.006666821720829441,0.0007099290662532162,0.014065044327768617,-0.009683702191717436,-0.000583536738412313,0.0033447634406348903,-6.229156298054317e-06,-0.0023756554043236205,0.02878388902970979,-0.002247444308715263,-0.00043226990740381777,0.004827925085943152,-0.007861547818575898,0.0011374408448164147
H,-0.4761881390214218,-0.8773679295774596,-0.058909866782034144,-0.548806338434995,-0.8342770085657913,0.0528533430549871,-0.9905436398437264,-0.13695467780698412,0.008167851120525529,-0.8801995998797617,0.474541979476451,-0.0076533708964733995,-0.7617828930561217,-0.647826680806537,-0.0027231383054294495,-0.7698745513030449,-0.6362728893460564,0.04949732860626121,-0.6716486495685279,-0.7408180221196685,0.008760686929419002,-0.6243845228135891,-0.7809639337379151,-0.015469384973166937,-0.6232915020691228,-0.77826354406564,0.07624670108802291,0.8437279046455358,0.48292698484727115,0.2343176267991316,-0.0030439099826097206,-0.9713544736112061,0.237615700675512,0.8923293963050808,0.25488210571094505,0.3725363883946973,0.0013044441296437559,-0.0010752149256365584,-0.000802921770414966,-0.0028233126784232287,-0.0032163081657161363,0.0022542530831598726,0.0025957512593229315,0.01373794421111868,0.0005452302094762834,-0.00040892775724082897,-0.0016573480202259905,-0.001169744250370479,-0.001081754847634453,-0.0009218549969526313,-0.0016995000940094249,-0.0012546212314645255,-8.338016898368217e-06,-0.00042422763861328476,-0.003171371075646079,0.001722657072744882,-7.852307231785878e-05,-0.01166987653440571,0.008133857566226865,-0.00560923238743994,0.004457089329294062,-0.004067635431814709,-0.017436126525975155,-0.006405905571113094,-0.0013226528274989935,-0.015453025370001795,0.0025086952338150836,0.0019229317833434068,-0.016069330146595624
H,-0.4820209644758084,-0.8737292079306803,-0.06521549673687738,-0.5504469845257558,-0.8335710928490832,0.04655481063099228,-0.9899552823733919,-0.1413793817946623,-0.0006397690028335302,-0.8948253235203548,0.4460791225537205,-0.017350988686389523,-0.7619952255745237,-0.6475407110743407,-0.0073691046245731185,-0.7711899499413464,-0.6349817686035486,0.04543362907113018,-0.6696957118136775,-0.7426194991206989,0.004892147186491308,-0.6239899375385444,-0.7812918477497143,-0.014819125833886719,-0.6177330794865651,-0.783056564187533,0.07230670640308029,0.8401207271085088,0.4812916081735225,0.2501110788917895,-0.012328836151039345,-0.9723917966789626,0.2330283106204478,0.8891972650695342,0.2397149211376227,0.3896985763084641,0.004192179363625814,-0.0029328059300710585,7.097530848411415e-06,0.006421182924721047,-0.008063425634457444,-0.002501990168515827,-0.008792898186206544,-0.03210157856950974,-0.003391987835072892,0.005620492935984545,-0.003352751914582952,0.001659663635699563,0.004517426816085135,-0.0023476009042714407,0.0022419304197122056,0.007785763209236962,-0.0054401986478096465,0.0024370902119155383,0.0062274107294313374,-0.003966635658578466,0.00695588909412345,0.011391248036944246,-0.00843174176867223,0.0023656352699006136,0.0022256479173595745,-0.005274098320527887,0.022099082047501155,-0.003452100714043055,-0.004676044714535754,0.0017182398997790324,0.002700694218840005,-0.018805906220101615,0.023467817868610012
H,-0.4842318541942168,-0.8725087117770266,-0.06517713753168544,-0.552569814651148,-0.8322192159111864,0.045582634901529556,-0.9896966471202283,-0.143175814952185,0.0011102665246611563,-0.8921216394168529,0.45153348844710883,-0.015378208444789942,-0.7610738682866235,-0.6486357964370294,-0.006178235325382859,-0.7718986245941686,-0.633934122450161,0.047958750431750644,-0.6700290393751316,-0.7422939114640164,0.007799704961699905,-0.6236438907935108,-0.7816578935430152,-0.008901400891310536,-0.6150136855804113,-0.7849679200514215,0.07472302883947025,0.8502471766350823,0.4668405268588753,0.24318647393759135,-0.0005069783973855547,-0.9710825776387492,0.23874331483705966,0.8913387741128282,0.24133850681315683,0.38375892809449574,8.805959301627642e-05,0.00013138078424301813,-0.0010105349346546597,0.0024695249715720458,-0.0030169293111764195,0.0017116763223027518,0.004914573821910406,0.004233869739734608,0.0019344210364076464,0.0031322470063086527,-0.0023155815163423688,0.0011525100939983246,0.001502215065586232,-0.00017285000026612263,0.0024867621554285277,0.0018775621569543377,-0.0008949084969711585,0.0028691985700166622,0.0025569364634420166,-0.0015865419469546227,0.005879365737384248,0.0049302836245622705,-0.0031318520175421805,0.0023779632311980298,0.012337339244981926,-0.015671577468300946,-0.0069629641593901,0.014032747472062228,8.872288655970006e-05,0.0056766450114199285,0.004352398761702458,0.00040308952188042313,-0.005978007419160297
H,-0.4825735376770895,-0.8724504708726105,-0.07715540556551317,-0.5595847118424333,-0.8282549066503093,0.029304605131417763,-0.9940008258144357,-0.10787374601551519,-0.018044755492933138,-0.8946410493221335,0.4451453302911625,-0.03824954624258765,-0.7590615981612311,-0.6508354620085042,-0.015449646892229085,-0.7745294715261049,-0.6310529197008523,0.043316397293890786,-0.6689874914504176,-0.7432711773211321,-0.0019217821248932031,-0.6195226055674741,-0.7849495607225723,-0.006777043037257456,-0.6072941836861335,-0.7924098689642814,0.05727454957486093,0.8552061823379599,0.4532760651389683,0.2513228888562799,-0.004413873500091576,-0.9769052375538126,0.21362741996441856,0.8923540435055459,0.2202919743582911,0.3939234787019281,-0.008673213708412675,0.003906068356461012,-0.004299761736284061,-0.00596249521133474,0.03524382803225373,-0.007176753983766562,-0.00417772642240799,-0.006446399060362429,-0.010893069763969972,0.0003539536082650674,-0.0022579064758908585,0.002706856466981506,-0.004289163449063604,0.002822961844892613,0.007335914895967875,-0.0006167685924133304,-0.001035506761531857,0.002256780947234624,0.0024629687089093855,-0.0033499080839731743,0.014102625887880813,0.006061185377150391,-0.007500189817276071,-0.005470211230781591,0.0033006891857502163,-0.01362270262432308,0.020114682952516283,-0.005565211619833355,-0.005880900819479562,-0.013137626838813365,-0.0006430471244096569,-0.02110477335928182,0.02214281864126011
H,-0.4776587856483572,-0.8757894219964719,-0.06953396876363609,-0.5555009557772316,-0.8307005348966183,0.03681452774455043,-0.9928538219252664,-0.11879053322013416,-0.011406029355902673,-0.8824706023353093,0.469328608859379,-0.03124568642351617,-0.7602974945774483,-0.6494839709430953,-0.010876177050943108,-0.7732973524377201,-0.6325231739009224,0.043882105591185036,-0.6690426904151402,-0.7432231177107812,0.001129469936359489,-0.6232526559544252,-0.7818727347468193,-0.015203733268006605,-0.6137036441606748,-0.7868664879117365,0.06487655466620258,0.8494389885547773,0.47223021629364564,0.2354825419055382,0.015350828791008086,-0.9729213519625106,0.23062609338682746,0.8935902821316033,0.24618761544666176,0.3753505903560675,-0.0008309959635305897,0.0008933228775523938,-0.00011151418874442293,-0.0037677481395629875,-0.007577836080757572,-0.0009827106648466234,0.007255694958091918,0.027522229692077904,-0.0006175769828056128,-0.006150648444949558,0.004690442189270283,-0.003047966960591111,-0.0036826329403475966,0.0018686969237913242,-0.007055728504582838,-0.00496995099345493,0.0033870107342123257,-0.004570184740624396,-0.008644802415683495,0.006415777099614384,-0.016048127032626237,-0.01132421250327359,0.008882332176406327,-1.9431710535436353e-05,-0.010681945811914895,0.022293102278538757,-0.0234617837526188,0.014849950262367344,0.007322836715163428,0.009377236620531818,-0.0036785134026749433,0.02923459221223207,-0.026194325147737715
H,-0.4747047496047366,-0.8771881910560005,-0.07208521467406373,-0.5529055878694789,-0.8324901360599443,0.03543422449555495,-0.9929937474405863,-0.11700745164709131,-0.016512837519777876,-0.8789062426231997,0.47559096098911496,-0.03656575588469692,-0.763219778056097,-0.6460001641501566,-0.013392471839524226,-0.7737045016528349,-0.6325278739007828,0.035914243145218454,-0.674117283079552,-0.7386150710716771,-0.0036966794863159333,-0.6261984800086312,-0.7792140011439169,-0.026476481189308256,-0.6177937402618622,-0.7837323603598565,0.06398813810408022,0.8468434767651275,0.47221945099500684,0.2446730797662983,-0.0036582067976169523,-0.9728756874883651,0.23129962001064114,0.8912078583585273,0.24325441334507225,0.38285224772508764,-0.00035866813586787893,-0.0003908321037973117,0.0011709426614321672,-0.003093961558940539,0.0031818506325714813,-0.002555562253447559,0.0006103236684889546,0.007661121189264597,-0.002768823550753103,-0.005876319522269247,0.004882575852467319,3.4951121846526004e-05,-0.0033611852587353552,0.0013940690596682126,-0.005416616535538939,-0.008028628708032393,0.006006815698632706,-0.002274903512247779,-0.005899860097826559,0.0040575026624309896,-0.008721502010874007,-0.00704413214480798,0.004532896611408654,0.001662829348305278,-0.005549547833270385,0.0013880037608898221,0.011741783771187744,-0.02196307163224564,0.0014444335336741831,0.0032247725342413186,-0.005336459816696559,-0.0015344330420608843,0.010052903279447786
H,-0.47664948028024606,-0.8767288334334313,-0.06443466128587962,-0.5498332902774901,-0.8342980981524586,0.04037370829908892,-0.9915657540702558,-0.1291571748763729,-0.010760089824866812,-0.8897367114071978,0.4555882818030722,-0.028423614443436034,-0.7642758754999405,-0.6447782766152962,-0.011973309225444631,-0.7709309293788495,-0.6360495428408998,0.03326381185231076,-0.6736059411114319,-0.7390889121500758,-0.0016174165201465224,-0.625409570038167,-0.779795265306953,-0.027968087341360085,-0.625874305235432,-0.7773578899691623,0.06321443623696371,0.839932851986572,0.4864068052812835,0.2406682860905418,-0.013813323441301581,-0.9752204150335315,0.22080383646425328,0.8917259979533808,0.24903306720061236,0.37789849961954375,0.00501702826749828,-0.002267319715083538,-0.0027110695846501442,0.003372724045839992,-0.012609080851850807,-0.0018978056932730508,-0.008885738108488583,-0.020462036808611972,0.0004915880530767698,0.0008886332316659917,0.0007625299122911988,-0.00623139077410452,0.004718302949494824,-0.003981026562686174,-0.010300984681091807,0.00245607264362957,-0.0009331987009678633,-0.005571290422014703,0.0027336406459737006,-0.0010406217856052669,-0.009142159540235943,-0.006135834298060305,0.005915112768124953,-0.00842425525530062,-0.004965894103046042,0.013727996663707442,-0.0116553470639406,-0.008210385968175141,-0.0028040851677356704,-0.018146336934571974,0.00246287027036296,0.005319296232970894,-0.012604301493728001
H,-0.4712105073611489,-0.8791357691123733,-0.07128083346626049,-0.5480335066038258,-0.8354587316500164,0.04084095186525904,-0.9914450817729685,-0.12995538355309444,-0.012175718203050865,-0.8890889730655259,0.45657533603767175,-0.03255396282137828,-0.7600752047403646,-0.6497088524586635,-0.012809768762131957,-0.7710242843406021,-0.6357115065892637,0.03731532322077772,-0.6704433892551399,-0.7419602435306042,0.0008116797935986302,-0.625377423555663,-0.7800777692909469,-0.019538473966540695,-0.6205772031242243,-0.7806905310198816,0.07352706806619252,0.8367326816765095,0.4837590339017037,0.2566234917791573,-0.017174378779450036,-0.9708796894009946,0.23895118627487144,0.8872747595013437,0.2501396175685009,0.3875224804763162,-0.0036391892454328834,0.0012463021813842179,0.007313415746550991,-0.005318300621809879,0.001608727002220478,0.005430543802196822,-0.004791234577425307,0.003393989913541562,0.002715823802438632,-0.0012383021595213095,-0.0025236401644253004,0.0060097126436935485,-0.00553232788084973,0.0027449719305780995,0.010897683548847834,-0.0022764210628051784,-0.0004643957015864064,0.009275268494126028,-0.005406826436593126,0.0021244316949481368,0.015275785555200264,-0.00014187080788946593,-0.0009257053717772745,0.017158804009609688,-0.008639143229159651,-0.00024083570063776483,0.022801377868996345,-0.008800028257245629,0.00674766131147897,0.024993521990999037,-0.009890211371134272,0.0035134860468305495,0.016470153037153337
H,-0.4655312550259431,-0.8819160603887481,-0.07419375325699794,-0.5353680944173708,-0.8436257109270529,0.040947079782785493,-0.9871130122964629,-0.16001223740756573,0.0019962051066379624,-0.8981196112466376,0.43963301294846086,-0.010196951507517411,-0.7615439073384044,-0.6480911294377003,-0.005363314266527119,-0.7706962801853088,-0.6352645327644614,0.04966102214089583,-0.6723328040034713,-0.740191854321427,0.009198883466871342,-0.6175562305779109,-0.786500001831654,-0.006484534926296362,-0.6183119567783131,-0.7819565708807473,0.07895723754917112,0.8500952721614536,0.4572101800388233,0.26133671674223463,-0.02740543265462037,-0.9756945708686247,0.217414458209438,0.8990258060817707,0.22036246804534962,0.37840848652743597,0.0069861598512492296,-0.005386688000661666,0.003019047708263903,-0.0013471828587001133,-0.02727656257809649,0.017084843100426274,-0.014709890516317492,-0.014162031812836096,0.02526993110459831,-0.007147954933245548,0.004398014297337993,0.010359374286342286,-0.005351248179912449,0.0032272651011771014,0.015258618710855557,-0.0075686670835371506,0.004548680485552015,0.011300123464010159,0.002141940642546303,-0.003641941264332371,0.01596685883098178,-0.0034140059892945884,0.0015142514155090936,0.008343089273716048,0.007683338149738372,-0.023768562586505615,0.007626144753814804,-0.015910306210376108,-0.002034590191255292,-0.018623808274695994,0.0060717942452212514,-0.026996858246776473,-0.006201074158142791
H,-0.47674850909171573,-0.8769675840715727,-0.060321766937774655,-0.546041304073558,-0.8359043438882492,0.05570298119853082,-0.9881365026743014,-0.15356706745944362,0.0018460429320640548,-0.8900833668858921,0.4555298504982505,-0.015625469532659465,-0.7643325171367346,-0.6448167501753205,-0.0026761802558201027,-0.7658690844725616,-0.6414702455389855,0.044277189808228014,-0.6759537462803185,-0.7368214022019153,0.013444483880251636,-0.6316412094010423,-0.7750866567020959,-0.01643341683144232,-0.6449279777914946,-0.756925820282415,0.10550453095278259,0.819734058558215,0.5036411742563364,0.2727299778780756,-0.0306903123729701,-0.9547559158842528,0.29580271433925537,0.8849050398226094,0.2568857528053355,0.38852642188425507,0.0005440444095853869,0.0027728907216282295,0.0008839150965220463,0.010193763687934065,0.0014966936309466772,-0.01402214849379719,0.01925349842651819,0.010948361232614223,-0.019300504344365338,0.008428644267442442,-0.001674097054795598,-0.011184852308516267,0.016044449778519765,-0.011154189091699518,-0.019255818651891098,0.007596311788925447,-0.00157802419766373,-0.009626385905842989,-0.0028677247573588027,0.006464868812382729,-0.02382086822436924,-0.015398766947408882,0.020082274281156942,0.01267530708438818,-0.019143959537466004,0.041482517900337634,-0.0024787251833822896,0.007932374347422888,0.01599017866719643,0.06451626981059408,-0.0029035121933887464,0.03157480844281044,-0.003754050962404186
H,-0.47889578185815673,-0.8757919700947527,-0.06039250976749022,-0.5510460922678676,-0.8328759889014797,0.051631301626967545,-0.9905007220907388,-0.13748874144474285,-0.0022727766423176698,-0.8917296148975856,0.4521988973274491,-0.018288006191024574,-0.7633837655457669,-0.645874995161121,-0.009524553889156415,-0.7674409314511771,-0.6399232580832149,0.03914895270007923,-0.6726170766343984,-0.739990711335288,-0.00012392453405475197,-0.6259756700767743,-0.7794663432496919,-0.024221482466748608,-0.6311464750462144,-0.7716655574821607,0.07865363585038151,0.8245465585406628,0.4982300594331995,0.26812269705479935,0.0013768568749343388,-0.9669005029765618,0.25514999825361073,0.8864632488924745,0.2419537099730478,0.39451401824685156,-0.0028575154278686066,0.0018527410099494768,-0.004000936741847712,-0.0002169466499963857,0.014902712037880794,-0.004048076744666159,0.0005010247547474478,-0.0045065671476213764,-0.0025917938286495433,0.0030960243574086332,-0.0022338589626205163,-0.006777630803620746,0.0005754257878255453,0.00037137347895055406,-0.005057494278433217,0.005483942412361054,-0.004344923110192744,-0.013497665584590823,0.007812812090708943,-0.005555300524415996,-0.007717322805590721,0.015928775511721227,-0.01591535117656573,-0.026780152272685508,0.006959772748888815,-0.006586728799956865,-0.004536537993560706,0.03421444201434544,-0.013320201069129012,-0.04058197325592907,0.003705481836306146,-0.016107656809107668,0.006058339192312058
H,-0.47904445053953454,-0.8749995318356211,-0.06994450439255157,-0.5485955904938231,-0.8352965596669243,0.036366681170186155,-0.9917985215012326,-0.12683911713506785,-0.01573312150736253,-0.898490176035908,0.4373792492379774,-0.03761377278320134,-0.7583068353383992,-0.6517737869009601,-0.01271511650924277,-0.7697366785356929,-0.6369885458963986,0.04184540731825792,-0.667071499200344,-0.7449931628432952,0.0008956960136675976,-0.6241598656982901,-0.7811788877223825,-0.013564933774768488,-0.6163859683229769,-0.7843836046357529,0.06935920150325599,0.8469988753841746,0.467620057856829,0.25283272451943256,0.00831180577323956,-0.9705344940274004,0.2408188318794144,0.8879105952130718,0.2359162602583786,0.3949155518007231,0.002599170455422295,-0.003213009024576219,-0.005712625831720046,-0.001149130729115988,0.009857186050543337,-0.003908350239983515,-0.006611892456944546,-0.015612086348603393,-0.009773771967115423,0.005225598888745575,-0.00669122999897076,0.006361432004974989,-0.0021470784031380474,0.0021422739276846237,0.012248449243240034,0.005694246115432178,-0.005794889767138822,0.010571615172783693,0.001964473059862082,-0.002504982731822314,0.020208543317041465,0.014909175404615282,-0.013510485412723816,0.00025756027793581715,0.022600985524889594,-0.03140243983550217,-0.005737977910305447,0.007083617579683027,-0.004426429309970281,-0.004779171749134975,0.001596015001975093,-0.006829887973800852,0.009953528178932858
H,-0.47754959440705735,-0.8758826366650767,-0.06910854990728907,-0.5527654270094868,-0.8326121287203128,0.034748033193966084,-0.9932681838887126,-0.11488789184984795,-0.014801593857290393,-0.8935986826994056,0.44753631508277253,-0.03453463421003,-0.7584049181837887,-0.6516432600783446,-0.013529289305335623,-0.772372845657117,-0.6338398342363497,0.041076171033388724,-0.667472467295733,-0.7446324754534922,-0.0017268185055005587,-0.6191717523367474,-0.785116787222541,-0.014763858899244454,-0.6119883766686013,-0.7886485771854873,0.059191625470471215,0.8521331593473268,0.465091763404701,0.23991400616439412,0.014549464832754815,-0.9746783400980303,0.22313772970259593,0.8918926995820181,0.2367712796807273,0.38531386368861803,-0.005664692648140901,0.0035675357760671655,-0.0024546024614825676,-0.0029645185199572155,0.012834330114675538,9.557316480963973e-05,0.0033966372040252213,0.011040170674250782,0.002243184087908842,-0.0015929389778667757,0.0010136316520711341,-0.00165012728135535,-0.004131023253901189,0.004031816489504569,-0.001605190770131694,-0.0018958242278661053,0.0012437922192586326,-0.003458469004430653,0.003493257229065516,-0.0030547946707027984,-0.0020348796097384627,0.002902735521898403,-0.0033818677202788194,-0.01100353051804727,0.0036394278306750016,-0.0016451896226723495,-0.013754672840300936,0.00474280292703807,-0.0032607412411742587,-0.018517056662080977,0.0024872482364691195,0.001738124251804335,-0.010437642597367541
H,-0.48105184217428204,-0.8744736169025747,-0.06232991642909884,-0.5537785564225537,-0.8314839547267954,0.04431414535383911,-0.9921019867963268,-0.1253652842522554,-0.004146480330614457,-0.89186072020493,0.4517949016453435,-0.021582923870918577,-0.759883657910376,-0.6500154253904137,-0.0075347989532652555,-0.7705678494675255,-0.6357026099341312,0.04590622060164295,-0.6688272803242998,-0.7434077679468525,0.0038677707118259493,-0.6196835654625971,-0.7847200617777071,-0.014377181196420636,-0.6163159191220323,-0.7843840269582801,0.06997418159204576,0.845285604486219,0.47500801677565635,0.24466227916706978,-0.00022123471348873885,-0.970674971981319,0.24039561107530066,0.8892190561210234,0.24419820193547578,0.38685489321283867,0.0024891183541578266,-0.00028084576898457225,0.0027874786816827965,0.004668444859610543,-0.011886412164909418,0.0038764800484857066,0.00524021026170024,0.0028495668000690366,0.006173076860921195,0.0020235080406373895,0.0002188149254289673,-0.0007841431261198621,0.005307243956816088,-0.0032717954602834443,-0.0019485839099360053,0.002147434738657805,-0.0001843122558622401,-0.0011840442608637217,0.002990434641374995,-0.0010122943176681387,-0.006391955775366411,-0.0008252946862063459,0.0028555304647052138,0.004003922643384311,-0.0033453070938830876,0.008507233608453402,-0.002030360475514567,-0.011268451779018867,0.0025943483542093526,0.010479247894514501,0.0008286043062299409,0.006017902492246513,-0.005237603953969591
H,-0.47525766904578415,-0.8773737595850453,-0.0659199059827226,-0.549077546454207,-0.8348369016165641,0.0395119688079881,-0.9922051258679476,-0.12444618982202578,-0.006491073882677259,-0.8926303323869094,0.4501679609027029,-0.023662135988504876,-0.7568127606097633,-0.6535713615390379,-0.008883735376359335,-0.7715531673733788,-0.6344388944105727,0.04682946908942425,-0.6654053538937077,-0.746476864038178,0.0028295698113216966,-0.6179189859301615,-0.786167003357414,-0.010842954351316918,-0.6111712053237472,-0.7886053835770246,0.06761143968628397,0.8514635237335458,0.46430047449027306,0.24379281601261468,0.0031809947158772034,-0.9720829202457354,0.2346160212754894,0.8925820846667412,0.2293387490145591,0.3882022157747321,-0.0010931631601512337,-0.00045280420729820747,-0.0012121869922272488,-0.005897312200118743,0.003819237112700144,0.0012453960015609573,-0.006563785310477244,0.0012732019398298822,0.001510777436037461,-0.0027232758278851743,-0.0006557934661537423,0.0022410531305296806,-0.006779491034351104,0.0041638582060290474,0.004513238041405063,-0.0023722466979057555,-0.00016895340885503263,0.002551788653119507,-0.004029593596062309,0.0014532011027637015,0.007124216398727477,-0.0006494593302128204,-0.001321213936273935,0.0012272476478619732,0.0003837461188289093,-0.007807399602912768,0.0027205263991686573,-0.0023919436991319504,0.001492194418054149,-0.0021896002461875147,-0.002431144582780098,-0.011959310238446152,0.0049373121155171645
H,-0.4725589146623454,-0.8784870506326565,-0.07034610183857067,-0.5488554887236226,-0.8351286444018208,0.03630151233117678,-0.9930805688341947,-0.11638625417226582,-0.01565961824889345,-0.8933667382551798,0.44796496902616856,-0.0349750983513278,-0.7613059233340898,-0.6482627052661983,-0.01299061420330299,-0.7692459937405971,-0.6376956215880133,0.04006114478542072,-0.6706135717503002,-0.7418041991470733,-0.0019918614595734775,-0.6186457097403151,-0.7854012801046638,-0.020550304860444242,-0.6169543379790727,-0.7840004347525422,0.06863427100675641,0.83656767697747,0.48576671215179135,0.2533480278229104,0.019220659790238494,-0.9712170288380398,0.2374195634993839,0.887472454676279,0.25754472891490965,0.38218235804260486,-0.002476696652854271,0.0008215482623545878,0.0012157393790367468,-0.003574197349685837,0.009173226697371223,-0.004742348510368125,-0.003435160251709146,-0.001089700828923068,-0.00688676650697486,-0.007191917107765178,0.0064219473204508715,0.00031931702890441137,-0.0003915807506570945,-0.002143436129829368,-0.002342128448155463,-0.007906972240031285,0.005785955938716003,-0.0003952354150471068,-0.003425478193592346,0.0018790143003614146,-0.005281154653279257,-0.008481887038764235,0.005718239872093633,0.005449027176320509,-0.017594601139514554,0.022579528709129548,0.013981407666143766,0.013340910690922539,0.001979182455306816,0.007229738079742573,-0.007808384373900912,0.0293192709479618,-0.0015936618762791427
H,-0.4737054880859417,-0.8777541436271994,-0.07176889230398885,-0.5433396541175257,-0.8387774314209645,0.03513460975016876,-0.9929745640224742,-0.11731259573953999,-0.015468357547857688,-0.8868797983235359,0.460834893673623,-0.03279365942411502,-0.7608536563193228,-0.648807725070307,-0.012257632504311092,-0.7706316232270991,-0.636120673789213,0.03843682687636692,-0.6717493436046152,-0.7407757333689703,-0.0020327858797714333,-0.617019720688475,-0.7866474351974387,-0.021736535575106356,-0.6136256318927366,-0.7867585500102542,0.06689221083207134,0.8463493424605947,0.46596413016079,0.2580120538269819,-0.010479905372000919,-0.9728384596884642,0.23124770903593908,0.8876465678538192,0.22990542414165074,0.39903266348456085,0.006662408029693145,-0.004381694024600868,0.00025588788441015947,0.0012525782353168258,-0.0016592485727313089,0.0016140511664539461,0.007633513355240151,0.012137017641997316,0.00360422939263097,0.0015988404383632804,-0.0012779268095658436,0.0021557721644100813,-0.00023905606290569592,0.0008420407933431573,-0.00020152744363562125,1.08015692812935e-05,0.0002955587726458653,0.0013818660452202276,0.002772562475436391,-0.001979062098232065,0.0002365597507560692,0.004475279509932484,-0.003491022263169108,-0.00031926970926689224,0.010928238906720955,-0.020535488996458462,0.006086816469489692,-0.028553991738643106,-0.002354337855881461,-0.004749063998026631,0.0013206866011365448,-0.028372211778716044,0.018273095907374165
H,-0.47615204841427566,-0.8767446079538813,-0.06780943308039104,-0.5456706239835498,-0.8370549971510786,0.03978067201306542,-0.9899938609010119,-0.14060931022360001,-0.011881803598413667,-0.8909426585188707,0.4530555828454534,-0.03101319209455285,-0.7630061792425081,-0.6462758573250733,-0.012210105506957045,-0.7695596492863533,-0.6375440533316276,0.03627018405996248,-0.6728757539179527,-0.7397554495210639,-0.00030772265989520577,-0.6190306465565986,-0.7850590827900268,-0.021983974904491974,-0.6230826991040802,-0.7794255457651822,0.06529753966132289,0.8332303554371686,0.49574953782856657,0.24486643404274963,-0.00728916018546397,-0.9757890210616098,0.21859243930066766,0.8908871743342192,0.2576329281098185,0.37409265825507926,0.00011559046230985581,0.000712898596567868,0.0006866030392988567,0.005427263449796216,-0.024306250157378098,-0.0003729052741537845,-0.0016162998670007922,-0.008788846501487702,-0.002178991894035639,0.0002940374051486061,0.0015223320719156552,-0.003911932226243758,0.0035185342690797206,-0.002432915215732634,-0.006126102040002239,0.0013201500149964684,1.0748174588348647e-05,-0.002234396003721578,0.0004356344602103879,0.0005788167340938788,-0.0042068985529834235,-0.007010506883009693,0.006323468571753921,-0.0055541303943462544,-0.010672426695092108,0.02877587199445847,-0.017105079007830065,0.005637305514870907,-0.0039600970464637175,-0.01661472895886923,0.005687166808733879,0.02671796829484971,-0.028899464453079393
H,-0.4771780489635694,-0.8762215175112458,-0.0673569731921725,-0.5424371025997727,-0.8390511679174955,0.041894239931646454,-0.9898567927697567,-0.14185486510145393,-0.007792756548178825,-0.8914675497616567,0.4523228852851501,-0.02626052492363653,-0.76085061797979,-0.648825797232198,-0.011463941982321268,-0.771537627874878,-0.6349747821800119,0.039200953670196124,-0.67000194013335,-0.7423586527273428,-0.0010153513634596368,-0.6197391247479086,-0.7845564995500572,-0.019862433648908256,-0.614899223711711,-0.7857973262858676,0.06649441089833795,0.8433135200446434,0.47188910823900787,0.25718276854273636,0.0035739532507479766,-0.9745735701486229,0.22403924483431167,0.8910457025086044,0.2305669108387184,0.39099418878960096,0.004259521933070831,-0.002519261209052437,0.0016611080303624917,0.0011630686805489954,-0.0017686453204894537,0.0036365871620163,0.0005011093065077632,-0.0012557880029388513,0.004300207282697779,0.003181561812011846,-0.003073030349760253,0.0002937036364172342,-0.0009519780392309163,0.0020461807089801054,0.0024783097220150985,0.0038998143338964675,-0.00312629364891448,-0.0011600885917829736,0.00031752235798371276,-2.0507202665998037e-05,0.0016690813673651758,0.009209475941662937,-0.006894870963320976,0.0007444113487965198,0.011109165156768575,-0.02438352003219424,0.011863874611768188,0.011889113985505694,0.0006923604703513719,0.004994345645425474,0.0011845287236789681,-0.027589107713735683,0.01644907064630316
H,-0.4754552135221163,-0.8771027738197189,-0.06806661510897681,-0.5383476755345653,-0.8417650916556564,0.04016603934264333,-0.9900859734561867,-0.14023489597167446,-0.00799619391515539,-0.8837858326373192,0.46709861887111603,-0.02723017220393825,-0.7573457443612626,-0.6528999176158286,-0.012211514039195886,-0.7707277970796382,-0.6359105622192515,0.03995522076980208,-0.6676312019835976,-0.744488044246047,-0.0024759064265048106,-0.6184521945226178,-0.7855950704578811,-0.018901543916696566,-0.6134088988435716,-0.7876002871089014,0.05844065849640113,0.8440031396943486,0.4752733485353007,0.2485436467868863,-0.007267465843973455,-0.9773486357254761,0.21151082285726483,0.8909446227149819,0.23328986520367861,0.38960687628493923,0.0023665916237542994,-0.0018326674296877954,-0.0010185586721988132,-0.0019520161278830939,0.0025012254382525967,0.0005062045498277455,0.005958881682884276,0.01565698989443909,-0.0002600053634974099,0.001782038177074341,-0.003192864075157398,-3.793014007030804e-05,-0.0009130046462133556,-5.4523730766420364e-05,0.0014639090164102683,0.0006479027082992861,-0.0012481352102310384,-0.0007509131462408638,-0.00043590521616232447,-0.0001573145993507552,0.001670531649016,-0.00023251057331374891,-0.0009217045145606395,-0.0073441104851325115,-0.0010332157917479767,0.004265496604765939,-0.007929479839045739,-0.012564254536174562,-0.00189380926838012,-0.011818780060242534,-0.001823915235075635,0.003604210673433361,-0.0006776705878574207
H,-0.4751110934898017,-0.8761567737900988,-0.08135574094463471,-0.5455391750887498,-0.837821630558376,0.02102198401651238,-0.9936860500509401,-0.11041645335556537,-0.01990579720932409,-0.9016294080857618,0.4313041225799741,-0.03226707796558994,-0.7515886438144826,-0.6594556196362935,-0.015257661000919359,-0.7672436897272469,-0.6396861111856541,0.04624715915485971,-0.6665950484384449,-0.7453981004379672,-0.0057195507531217415,-0.6093993510213301,-0.7928191216169096,-0.00838280223872253,-0.6110083477316259,-0.7899253980669027,0.05183304439364898,0.8580927866628134,0.4450648498286881,0.2561133517101652,-0.005006979590024581,-0.9802081446663782,0.19790634978464364,0.8950877514316999,0.21903630715584194,0.3883825606080623,-0.0075356195864991204,0.002997461067660301,-0.005854929490473049,-0.003944196627068075,0.02887244258648901,0.0013795225414892035,-0.018187695480757105,-0.03674049632076204,0.008252220074006212,0.005412980514465315,-0.007501702050085046,0.01024297887393443,0.0031399873200767536,-0.004721548996022729,0.01958106422071553,0.0006920335128381416,-0.001856056221540281,0.010045481509040971,0.008708723468973056,-0.008170051188648553,0.02380786751363194,0.0020564310796311047,-0.0032711109876213396,0.006681511732905758,0.01374552693615022,-0.03115449873623266,0.020858830758936783,0.0019163662216342752,-0.00380550897052212,-0.0003153472369632898,0.003799008684403471,-0.015199558077456765,0.012064810158780984
H,-0.47785769760091595,-0.8756034675862356,-0.0705023999202266,-0.5470761051758436,-0.8361278894139087,0.03997358740308308,-0.9904150398012389,-0.1374888724961808,-0.013223421464938063,-0.8936490596158294,0.4477034552423023,-0.03087028363730185,-0.760227054270718,-0.649382482393295,-0.018900198824051972,-0.7623804755948523,-0.6465197491893067,0.028075333301012376,-0.6719101395710526,-0.740565234667373,-0.009994875870527631,-0.6144160332204499,-0.7885030476305318,-0.027493308258745842,-0.6257101466529776,-0.7780615744542718,0.055740458674545176,0.8253967247975166,0.5003976221696472,0.26138566605783037,0.015646449432812116,-0.9767768927419452,0.21368689811389213,0.8863858013762546,0.2582097113540224,0.3842498615237844,0.0012096740240205017,0.001140434940604118,0.008098262362162583,0.006017614360815493,-0.027625725344478616,-0.004170965280022091,0.010726952581046612,0.015846026458465057,-0.009456546696120026,-0.005891806345121098,0.00951983103913534,-0.01449587884754073,0.007609818243508815,-0.007386944207515733,-0.029025166878255453,-0.002568487021493482,0.004279559566730984,-0.015128666141814007,-0.0022700780880055005,0.003762767782514609,-0.02996384704443143,-0.011955194810237435,0.01131051740876765,-0.006945926743511924,-0.029949457754182562,0.054779466137095945,-0.005581026676742942,0.02340003313395097,0.0028779457205697634,0.004927207304840378,-0.005955345944331114,0.03862009799431726,-0.014986040108686052
H,-0.47572029970533897,-0.8767134956094176,-0.07115927953948335,-0.5526719513707921,-0.8326888651329094,0.03439430260476518,-0.9916903441051934,-0.12778321725652206,-0.014889956215371631,-0.8954003982474852,0.44405900924962094,-0.03270662199754069,-0.755850207595729,-0.6545515698047716,-0.0158967337400681,-0.7689183144102766,-0.6382083250317194,0.03814131126044491,-0.6660779637782653,-0.7458536598440064,-0.006516461179274044,-0.6098309902043101,-0.7923967791424409,-0.014611905800290394,-0.6171814607500636,-0.7851173842026767,0.05174686008990671,0.8468360568716137,0.4694233654502297,0.250020792638367,-0.004433887325412124,-0.9784808011288928,0.20629023841506858,0.8974954497126707,0.2117128707348858,0.3868844505924792,-0.0077332440905254485,0.004549052304181234,-0.004922405179061146,-0.003412702199531492,0.010815683262840686,-0.0010096551311768124,-0.003888736527232761,-0.002534417969499436,-0.0011794587409820825,0.0022394487794120677,-0.00405905938829465,0.0036603447032406283,-0.008675236711001233,0.009421452180769174,0.010722857578689293,0.0036947778972102885,-0.004178397153451474,0.004135294310510343,0.002447645120562836,-0.0027837034887271406,0.013538282077712203,0.006391288007337015,-0.005945781725222976,-0.0033367189653817075,0.019301934178520108,-0.029864228696235562,-0.010707993800206594,-0.022217734653801228,-0.0005938803637656198,-0.006739780079566798,0.008972250440839158,-0.045386812595954645,0.003291468687951604
H,-0.47008235190273157,-0.8798052049836,-0.07046547887697897,-0.5518536172294903,-0.8330683982771488,0.03813959809270338,-0.9915120460897109,-0.1294440708096231,-0.012169428549775303,-0.8966391290365806,0.44178758642614296,-0.029359849459515842,-0.7588865220287085,-0.6510520229239017,-0.014916773440187853,-0.7707412284694819,-0.6361301336618662,0.03600571877758052,-0.66851539143658,-0.7436840253091435,-0.004608894920220101,-0.6102021284685533,-0.7920465388148638,-0.017766337941221563,-0.614843180127753,-0.7862229551589374,0.0618168960037543,0.8400054838707554,0.4745226289733043,0.2630951570426977,-0.011948220037037065,-0.9756957647157767,0.21880359858476334,0.8904668314166271,0.2215674387682473,0.39746281866925787,-0.004819613661305677,0.0027121762299430197,0.0030514948254338273,-0.005459649787124876,0.001430855821081406,0.0020267270030919493,-0.006876678591702823,0.0008202865507044854,0.0026529718755204656,-0.008674262235586983,0.006591256255052302,0.00028615963737586847,-0.007460861861812718,0.0051699007440356715,-0.002829393145368772,-0.008075375460922074,0.005261343909045424,0.0012137655965495635,-0.0060090860668505774,0.0034419497017595946,-0.0038482328034355473,-0.003299667180296728,0.0019861384179218344,0.009376235251343207,-0.012468520803465721,0.00819097289725701,0.012380563741826306,-0.013152280514232343,0.005876745787298576,0.01181955950719038,-0.012666566098651022,0.012946277407543977,0.009884567414274265
H,-0.4669456884719261,-0.8818682050413807,-0.06534671341829014,-0.5428217985277735,-0.8382967960553438,0.051019376382103444,-0.991640653902234,-0.12901840499449313,0.0017506287518203663,-0.8916348123586324,0.45248700449660206,-0.015584355998196518,-0.7563922067293838,-0.6540973322763662,-0.005244950714182244,-0.7677336345805085,-0.6389280898276681,0.04853825669479332,-0.6680747885644808,-0.7440608450927129,0.0070381591657391225,-0.6148130337651779,-0.7886057844398711,-0.010288355574816591,-0.6307436760550897,-0.7720951784149112,0.07766241423596522,0.8416224565642898,0.4714149076379631,0.26351399481503995,-0.0464022789408597,-0.9709694545333027,0.23465964048467147,0.8962206626550588,0.20808785130291008,0.39177540756186463,0.00589515527091139,-0.0031653977204142425,0.007761012830711227,-0.0032652712433285935,0.002488665872910689,0.008801291842906836,0.0018676532471427199,0.012762418128239805,0.00865672800263049,-0.00064234813148073,-0.000982309294683792,0.004553057267316776,-0.00012906954183206087,-0.0007349561080212119,0.007413772458523968,-0.002696060558706248,0.001686180274211302,0.0065282886272703886,-0.007747568727430154,0.0055037544327734,0.0023592169077161374,-0.019037159358142264,0.016190776801806916,0.010726752773522086,-0.00151969073727104,-0.0010447212775604453,-0.004699927686346583,-0.037590722334628124,0.006789310240254642,0.010737276441219301,0.002617167807626275,-0.011416587407556522,-0.01080617656608207
H,-0.47632936646217083,-0.8765596121185315,-0.06894621852108068,-0.5412291022766276,-0.8395559876570458,0.04708293149367563,-0.9868248871694484,-0.16156130439878405,-0.008636375626891705,-0.9011898166635991,0.4325215937539282,-0.027963999685138654,-0.7612734743970947,-0.64834953779082,-0.010274922180035978,-0.763681324907107,-0.6445350323452608,0.03695167205714811,-0.671599915869555,-0.7408906969368714,0.005876069809279863,-0.6271252555954299,-0.7786646256545218,-0.01988251867018105,-0.6485265409436867,-0.7556459206162749,0.09172005422806427,0.8267714237177431,0.4897088735396097,0.2768288859571968,-0.03393272398998846,-0.9618000506613301,0.2716417360982695,0.8902127128061424,0.22487714771042625,0.3961711680523353,0.01097637424139064,-0.006567784524551201,-0.0003369397856372719,0.014199444723030363,-0.03785149232714016,-0.006787499275921529,-0.00017132631472194237,-0.025274003665523126,-0.008780138584151593,0.004502410322533845,0.00043920156269694477,-0.0014304663630631915,0.013435987663646176,-0.010915535440441881,-0.007987079534854669,0.005858550685170494,-0.002138444767007752,0.0024374157463312833,-0.0029285438400071806,0.004632565862500049,-0.005994657992573918,-0.008399186898352173,0.01114066487578702,0.017657145094889595,-0.005467354856301898,0.012985372978797316,0.01691439624494738,0.021853232941115998,0.0038608109491233833,0.0405816007163886,0.00337572814132836,0.011480703484666926,0.007995265593261233
H,-0.46921322027473866,-0.8802856654321309,-0.07025739216708782,-0.5331688843159695,-0.8444720247095746,0.050969993919715656,-0.9886303925763543,-0.15036592779014216,-0.00018610248050393227,-0.8959454615163993,0.4437091389047985,-0.020098010859997777,-0.7565011033888889,-0.6539826902151397,-0.003566717028616045,-0.7661041102344937,-0.6405487025898456,0.05274326395171576,-0.6653415930001041,-0.7464295461550503,0.012786604351800533,-0.616178436185293,-0.7875953338925511,-0.004210084432391092,-0.6172335398713296,-0.7806721403786128,0.09784562583265174,0.83772544681837,0.46524877333199877,0.28593645214633395,-0.021634111762382467,-0.9608325283182435,0.27628394403914325,0.8844420521014107,0.21962175745613416,0.4117384365425757,0.000944071773225863,-0.0011899837389294232,0.005198236072047162,-0.00892165159433811,0.014921429922241325,0.009761446792394908,-0.0018717910402323845,0.014913598464469768,0.009177162471148012,-0.0023437751792263484,-0.0019070991107201785,0.00801937879742707,-0.009538931514818771,0.007712383069014561,0.017102765540574785,-0.0008578233179812322,-0.0018127959045795006,0.008221708188527806,0.0038306732227046947,-0.005204654924429897,0.016983607883797096,0.024176854884924937,-0.021300166448738445,0.007436745250594609,0.0038378769131947044,-0.020734046894011482,0.010418739835144297,0.005182466040173819,0.004693575656686044,0.005953381586880857,-0.012886806892163927,-0.001529336940692655,0.016878442136247507
H,-0.4702584504601389,-0.8798972413693076,-0.06810164756826098,-0.5406308126468199,-0.8408571698044233,0.026029683158548287,-0.9863517437672229,-0.16393893088793834,-0.015305701770212121,-0.9281705759446911,0.3709832182601402,-0.029509891898302273,-0.7372097851080011,-0.6755974891566684,-0.00947445967958932,-0.7603719939214432,-0.6479900451393983,0.04408324239628177,-0.6540124234291625,-0.7564184222119797,0.009945880486566378,-0.6087759419929436,-0.7933420833292616,0.0004373435619333002,-0.5892260794152008,-0.804305057412562,0.07685051696356347,0.8769011351816757,0.4074913569720433,0.25494154841879235,-0.055768599615381866,-0.9720490649576286,0.228058059739048,0.877691809873414,0.17857555612708653,0.44471098213899857,-0.006416698145450095,0.0032264308423279875,-0.027096055359994205,0.0033238789945316816,-0.013961427160619544,-0.017275343888535025,-0.03117988424289153,-0.07311434470748168,-0.011567625637131332,0.020336548466288074,-0.02200322300435209,-0.008063487249800112,0.0067773464984507426,-0.007829766612375999,-0.010815766154260824,0.012374399756341803,-0.010377300119752797,-0.0049964684640609915,0.008447724377749655,-0.0061351734995338525,0.0024916833954975555,0.029052690641529044,-0.024021341096772564,-0.02315085346791511,0.04022091854870591,-0.058145840422778816,-0.03315064832636844,-0.03308925766759914,-0.0116049607022084,-0.05038162889892209,-0.005705012042596436,-0.04143462539187098,0.03081680099759604
H,-0.45712763664056777,-0.8876801405579969,-0.055301825271359774,-0.5349845086689996,-0.8437760894200211,0.0428192294097596,-0.9864984309131861,-0.16372797397568842,0.003741168752941912,-0.9311267584186634,0.3646954116266388,-0.0004652904773602445,-0.7407824412466514,-0.6717421984865224,0.0019476943150983452,-0.7556272287609344,-0.6523529990338179,0.05884773408258216,-0.6610647932103022,-0.7500343336577283,0.02101993131358233,-0.6079857032992289,-0.7939259041926784,0.0059197327288001474,-0.6190828406897753,-0.7784662762707771,0.10356974979494991,0.8567984050800515,0.43790103173909023,0.27228510692676594,-0.04880368501486862,-0.9611714923045375,0.271601845925314,0.883763493694795,0.19979292861880132,0.4231369434193764,-0.007484509841750864,0.0048639795730914814,0.003989723954310107,-0.013277500965534372,0.007993856100939278,0.006247048226252827,-0.016086996293543487,0.0014950925551879823,0.01624477912404082,-0.016703469958221473,0.011638189858835357,-0.0013776683022135427,-0.00838604865906234,0.0034199452942696995,0.001964669389399182,-0.020183183600710808,0.014166987742940784,-0.0017257714698852566,-0.012340575125856401,0.0071990783252725565,-0.00731743313003436,-0.042987575094145636,0.03362168033047419,0.013919410534485234,-0.033233543921195374,0.038192573955736275,0.004543736211072381,-0.006165899219057906,0.018660471841780435,0.030743963889364796,-0.007059129998190139,0.029000271680404144,-0.034373861016523365
H,-0.4584731510299799,-0.8864104554774412,-0.063866064579839,-0.5411676213874116,-0.8399816546035725,0.03960335202145794,-0.9871179881104402,-0.1594506486984234,-0.01317452763665004,-0.916506347311317,0.3990492446178915,-0.02785346850856713,-0.7492184016380918,-0.6621931471862318,-0.013115733546263697,-0.7564969706718643,-0.6529491046663254,0.037010810309104615,-0.6629562041614059,-0.7486565003732856,0.0015861313706485095,-0.6113488545236734,-0.791250977859962,-0.013208637637789797,-0.6385949582514542,-0.7662350135657436,0.07127680746026885,0.8348672264504204,0.47866202388236995,0.2718076177957787,-0.0365098727690346,-0.9734476600195365,0.2259793848847232,0.8922090737752748,0.1985521518106735,0.405635318586064,-0.004837598328999881,0.002524749735892895,0.005348361920177562,0.0007259571921580665,0.0030076401967093214,-0.00835145708111273,0.01596592549675857,0.03308414791069697,-0.01882393872272766,-0.00709044600202835,0.008279366219734907,-0.006499188552882819,0.00047577247848218374,-0.0018657907130631424,-0.013272684464998324,-0.0005458965616915723,0.00010814820388704849,-0.010869560634454597,-0.0020176368350324214,0.0014052412521606827,-0.010564131058110722,-0.018166603172266815,0.010961577624477803,-0.023728703026201843,-0.020585664240218904,0.039491307062724024,0.008086750177492004,0.013639326635246127,-0.013545852795554758,-0.03705822173211159,0.009791094469891903,-0.0025104618886835073,-0.00893738552483319
H,-0.4503597747421576,-0.8898189375401485,-0.07347333998883153,-0.5076673570210032,-0.8599016633562402,0.05331963965070126,-0.9705113502350002,-0.240081020045469,0.021652318096771518,-0.934664369603941,0.3553574641285742,0.01111705361041623,-0.7539048312529719,-0.656973430379313,0.003662948138577241,-0.7722954290111445,-0.6310915442159771,0.07268585245827018,-0.668736822357779,-0.7429673434461977,0.028117414449410696,-0.6254584413176221,-0.7800242373466479,0.01907687962721031,-0.5913012247698659,-0.7990413625019053,0.10906769731114471,0.8475627021558567,0.46152881547907376,0.2619706441507246,0.011041295625421405,-0.9613725109152076,0.2750290621870733,0.8866874107087556,0.23090819435036716,0.4005831267944964,0.025386888078586134,-0.016511526689960365,0.02332356303823585,0.008493261587617651,-0.07722188928433832,0.04443412114241409,-0.026271398580446248,-0.04028329842660999,0.04857779752797589,-0.012799805902702355,0.00862819886962607,0.02638595709383347,-0.023911834627102446,0.02526604251305553,0.0452823175581581,-0.013893994484195371,0.009097638989795098,0.03613855848775472,-0.022222963081770963,0.014635222576021345,0.04189279267399264,0.039180357193766,-0.02939786687345436,0.0473981652598684,0.004582099417614005,-0.01372472634058891,-0.0002296982360616151,0.03943779210663373,0.015483631167036216,0.058656952711342636,-0.013635039354341516,0.03576452460240093,0.00455508361742496
H,-0.44170024656950563,-0.8955052322151476,-0.054509368513428,-0.5205911287695953,-0.8515906013577721,0.061468075661327705,-0.9737110424524469,-0.227535013733278,0.010706228634132722,-0.9121342024670138,0.40989161271590346,-0.000250030039507857,-0.7659119075425087,-0.6429430397833004,-0.0017881495477951124,-0.7676195280811466,-0.6395513166555863,0.041645809784220236,-0.6826418204901074,-0.7306729740381763,0.010823582039173626,-0.644954326187122,-0.7637865895402225,-0.025767475061231573,-0.6510280995459224,-0.7523656051245131,0.10054058795953823,0.8096939087106739,0.5219244826774877,0.2683106568488618,-0.0814571901834049,-0.9559125922124156,0.2821273510618292,0.8710653875988168,0.31427971533462945,0.3774564227252031,-0.021583299921244137,0.013997356673467132,-0.010815535464777086,-0.011859220390098624,0.01823230098719003,-0.029910060938042327,0.01387063896427515,0.06022044326232828,-0.03033105512532762,-0.020666604462188765,0.01971668527101167,-0.024415069161775885,-0.003983627242654164,-0.0027734777646101216,-0.05000401414945348,-0.022564526304980348,0.01798066408302046,-0.0362578038856406,-0.02815541304215191,0.021923942481424485,-0.06380832616384541,-0.06838640294870851,0.052362052052391195,-0.027491080827010017,-0.04652832161783477,0.06608196187341298,-0.012623958777266311,-0.10115801398147828,0.011146213377790981,-0.011865682600647645,-0.02428155128259074,0.08905781565926132,-0.04209067554469688
H,-0.4466672439945472,-0.8922553913219151,-0.0660960649304608,-0.5169129787939215,-0.854759861404615,0.04676057833215945,-0.9716516820867559,-0.23638394075231053,-0.003954902323194565,-0.9245178088937004,0.38055193341834026,-0.021143486229903447,-0.7558552705030287,-0.6546427964671521,-0.011207992079769132,-0.7679783819325505,-0.639892797169904,0.02732056028594209,-0.671071106544157,-0.7413724673418054,0.005516758932952988,-0.6343366313772122,-0.7728129051140455,-0.019422970478279563,-0.6325464544945506,-0.7691965965564286,0.0906729218255386,0.8280908284835736,0.47827934964189384,0.29242852714384004,-0.11321204416919373,-0.9605682228261574,0.25395220485680026,0.8763582553038769,0.21757973498645833,0.4297153328471856,0.008645147400715425,-0.006419100940075362,-0.0031208009121354505,0.007026357790732574,-0.012098767912264968,-0.003074434540294482,-0.00741660900164498,-0.03258952019079564,-0.009306759773362785,0.015023634464521596,-0.01494959757708414,0.0021668538850587848,0.004608143573637702,-0.003591321407550141,-0.0027385530812453415,0.016537711370991914,-0.013949334196861507,0.006279873310812167,0.015584692234951403,-0.012276156467055488,0.017931200999984815,0.023448642476413428,-0.0200808323251479,0.0017190302830331766,0.023363917197941286,-0.0468949739288263,0.035704566712011054,-0.02678785656074724,-0.007905471506974182,-0.016588449787996118,0.010259865130101686,-0.09994982124140356,0.06384560653901533
H,-0.4494747160959177,-0.8910551397352588,-0.06319191041480277,-0.5239574934153323,-0.8501339513439291,0.05235274459166373,-0.9733176043966197,-0.2292847414417486,0.009019329998155651,-0.9332764365193978,0.3591575893942679,0.0009586543448204149,-0.7538347711904881,-0.6570502363127421,-0.0042573120104514445,-0.7628144006847384,-0.6454620502235862,0.03863847602000188,-0.6683184344416416,-0.7437030865995636,0.0160059104006975,-0.6247484062918384,-0.7808231940088122,-0.0021374128485316876,-0.6182458626928818,-0.7792083822634946,0.10298713644646029,0.826943481651922,0.469266810596046,0.3097630362493433,-0.10882055096568022,-0.9558342424373554,0.2730182936576462,0.864201098713125,0.1918610622128939,0.46512986766017034,-0.004237042520040257,0.003425658474029647,0.0026880117438462456,0.0011415497915066575,0.005898947723905673,0.01007007780569218,-0.0059511555243269565,-0.02259459561072863,0.019197986059065825,0.0048279714139110586,-0.0036076914322462628,0.004046525553659652,0.007971453349182644,-0.006769504640338431,0.008413761218401754,0.005560144203885897,-0.003530870844414502,0.007584996952086476,0.012395697186744326,-0.00921054048142289,0.01438140311408984,0.01710806390303926,-0.011212037293722332,0.009410060105263657,0.0016601252697188706,-0.010212790632504076,0.014430354589845235,0.0071989653048840085,0.0035337288021457525,0.01616193428518789,-0.009349684489381394,-0.026918924360220697,0.032510380297326696
H,-0.4538333335048429,-0.8869812714704716,-0.08543728378470124,-0.5145140614021174,-0.8571802565548757,0.02274397485083603,-0.9722235454475477,-0.2333061499242571,-0.018698077038026683,-0.9495032143620759,0.3121665315772164,-0.03155475366939865,-0.7369421794938629,-0.675634888971248,-0.020825966667707963,-0.75337085285962,-0.6566283600797536,0.035658867067565624,-0.6540100986611183,-0.7564817825423873,-0.002470532486425435,-0.6085852978589344,-0.7934866961495074,-0.0016728011512064471,-0.58640049938918,-0.8069908410020209,0.07000169180077875,0.8444476864155177,0.4370533725074762,0.3096650682387679,-0.0433528863546823,-0.9749123151814955,0.21832660156786798,0.8630912881728847,0.21465113205318723,0.45716334038104556,0.013802049422140028,-0.011120173475733908,-0.0073633963709292295,0.005452676357997177,-0.008095276747295793,-0.0054720336662838626,-0.011868160433752828,-0.05106492608183877,-0.010268034644320592,0.02125120910555045,-0.022658520923293235,0.005676718712641953,0.01380216523404354,-0.015240178120954684,0.019265764417462215,0.018666953189448554,-0.016852564207610943,0.003768930482775535,0.020521725841829097,-0.01673737040548251,0.02270998506722371,0.03620398071262698,-0.031856327003313534,-0.010740071275783067,0.02186282217252089,-0.036287306353357085,0.02214740535932304,0.06982628201992311,-0.023151941008927368,-0.03244631871987973,0.0032488068686848948,0.018716201575506047,0.014278846090773692
H,-0.45365781370862784,-0.8871479474528211,-0.08463514276796803,-0.5119895435168496,-0.8585845280066151,0.026444575947930146,-0.9742782336568889,-0.22479994193468858,-0.015713355102363595,-0.9375369017622266,0.3462983995248716,-0.03319602868713809,-0.7365306099470522,-0.6760760135173659,-0.021068567998077752,-0.7533992678044257,-0.6565079815229183,0.037239944528139134,-0.6499825362736454,-0.7599448117652393,-0.0025662444104680993,-0.6083979636431874,-0.793626288984581,-0.003038300081449872,-0.5886267117157951,-0.8061273144335734,0.060641134378942474,0.8379880895266745,0.46589007945129624,0.284116869756618,-0.04685001770863567,-0.9791072973170504,0.19787363690295326,0.8760232874284968,0.21567762031359694,0.4313541050909719,0.0023489980890528117,-0.0012375954693898406,0.002898460080360911,-0.0022302080055562334,0.008672883971918066,0.0021825809189298835,0.011790792803634209,0.034298543930004755,-0.002443416034472644,0.00023604975059560163,-0.00027444856376834803,-0.0010447423471029935,-0.00020393474102070597,0.0002870545391847612,0.0007789364438403057,0.003852042591257765,-0.003296353240502481,-0.0008978529407758684,1.1814419531963605e-05,2.7083147275952513e-05,-0.002167639946976629,-0.002401732122830069,0.0010302025507969992,-0.010162698438569484,-0.006635116685058284,0.029003382926169552,-0.026350339498883102,-0.0036726511501684253,-0.004028306153205374,-0.02125510568164793,0.012756479459397008,0.0011931642427592537,-0.026611376306806878
H,-0.45125446817412074,-0.8882190943514026,-0.08623366733744935,-0.5165778458516626,-0.8559677596629583,0.021599157225037642,-0.9687621983229388,-0.2471470722979693,-0.020448172413429652,-0.945490712243479,0.3233933372595074,-0.03826306936821856,-0.7380116724478146,-0.6742845497265274,-0.02605987971717862,-0.7564895177839228,-0.6534259432534373,0.027534454169345676,-0.6573281957221858,-0.7535881654269694,-0.004951771100354558,-0.6077082609873546,-0.7941603548899845,1.5771466259352178e-05,-0.5967235289697832,-0.8004908868484247,0.05599437513242513,0.8576675636866529,0.4210543601960743,0.2951602547086512,-0.11845332486106079,-0.972832836020055,0.19890973578620283,0.8611480505270452,0.19589077620571468,0.4690957672703861,-0.006991647869320106,0.0036879152422382155,-0.00324689415341119,0.003112689799443069,-0.021275983464699277,-0.003136292741584744,-0.010357156015759539,-0.021833915366782752,-0.0034685161115991514,-0.0038844080352695154,0.0028626106894199532,-0.003392787149619554,-0.005493595514004246,0.004153185168062512,-0.008106965789312144,-0.009749004983047482,0.007427793236851388,-0.0007870021204051452,-0.0017136428786743152,0.0005370809931779519,0.004652596117190537,-0.010500162788495249,0.006707574483730161,-0.0030482346770360283,0.017276128625471288,-0.043764572356640496,0.012641909521514533,-0.07400665268693223,0.007345608195576836,0.002634623452730883,-0.017278582435958645,-0.018715697209300802,0.03934018674889553
H,-0.4399237431219023,-0.8952759724362778,-0.07034225910426675,-0.5085399550804067,-0.8603017651805538,0.03560880388388961,-0.9624813715922885,-0.2712295052661322,-0.008010294059287024,-0.9581307619536036,0.28549312174497693,-0.02188881985203789,-0.7407254507172606,-0.6715962516209621,-0.016860648516124243,-0.7603285360610499,-0.648466006146305,0.03731428846864172,-0.6604653191989315,-0.7508399575786558,0.0049920175015326475,-0.6073982985206178,-0.7943420236653769,0.009383836819355163,-0.6102385859260074,-0.7888878912582895,0.07255868847406245,0.8523774211192328,0.4311137817010572,0.29596222595719757,-0.13698952222960134,-0.9640872975613999,0.22752923653909285,0.8552390573986366,0.20956466855836647,0.47397131178153995,-0.0032928342809626088,0.002722872567279766,-0.0018817615743306274,-0.005049898321568214,-0.01702555488328769,-0.003453529879039966,-0.023970774762342995,-0.030843337429655282,0.0004828412829980741,-0.014044503321664403,0.009745176190440463,-0.006692177032128217,-0.015169743329345509,0.01201681519200748,-0.0061115739338865535,-0.0144678485289641,0.00980508593318874,-0.005947619631295389,-0.01102076258548157,0.0068752093094828215,-0.006523342880086783,-0.024845782008442674,0.01865987367501043,0.0006729051084547258,-0.016620867619638546,0.01711629958985811,-0.015089436984636231,-0.029866922420758987,0.015802416543530318,0.012728092519707426,-0.017239718180627084,0.020730770437526996,-0.011015863722028743
H,-0.4433247949370911,-0.8921928619551649,-0.08634247662789153,-0.5086406536744267,-0.8607224586818708,0.021012723533304287,-0.9746352271672039,-0.22291408273964056,-0.019886821794281355,-0.9382635822901605,0.3437757572872908,-0.038466593943120624,-0.743360208437379,-0.6685981950539481,-0.01980035561648068,-0.7606652021827267,-0.6483110811499567,0.03288148789950993,-0.6574120016414199,-0.7535286035817833,0.0020257546518040333,-0.6180598775355844,-0.7860593951481212,-0.010612025257622443,-0.5937603645876508,-0.8015695597780421,0.07024863188686244,0.8417119270131789,0.47801880340322916,0.2510359645881559,-0.03894551432737004,-0.9762455093719041,0.21313834086097244,0.8782540977055073,0.2539058077314275,0.4052179421789422,0.003300353221168839,-0.0035038039824298872,0.0014041371730394575,-0.008752803759726535,0.04523231204537878,0.004123689788630449,0.023268231478631884,0.055199525061201016,-0.0005775565674579555,0.0007662940950703412,-8.505391409885377e-05,0.013060510423268341,0.003064385693511973,-0.0029281854847645894,0.011567416954492996,0.006454369372700386,-0.005771756484240331,0.013033954673896165,-0.0072605271997778775,0.005199518036142825,-0.003995644553352828,0.01987927315354543,-0.01576477900086548,0.013690160936424764,-0.007264442290865092,0.04382191122105911,-0.028926043845416874,0.1014450597174201,-0.015241322291617121,0.0016093218455043717,0.02641609212205953,0.04125802869194817,-0.05275315207897298
H,-0.44923328955685227,-0.8897376879289323,-0.08097097154417356,-0.5248576693804194,-0.8509301312386425,0.02103184829588055,-0.9795889601963329,-0.20002568105193494,-0.019879536744527478,-0.9328230257479592,0.35875084189326123,-0.03374960852067303,-0.7488177559197725,-0.6623727912100282,-0.02311393267949903,-0.7645389631157696,-0.644203048376901,0.021968303069921404,-0.6665948681025016,-0.7454190195852456,-0.0013293080830944477,-0.6232764571141914,-0.7817712594366801,-0.018977774526230926,-0.6073284762572875,-0.7915933342745007,0.06732098528081763,0.8396079455321469,0.48111917700791773,0.25215637075931935,-0.041309450462289156,-0.9759631635875416,0.21398465511036285,0.8810422955529414,0.2447097317315617,0.40482294974799826,-0.010308521086231592,0.007337153416995701,-0.005352380321141711,0.000954761590632125,0.020433227661472986,-0.005364220033964098,0.011349051161962498,0.01251991057973778,-0.0006545196612703849,0.00045094713736770764,0.003770229817687265,-0.008685082146736325,0.0020347336867182486,0.0016528587468230826,-0.016284689913306505,-0.0032743718413205114,0.005654409970305085,-0.008726567818616457,0.0006919150411541786,0.0018329616852084119,-0.013737254352326459,-0.0076596170498755,0.007521051477308749,-0.00829915168976278,0.003804513138729204,0.000645199578455935,-0.004251098912554541,0.0035445584848420586,-0.0021728282418701506,-0.004525190834327564,0.008696692467195288,-0.01165125002609843,-0.005766497514661906
H,-0.4629116159324643,-0.8826337795487527,-0.08167280474110557,-0.5259942442825584,-0.8501783460028537,0.022952885863705124,-0.9791395405765909,-0.20234665297835697,-0.01848221057987087,-0.9394198586451402,0.3411369976205824,-0.0334047607020267,-0.7490681478985236,-0.6621569319530789,-0.02109756550792952,-0.765427212893275,-0.6426896604361472,0.03272891887769512,-0.663380955147824,-0.7482810725165797,0.0010699815875000842,-0.6230744975258153,-0.7821481212579264,-0.0047420402411513145,-0.606201198053068,-0.7924926325187188,0.06689943858191753,0.8478621301005584,0.45661218202266163,0.26950904172188267,-0.04153877869071539,-0.976368510578294,0.21208267589788585,0.8830064105027406,0.2089824516121695,0.420268978071464,0.01254175147347314,-0.00635212314439082,0.002622870764756584,0.014127745995354046,-0.00942488030660163,0.00209915936158862,0.007081493478431011,-0.024717752652858416,0.0010466810155783449,0.013427934396860963,-0.0068880491232302665,0.0027182003685015214,0.012790076598106714,-0.005590520439425761,0.011462449004705728,0.016892239330289605,-0.009965961311513727,0.0031011228675265432,0.01388028596398816,-0.007480770201425901,0.014937567482011624,0.014805604579831488,-0.008003206624397685,0.00028028649803191197,0.021932510944023598,-0.031610903365435705,0.018054504159495333,0.013448998147185823,-0.007509255370931944,-0.001200146015544995,0.01564244132541126,-0.04283118849957182,0.016147861520397766
H,-0.4570844071724545,-0.8864796844597241,-0.07230223896943781,-0.5338491931497846,-0.8448477591747217,0.03517531507713031,-0.9791707775493956,-0.20293527074319684,-0.006470261331459023,-0.938201657686754,0.34551916124028076,-0.01985343118052636,-0.7486697237648708,-0.6628222358694916,-0.012662083351491141,-0.7659579150231227,-0.6412760283225257,0.04553600676736779,-0.6623793691143043,-0.7491069466093656,0.009610094345487331,-0.615183752508225,-0.788366794756758,0.005171805763441283,-0.5924831080409464,-0.8015116093818129,0.08088823593277665,0.8414694351077362,0.4679250243578533,0.2701395220236568,-0.028506238822541996,-0.9702745490273789,0.24032206277807475,0.8728025955118089,0.24560024548041928,0.4217773686292419,-0.013682157627236069,0.00917649173910351,0.002851863441757429,-0.005858445732814521,0.0032572871461316044,0.002641383476744091,-0.004609007801623599,0.008228068530669819,0.0041807637498325854,-0.005428784626357042,0.0031806009945587466,-0.0009350836152293759,-0.006357910889857543,0.00525953702459292,0.0034365221180049157,-0.004825622726490064,0.0030200308181855817,-0.0008304530136805082,0.002063536257580545,-0.0023727685878600635,0.0005432802329248428,0.007890881252111848,-0.0051730719521225765,0.004618231579191362,-0.012219903752832051,0.015158747246163173,-0.008740085469893605,0.0072053311081635915,0.009939866461886604,0.018868821108521144,-0.01603102375094151,0.04046369877922126,-0.00786217521388985
H,-0.45478523387101605,-0.8874474920484011,-0.07488217351204828,-0.5225965887473465,-0.8520157824494291,0.0310147043629942,-0.9753825819894356,-0.22006674300003898,-0.014122583934128777,-0.9352444439123606,0.35258948426744097,-0.03159882458382652,-0.7443340528036021,-0.6674998717322707,-0.020266698654855142,-0.7640631776221238,-0.6442909891487215,0.03311467807098333,-0.6599075443833572,-0.7513443090724994,-0.00193961086200338,-0.6146200049162329,-0.7887998697537805,-0.006083998125327628,-0.5912031593178915,-0.8040930222298094,0.06255586314547121,0.8446364600176636,0.4629913391145514,0.2687531773091147,-0.03352645345433252,-0.9772516970845753,0.2094160869276571,0.8784296052237587,0.22935808173323913,0.41923298893345734,0.008953431100999665,-0.006200215686030464,-0.001580676171525644,0.001489022258521544,-0.016163664668165156,-0.0050723880600592915,0.0006580404729549238,0.008038130615837191,-0.009165458860689698,0.002036497659830272,-0.003709828274102045,-0.005024680760753538,-0.00040443590043959254,-0.002047153237518806,-0.009841394153773997,0.000172651429508619,-0.0012695548744567908,-0.008969770664880248,-0.0017354257094464032,0.0005347325916544854,-0.008675869346158448,-0.0010192245783835485,-0.0016136052593195283,-0.01575243824469498,0.000867851608488901,-0.003965877654624916,0.001193589828068331,-0.007319387933228998,-0.00600934046851942,-0.028326041307807193,0.0033278364105112646,-0.015274356158503172,3.555484682588039e-05
H,-0.4525032154711921,-0.8882717640904102,-0.07882964612341334,-0.5209341700037704,-0.8530152504135607,0.03150512790599761,-0.9717942080411374,-0.2354685188310593,-0.013061158340890814,-0.9420344970410001,0.3341348636121503,-0.030412157167812495,-0.7436299410201549,-0.6682876027743071,-0.020154175659916958,-0.7620685448669027,-0.64659338863835,0.03418366120849643,-0.6601719423452147,-0.7511135618011212,0.0011932386935528264,-0.6141360956275526,-0.7891974474558201,0.0020603340902890996,-0.6009277863387719,-0.7960986779898694,0.07150308041452061,0.8383207404668578,0.46149365108580304,0.2902446314931501,-0.08932096479243767,-0.9695092597150771,0.22819632024919095,0.8641708451058873,0.2191835625820513,0.4529539892338035,-0.0006195996562478601,-0.00017519592212256185,0.004437896154368473,0.0013063555484743028,-0.014577503789011237,0.005008898204603027,-0.009072071528463399,-0.01763034861328161,0.005134140027379087,-0.0015779066163767452,3.654099997263405e-05,0.0040599956063032475,-0.0002873856446027889,-0.0014781274476194373,0.005016455748878164,-0.0025464163616814584,0.001055019313387251,0.007080322166921269,-0.0017981091111435865,0.0004266943399694467,0.01209180482698179,-0.012006645420704343,0.008818616281949021,0.012894689880414464,-0.008597737950629736,-0.0006734159867393119,0.025438926795400482,-0.0580765297379291,0.008566709411507278,0.022727705932898926,-0.016540778517695365,-0.009350247109178755,0.0376684729117112
H,-0.4536112755712648,-0.8880828532327717,-0.07446916454848437,-0.5148700030305113,-0.856565605451199,0.034702212283688534,-0.9643530641962127,-0.2645732641269366,-0.004914822946299207,-0.9516068391262359,0.30689703120844913,-0.01608216290225035,-0.736812900073094,-0.6759801375689157,-0.012554039118408493,-0.7552937242202871,-0.6536795486767235,0.04726984022866992,-0.6543169705297799,-0.756181848064624,0.007636408468717993,-0.605007831428504,-0.7961608414021971,0.009666360634917697,-0.5879281057058582,-0.8047307673691423,0.08215189937300668,0.8502840153685456,0.4335168188334981,0.2984631652268451,-0.08621555493892476,-0.9676721924884162,0.23701773345307958,0.8565524194678626,0.2229368305354222,0.4654214458902504,0.007172227073331761,-0.0037392658952767333,-0.001163397197238042,0.008549203944997363,-0.029293656153515812,0.003785853819662642,-0.008464281985163136,-0.027426743261339648,0.009969512690633179,0.00792510104713362,-0.007881445652247132,0.0032396549665795003,0.007882880746688303,-0.007275070896011981,0.00872569744524452,0.0069630319155075115,-0.005257197121141255,0.002082688200236202,0.010236324299121247,-0.007152304804015519,0.0032455449696996326,0.014107740732986374,-0.008821000236911347,0.006288337383557108,0.013071335001760498,-0.028165743109943464,0.003858052158766001,0.004213469953585611,0.00164815636902238,0.0044609316289596634,-0.006510365537951923,0.0035643570957324122,0.008106975081517975
H,-0.452076997530638,-0.8886890173182006,-0.0765390018336692,-0.5180306031786094,-0.85490023178127,0.028104943884255825,-0.9735194391807301,-0.22787388332233288,-0.018259102848624767,-0.9392247155627749,0.34113686728816595,-0.03850417448590345,-0.7387155115138483,-0.6737025968517206,-0.020596214314326008,-0.7570434830720109,-0.6525116036053866,0.033373221278818824,-0.6526013519252181,-0.757698878105613,0.0019711881881746985,-0.6120546076146949,-0.7908114368068897,0.002535490691063516,-0.6004274126910155,-0.797136759074543,0.0637174185078703,0.8314665904185172,0.4844479541061529,0.27198067721837965,-0.07904194145009968,-0.974221265632108,0.21129433755302773,0.8658422680035878,0.23812106018004497,0.4400176446884088,-0.004694878188724827,0.002271537755357933,-0.004527431114247884,-0.010700653025144224,0.03730554489003263,-0.011274442617140735,0.010847845522834243,0.03484600016514572,-0.020352174298468275,-0.0034368894813811,0.0028837048026240097,-0.00597233791073269,-0.0032840368923505725,0.0017741091567657907,-0.011826781664666268,0.0001813405639350396,-0.000910865955560114,-0.0035953829953584695,-0.008581054226817653,0.005955568680736323,-0.005061032658669356,-0.014033585025784112,0.008200172380028237,-0.016364643579951557,-0.02035170299065514,0.05153729935808371,-0.024412650723280596,0.005639335448198293,-0.005942909058262891,-0.023653558614867023,0.007755570495098341,0.01579039373005167,-0.023333963916656777
H,-0.45661793473466283,-0.8870187004730795,-0.06854113137161194,-0.5231023758165904,-0.8515255741997685,0.03561040436155175,-0.9723557435667278,-0.23325464366401158,-0.010797183057206722,-0.9419365479734243,0.334595767988975,-0.02830568204048304,-0.7382808240678153,-0.6742717186493865,-0.017293763134444896,-0.7545076061698026,-0.6551399254986763,0.038858078304300776,-0.6543492591310252,-0.7561862265221149,0.0030721153824859967,-0.6103446434133541,-0.792130453485085,0.002959884818580364,-0.6015894908826094,-0.7959905439327575,0.06700103304603515,0.831121287628166,0.4863869799386331,0.26956466941621837,-0.06469974796335226,-0.9720675635004535,0.22560716877743556,0.8622767113131783,0.2534135165422258,0.43847515637791035,-0.0005308354339561561,0.001704340736380372,-0.0004924099847613307,0.005704632818027133,-0.007051077186799787,-0.0005359506706392129,0.0018291047933753912,-0.008211416144312034,0.0022006219833631546,0.004975624650057853,-0.002239438642786973,-0.004695419282176146,0.007076814106233065,-0.004298638738410743,-0.002513013436575305,0.002793029998217733,-0.00015766526162297456,-0.00689694326774596,0.00625090140536555,-0.0029893335233164287,-0.00757347633454041,0.003378859012430957,-0.000524101703335611,-0.0047142559238924076,0.0041956344136735435,0.0002687089873591453,-0.010413878264218537,0.018883130690772243,0.00048338528653335544,0.006314960762350566,0.0009753805136153426,0.013622139517059761,-0.009540358772555727
H,-0.4548584710867757,-0.8879542780745896,-0.06812467489562857,-0.523839498576213,-0.8510094767745212,0.037081668940023155,-0.9720407474838135,-0.23474761002272831,-0.00550861323077371,-0.9482193883145804,0.3170774310950533,-0.018490384379041384,-0.740272791620343,-0.6722402432045139,-0.009447190215091663,-0.7595940470022087,-0.6481636839434308,0.05385835660031386,-0.6546235434640418,-0.7558810120513455,0.010578845060566357,-0.6059163561759149,-0.795405778728661,0.013964830237211553,-0.5906327533825438,-0.8031677826362416,0.07793884504493447,0.8407712639380012,0.4661242697598565,0.2753758284180664,-0.05734320133558563,-0.9689253181823386,0.24061480637284255,0.8620070621804861,0.24294438723345013,0.4448840854230807,-0.0024965864075098265,0.0014516750267573597,0.0010548081024880293,-0.0014444675649728511,-0.0005573887572066505,0.004872113350449639,-0.008042303989043265,-0.016582759292411597,0.009398841185458282,-0.0037514312004148787,0.0029670530463826728,0.00743011644336986,-0.006845904480293208,0.00791181915675554,0.014583821820029708,-0.002033747980903833,0.0012407920722794508,0.007090273202096988,0.002668823589552116,-0.0023397476420659036,0.010588488942647816,0.00919727385217839,-0.006241661101973994,0.010521355522915943,0.007890512661948068,-0.019327132577266537,0.005394702525864659,0.005597082979879479,0.004077822919624996,0.014591181119423619,-0.0020291127805793785,-0.009533551707265608,0.005992472569187002
H,-0.454860924103172,-0.8881856329136916,-0.06502169799162112,-0.5256829822191477,-0.849667348366446,0.04150661784722731,-0.976061811974082,-0.21748661274093087,-0.001706600230878963,-0.9379775938426369,0.3464134639691442,-0.013990905262913165,-0.7428832055451441,-0.6693962140502544,-0.005766414324120925,-0.7560029779780716,-0.6520758176800269,0.057066849266557515,-0.653455007224757,-0.7568766371354022,0.011589205818241514,-0.61554257039906,-0.7880943263986449,0.0038310213761743486,-0.5967443224016566,-0.7979926001031624,0.08428537157764686,0.8305750799909323,0.4925322322238457,0.2599173651733415,-0.003772525901428024,-0.9676968778697891,0.2520883190657307,0.8706450757485115,0.2732831595647027,0.409015240270093,-0.001841030626538287,0.0015734832471772098,0.0013219720031967114,-0.004018611473872169,0.017492352120899418,0.0006990360958873012,0.010244247488339853,0.02956738771319284,0.0013965022121207732,-0.0026079609084047606,0.0030753839933614913,0.0005777989869632924,0.0035935220405334256,-0.0036807788974940747,0.00010551576223621212,0.001170989255681154,-0.0007642702449547345,-0.0020926161463322886,-0.009623761206748793,0.007542807169118149,-0.01323678576504465,-0.006109116002716464,0.005406537372181108,0.0032435496287049476,-0.010193730930672551,0.02663931730309116,-0.01856144014873233,0.05357312845055395,0.0014597951516515106,0.00837053578888071,0.008640466584421747,0.030570127170354566,-0.03897182205699516
H,-0.4557755881019725,-0.8881703436897672,-0.058498323739248397,-0.5200892212021613,-0.8529350430486918,0.0448220295039789,-0.9693621421393124,-0.24563197861057529,0.001403022073004345,-0.9465722564655449,0.3223201454749274,-0.010520794207113954,-0.7382272735539688,-0.6745316940602256,-0.005242736815435425,-0.7571112177135499,-0.651126260215513,0.05307727640022055,-0.6537112131003077,-0.7566091756489879,0.014290038162407315,-0.6088856005229574,-0.7931938512497565,0.010091571501849963,-0.5904829549447014,-0.80277922788818,0.08291797869600609,0.835053316331148,0.4837473149875302,0.26205818843666545,-0.056463660558816305,-0.9657912745387199,0.2530989313710624,0.856937865546053,0.26726482805037216,0.4407119311756601,0.006508425015786856,-0.0032829839061702115,-0.0032079625956211374,0.0076143338335701305,-0.02816065509356877,-0.0034137519484894172,-0.007679998624107509,-0.024108607718141162,-0.003053263196573515,0.0055705959899757795,-0.005150769233895569,-0.005999696743687226,-0.00019357573667788674,0.0009342682405895086,-0.01051294711870969,0.0006584581232498277,0.00025217226248996916,-0.003822541908206925,0.0075716338749031165,-0.0051148140750360005,-0.0002628241266971112,0.007176031455755738,-0.004801917008941947,-0.007890767134013495,0.005392900339016182,-0.008800206460239823,-0.004382550989048793,-0.051776470658587814,0.001890314107144797,-0.005512761947041055,-0.012792546203657995,-0.006033620738254919,0.025173316653194368
H,-0.45825689872445624,-0.8862103861609011,-0.06805708068959607,-0.5221776551791194,-0.8520219264400538,0.03727107855987232,-0.9709321178878727,-0.23927733167166182,-0.0060976226399792775,-0.9431453417603457,0.331724713317612,-0.020870526828731903,-0.7368912194853143,-0.6758934699058062,-0.012623311139922587,-0.7566018567710306,-0.6521508450852523,0.04746478257845531,-0.6524882970312793,-0.7577561837110183,0.008036683702541056,-0.6053799072545782,-0.7958731089079258,0.010057952558603358,-0.5871332738730696,-0.8061603474232576,0.07334857158461705,0.8409836259203906,0.46848792591128585,0.270676198083862,-0.06054617588995437,-0.9700162957781518,0.23537745539863378,0.8575621004505548,0.24818377329538704,0.4505463999897198,0.0003928766455256194,-0.0010468409202281093,0.002007806006241092,0.0009113348739234195,0.004394689410047337,0.0020581122373640477,0.0059082253276829255,0.007444610313818489,-0.0007909756712702783,0.003817364691138192,-0.0033217333744467448,0.0021781826258605082,0.0029906715650030447,-0.002984542398605461,0.003946263128582428,0.0037042266915121025,-0.0031069655908965155,0.0033054024904814114,0.005987003890862874,-0.0046392151870354725,0.009525138007101065,0.00583099169411555,-0.005341077063943711,-1.0650161041368678e-05,0.008411620211726312,-0.017219346605110486,0.018176766597544226,-0.0016012047086543177,-0.006184978768298044,-0.008162719022080926,0.0031055455269855536,-0.021041012283851246,0.019393225764407364
H,-0.45017972602986006,-0.8900754112129726,-0.07144212080934907,-0.5122356303179337,-0.8580627621690543,0.036646353319289116,-0.9673020603184198,-0.2535239997440969,-0.007232265032152516,-0.9457675113948457,0.3239171268546183,-0.024525686947555934,-0.735295226411791,-0.6776036540365867,-0.013936213700227443,-0.7530571068770741,-0.65629706733215,0.04668140093388627,-0.6512012917843791,-0.7588710460056631,0.0071842266547425745,-0.6053037118489735,-0.7959441365658579,0.008963698359818847,-0.5840253160616568,-0.8086284765689759,0.0709536262696927,0.8395573312224541,0.4733012193314218,0.26670103743708956,-0.07743624825703052,-0.9694830878771544,0.23260732958368502,0.854628843937352,0.2522535876969745,0.4538476248745941,0.0018648521665894924,-0.0021758106769289576,0.0027603148791697993,-0.004447115125143286,-0.01038164302036354,0.0022503977275797667,-0.010699342329096195,-0.003942561410922141,-0.0002701199990710265,-0.006481179621072863,0.0021548409212910347,0.002072137559448149,-0.004532422800639591,-0.0002811971948261105,0.0026016584751839683,-0.006790167447696005,0.0027501627574266774,0.0025325830719545236,-0.008000977288991407,0.0037939973941394367,0.0022907859209684942,-0.004969214883183359,0.0013968959063532793,0.000990094804828659,-0.009503467392532605,0.008678318472207458,-0.0005901205270194415,-0.024967245061672333,0.004398232953068959,0.0006149143048042455,-0.011010429207799044,0.00793483945365897,0.006686265004627337
H,-0.45143974950093113,-0.8896524426427468,-0.06870723302775956,-0.5187415816942712,-0.8540780114760461,0.03818274131657712,-0.9681864712103143,-0.2501779412089577,-0.005094575327410058,-0.9435114327844107,0.33071708662000004,-0.020307260344213617,-0.735878524833264,-0.6770495710512605,-0.009309942455430955,-0.7499886862893393,-0.6595739932338592,0.04979074098195224,-0.6478684676332673,-0.7616622533953219,0.011707279755877379,-0.6068753811587574,-0.7947259608134059,0.010626332980947353,-0.588660372850289,-0.804432476836463,0.0797957119556696,0.834318410606007,0.47777403412496533,0.2750359286344656,-0.07038378218510667,-0.9689867573556971,0.23687715650651306,0.8584497971714494,0.2527226293168355,0.4463129153043664,-0.005245927905266401,0.003561782122782353,-0.0011984997843015044,0.0003756125791765652,0.0029230899649133613,-0.0005971980768470489,0.003516102081506045,0.00637699119515589,0.0014835388217528112,0.0006767250495980925,0.00013111441510038624,0.0018913834632069814,0.00432844405880578,-0.0036998944719350835,0.00037445226647646324,0.004592847622182872,-0.003214175959884602,0.0017881653195452978,-0.00031164583871284846,0.0007952071822262541,-0.0010722531604610008,-0.003375033317561227,0.0037730311622869994,0.006107197904387393,-0.003978897145376081,0.004049846223317721,0.005600003415786509,0.00831248954299492,7.3361951231532e-05,0.0015349391412385338,0.0050809767051685495,4.6073049635164676e-05,-0.010269597351817233
H,-0.46110390110875143,-0.8842162624203431,-0.07446337122162687,-0.5135145552740081,-0.8574964283198447,0.031665074458256275,-0.9662235787516568,-0.2573062652354593,-0.0143346341048663,-0.9439566261081883,0.3286460145942352,-0.030621644596130343,-0.7353840751746714,-0.6774349044270631,-0.017094216664976788,-0.7527961646403587,-0.6569846645377676,0.0408544375186221,-0.6473500387303026,-0.7621906369451764,0.0018331145577657258,-0.6066489356740327,-0.7949623103281059,0.0034632359670609264,-0.5787926523571684,-0.8124023051066164,0.07072170978426762,0.8439208482620676,0.45353585156273624,0.2865359195910627,-0.053217749975480746,-0.9729545428353604,0.22478284779667232,0.8624451860646617,0.2249348491836547,0.453423218038752,0.014891178028083374,-0.008854597066202285,-0.0007615286644535382,0.011627044066477854,-0.012564504248905262,-0.0034839205835889373,0.009218958284042733,-0.0075072522481685056,-0.004558246058049421,0.010158601266412881,-0.005821513598206263,-0.0020281360156785277,0.006856673256800949,-0.002846851526312033,-0.0031801652694628396,0.010182580510785022,-0.00596456377225818,-0.004118027004244348,0.009890597092545028,-0.005672529737103749,-0.0014069588200191219,0.019531872100940983,-0.01340600849255702,-0.0033178639775346824,0.019266589263880918,-0.029674362784632757,0.017256129150464455,0.02683018381744623,-0.00940396570206703,-0.006338170515973435,0.013659540501032574,-0.03322396035558445,0.012866440928252926
H,-0.46371225890878187,-0.8831050926016626,-0.07138862905760232,-0.5183415560446238,-0.8544237620967813,0.03580594980755052,-0.9699483375948585,-0.24318577726729,-0.007803853655366371,-0.9431885948375978,0.3316185500669625,-0.02060125772285004,-0.7366126109984006,-0.6762246406881832,-0.01104973503105087,-0.7501217882962683,-0.6591759953754194,0.05295573476058466,-0.6509466042870158,-0.7590901703861133,0.007115587845355942,-0.5963872196639755,-0.802621681256023,0.010987310827859564,-0.5679086581435558,-0.8195860811982677,0.0758841980365624,0.8452695109208401,0.45177328033714514,0.28534252588960374,-0.02058366928846397,-0.9723220846221109,0.2327360657799644,0.8626399389732896,0.22135634735401427,0.4548117227757528,-0.0022186429705852717,0.001961496404382923,0.0010661331852696992,-0.0011164010431713445,0.013009318149488774,0.00345603828547538,0.0033763890706209887,0.001861365654046765,0.006945644709255752,0.0013798219763012654,9.90939201993557e-05,0.0029697394699013686,0.0052827341441208375,-0.003302500656332308,0.009026555077938016,-0.0009882077566827352,0.001989296740382618,0.0022077311235656673,0.012870073810087646,-0.008770540746597555,0.004449332696774088,0.013492352013642961,-0.008294945910331863,0.0020877460882702398,0.003957020458802973,-0.002873741044271627,-0.004268135865483538,0.03524243848704721,-0.00047871160543100366,0.004878475819267522,0.0028031107086583518,-0.004689671648320959,-0.001686237427023743
H,-0.46327057586751086,-0.8832007040612908,-0.0730540202933776,-0.5208781440466903,-0.8528959316358788,0.03541876414334299,-0.9705984344005992,-0.2406067030705339,-0.0068624759841961385,-0.9427099521199862,0.3329981576731959,-0.020252732166069858,-0.7369756525030876,-0.6758100988533751,-0.012148987836021752,-0.7527136800484863,-0.6561315689446117,0.053976662569551866,-0.649893036275784,-0.7600149933319176,0.00403129147145723,-0.5984320085128298,-0.8011403393367729,0.007299854427368623,-0.5689994409831677,-0.8195088996398957,0.06815276642844445,0.8450752681809354,0.4613086533387253,0.27026305234665715,0.0036213502744621468,-0.9751956141539806,0.22131515979939118,0.8677319395948837,0.2527963849831697,0.4279430671787336,-0.002978271043337477,0.001623441920530655,0.001278205571567742,-0.001091779847011698,0.002674685656384318,0.002606768906945509,3.69596763405422e-05,0.0014752190658616215,0.0020139167925554598,-0.0008047245459580354,0.0005101532944363774,0.0005661384308043946,-0.00303357479348898,0.0031400378904359316,0.00268631904474248,0.0006118849699607853,-0.0008292114861760957,-0.0014189051381234353,-0.002486471890125408,0.0015769533788783097,-0.0020220651647156647,-0.0015324658808828495,0.00017279301800021685,-0.006066040372342679,-0.0006359257811757724,0.009630984461208358,-0.01341408230717131,0.023763336521655104,-0.002777918072241481,-0.009755514744797938,0.004650317580323082,0.031535649088783646,-0.025203264361243954
H,-0.4635999656199575,-0.883719992867335,-0.06414083008296192,-0.5150608900427751,-0.8558542182147886,0.04717877395924166,-0.9624640904710514,-0.27137042550926166,0.004578942307340162,-0.943990904821068,0.3299211834625423,-0.0057605831108524614,-0.7375339826230438,-0.6752697834682891,-0.0073718390433893674,-0.7540866164818717,-0.654336195297637,0.05654660349070744,-0.6539018490955023,-0.7565353728063666,0.00816097066621637,-0.6006917149612321,-0.7994310171517592,0.008916972167581118,-0.5756239712576138,-0.8134151371725998,0.08374281062929834,0.8464871409180759,0.44514170940177417,0.2920759812295563,-0.0326333885433512,-0.9664526640895217,0.2547632430835439,0.8557383945146422,0.23829034246209002,0.45927063137414137,0.006146643756361814,-0.002438997772865492,0.0028468196054829975,0.008463733681994434,-0.03024443363268353,0.002528228081120628,-0.0009515629486351318,-0.0025576854046093778,0.0055789588448017235,-0.00022894036750958913,0.001059604191130159,-0.004136041417783288,-0.0010435466809388116,0.002314662453018923,-0.006343249289260097,-0.003679423067271703,0.003998909331595191,-0.004783511015656532,-0.001930316695955614,0.0022286109910578666,-0.007296072470203177,-0.006295140521999476,0.006613051273340109,0.006676853990438214,0.0017412624895871143,-0.01564765513090688,0.01289973867248348,-0.03592534906536673,0.009262238870503148,0.024534893073737074,-0.011664155327794912,-0.013986753715035438,0.022414373984992103
H,-0.4589524046908209,-0.8851630649267956,-0.07647900834813677,-0.5179959502892877,-0.8549115534386652,0.028397733729752156,-0.9806392839252851,-0.19562629616824534,-0.008771947902154523,-0.9379090585141777,0.34621691551124417,-0.021457990840915875,-0.7453388780217799,-0.6665697299122848,-0.012439938661340128,-0.7631924176711123,-0.6437303025773126,0.05611266481859374,-0.6564794777769538,-0.7543166276491499,0.006412527560300175,-0.6103396977049805,-0.7920731981754024,0.010271423347446023,-0.5865151381854826,-0.8071313092657544,0.06737241484623552,0.8465656843976064,0.4677006971160716,0.2541310683831337,0.01884735327595811,-0.9759187988367841,0.21731837324869624,0.8840322438740895,0.23643310588266306,0.403220012193864,-0.0075826211756491735,0.0023857368355839625,-0.006442861964314657,-0.02282275438337028,0.07718720140047691,-0.0010127119443198405,0.0014342853777536413,0.017738804108162476,-0.003359229464888567,-0.012452456327872674,0.010143125615464932,0.007270078647224085,-0.013753362118377244,0.01204896477978501,0.011904239593061146,-0.007225189610588101,0.0036618172166773544,0.01058973515925865,-0.014295543672885047,0.008800891035817382,0.013692629445039751,-0.015538727857005441,0.0077268999663060445,-0.004032217517887973,-0.004569017449606083,0.024002059773758022,-0.02560673458124775,0.046833180890172715,-0.00802306268780184,-0.025106691569672837,0.023646288430310747,-0.00041416451996637016,-0.04371244091510253
H,-0.46599703985390956,-0.8822171928619662,-0.06737643108792742,-0.5279612425222074,-0.8483148494077517,0.04023484396279401,-0.9755933524545487,-0.21956431463105627,-0.003020328970402759,-0.937931304735113,0.34641569944256373,-0.016763972608181084,-0.743200185302516,-0.6690188445966794,-0.008201837649585295,-0.7568326543545245,-0.6514304627766553,0.05331684039098303,-0.6538447002278095,-0.7565226627374995,0.012671572458448039,-0.6062832981201461,-0.7952071234509837,0.008135922404390102,-0.5756749436985167,-0.8131011870887337,0.08639918259220818,0.8507507150861097,0.45129544174087144,0.26936155079072566,0.00967702356947057,-0.968696960974851,0.24805755987859743,0.8719678013859485,0.23698113790970815,0.42838311547162417,-0.0029206570698310785,0.003650831966084067,0.0027345329728325,0.012090566633825073,-0.02688389052764037,-0.0033509583284575904,0.007022388942153401,-0.0027470881335098785,-0.004408559027474564,0.009183327882352599,-0.005394986749224007,-0.004864476248454522,0.013404398479676505,-0.010646032264172156,-0.011898401687820068,0.009679412712232993,-0.005151907153179036,-0.0028435323620614903,0.011101034747923066,-0.006079797340410642,-0.011238078203265276,0.017884829650054612,-0.008915749887808744,0.009924190485763304,0.011229665851591963,-0.019351127440029592,0.006127905147382595,-0.0021256945433988667,0.0042759657971036535,0.021636609369691834,-0.005019807325052306,-0.0023978400377843434,0.016060526017550814
H,-0.4705792123691215,-0.8794252952076845,-0.07187736107380589,-0.5240305379742457,-0.8509742271388886,0.03514057506350755,-0.9736126162096559,-0.22810197400513427,-0.006925533362164336,-0.9382560199561374,0.3452362347165313,-0.022081287435755687,-0.7381159118982448,-0.6745696367385706,-0.011861947269124528,-0.7611865498478612,-0.6464264498194621,0.052229123145195386,-0.6501468397423313,-0.7597920682567118,0.00500996878710319,-0.6038326163800414,-0.7970883339542756,0.006029864810346021,-0.5620892718142497,-0.8243114909386655,0.0675737849894535,0.8554562592033137,0.44505726324742634,0.26479920887454356,0.002027765489553674,-0.9763321476009764,0.21626702413448182,0.86860955872849,0.24219355861827246,0.4322727317901459,0.008512877063173663,-0.005451275385418564,-0.0005933389134079869,0.006562908760104735,-0.011329557028359666,0.0005957255941168998,0.004257457294187528,-0.003971362380314092,-0.0008163848416961259,0.009666445919483124,-0.00834268979617292,0.0008408203663392445,0.00022827702187527832,0.0022121153029115437,0.0034132127400908346,0.008280033000690079,-0.006061303173493959,-0.003160673685466372,0.0070328542553166895,-0.004673108157573602,0.0023948723918343967,0.018167844399478883,-0.014002201504213496,-0.014324467616876196,0.009287716632415954,-0.009030076147726773,-6.141193030362313e-05,-0.003067085564704971,-0.010427084280407062,-0.027289605758237134,0.0012239298577533808,0.0024205230542826417,0.008390546304400226
H,-0.46802019436125764,-0.8815677001051194,-0.061607530395403926,-0.524420893674414,-0.8502003210933691,0.04628326145013061,-0.9708155690453654,-0.23969504357834204,0.00796347807809171,-0.942319398526599,0.3347145989753074,-0.0005370225954267088,-0.7357955615552156,-0.677195044542725,-0.0034297583619667445,-0.7605269686202024,-0.6462842547709488,0.06257309355086252,-0.6478447582726711,-0.761676947691596,0.012058048508692612,-0.5970830825545156,-0.8021265353434469,0.009209442171785433,-0.5456172348216968,-0.8342845606070548,0.07919030873925745,0.8536863707840131,0.45282133363518967,0.25724000494182236,0.029019061256664088,-0.9708640506823004,0.23786737728519503,0.8665421096748601,0.24507898951674598,0.43478852452392697,-0.002949373708032166,0.0029163109429544143,0.0008728557082210986,0.00023802915642667788,-0.00945066467577288,0.004619180761854079,-0.006622396578325418,-0.008379230843788998,0.01127443416192701,-0.00023866766483471302,-0.00048300290671954293,-0.001837641771244184,-0.0018994367802050993,0.002284599945948207,7.41397272651656e-05,-0.0002569365382035782,0.0002575254625506451,-0.0032217509568125448,0.004190515817661944,-0.0028957964917364354,-0.0070902533169625555,0.013913018984689107,-0.007830664770954399,0.0013466930714019776,-0.004328906427164436,0.009906475285198224,-0.01782903461112316,0.02443227775924657,0.007610501816110893,0.011330522472311241,-0.004626467061493722,0.005027835795908403,-0.0077540379446209146
H,-0.469018699054143,-0.880565738702944,-0.06801058564736588,-0.5240519487712416,-0.8508363561778516,0.03804011034500362,-0.9786639253147462,-0.20542788831240122,-0.0040378200851969494,-0.9387641790968709,0.3442035739365785,-0.01567532244850314,-0.7440760500583601,-0.6680462239442769,-0.008066870727963445,-0.7570314342888801,-0.6509398340696174,0.05639804890188852,-0.6542412899761507,-0.7562366350245431,0.008630546743885364,-0.6145473858552931,-0.7888793150258581,-0.0009679167106278885,-0.5741665847290395,-0.815221040030692,0.07581153521640117,0.8347603165043839,0.4932322754794352,0.24473891479468374,0.042110268711798404,-0.9713286626012809,0.23398152593362362,0.8705929935881912,0.2981020834650743,0.3914115319570102,0.0013674495960577793,-0.0016379964866579666,-0.0018400958531650385,-0.00684985157649548,0.03326519386376536,-0.005598242911326703,0.004553724122613401,0.008487013559095646,-0.008735244601114474,-0.007281983810259074,0.008146859196272671,0.0017659428859652555,0.004494039024207697,-0.005657540700844121,0.0002280106029879589,-0.005398027010594275,0.00443835126487746,0.0029755534871547078,-0.016465798607892157,0.012245258915413393,-0.003774303630451366,-0.02755084521445733,0.01806155917418739,0.0030242817291056823,-0.017927549586743863,0.039408980442070085,-0.006098034895176671,0.014089712148019688,-0.0014665733211559617,0.0025172039003905494,0.005049388606216454,0.05202113254615284,-0.03697393731495484
H,-0.4713653169476032,-0.8798976649686632,-0.059956960910136504,-0.524876516188655,-0.8498557864738236,0.04743189802884985,-0.97374471787581,-0.2275830048097674,0.005215393630101231,-0.9369105603139486,0.3495185757743773,-0.005947029582381176,-0.7416448308166349,-0.6707909810038404,-0.0015507181789706733,-0.760018436321673,-0.6467380785450275,0.06404556355474393,-0.653968490724276,-0.7563964535107521,0.01377019448552162,-0.6062546686164584,-0.7952447350478997,0.006410004629027331,-0.5547214175379964,-0.828004163514639,0.08181231036377594,0.8470585172323868,0.4692073125251827,0.2496725180250436,0.03530068863891771,-0.9678130820016739,0.24918206132873877,0.8628067095681761,0.2896533626961048,0.41432536900722816,0.0015220504760467546,0.00031249596974713967,0.0013381629466168582,0.007265825332396447,-0.022823190231646973,0.0011995889780688045,0.004200236676382529,0.004646928103517967,0.0016746681288925865,0.00477783713518537,-0.003412830793844246,-0.001537472188236605,-0.0006403841393327059,0.0035336817903091067,-0.00040611008437396734,0.0026194171453349235,-0.0008278922204898453,-0.0029139769955931205,0.010639335132294925,-0.007033493756322451,-0.0006757033975741582,0.021791785084503246,-0.01345119721822785,-0.002052849589854612,0.014644818621463107,-0.024693036688533287,-0.003120021506869526,-0.004462962179420507,0.0028475068653261992,0.007146910657885773,-0.005439666126554943,-0.009116794503250258,0.014860212312988612
H,-0.47130895469759554,-0.8803213393071083,-0.0538721521975754,-0.5285722965744061,-0.8471585659626253,0.05416356164624234,-0.9696802705949146,-0.24398241377328675,0.013883608620741091,-0.9394993212327597,0.34246972201004205,0.007450832809039103,-0.7414666314855624,-0.6709892791224042,0.0007884771712010911,-0.760696400840044,-0.6458858146630084,0.06459489272461905,-0.6547291423059302,-0.7557167069618855,0.014899967584686622,-0.6045540598002334,-0.7965377782481321,0.006477391649840002,-0.5506327661889244,-0.8301142257586428,0.08782897581244019,0.8560775735135377,0.4490575555408018,0.25588767054880374,0.03555946652512751,-0.9657822349868351,0.25690503872886933,0.8655631876125439,0.26531186650039085,0.42474696201867185,-0.003752142635758682,0.0031208948496435074,0.0006468549048313857,0.004008085030887731,-0.015975734625074206,0.0025834062780787544,-0.0026451231688187637,-0.006625179425890082,0.007313053678859174,0.00012183708106489055,0.0002253762198812792,-0.00374561336238934,-0.0007343267683786459,0.0012759382204642344,-0.005535479542685989,-0.0008170138316618281,0.0011034208873117457,-0.004955035613396103,0.0016442465662173666,-0.0008693688617872342,-0.006017421691748433,0.0040322890990643345,-0.0016863879055586395,-6.814326389685543e-05,0.008962694031143303,-0.019726082645935783,0.00013034381119904348,0.00020241563620214398,0.002454521353283945,0.001638168687569455,0.0027001157943601917,-0.023917821857268817,0.004336784298882582
H,-0.4702006662156715,-0.8814813262634307,-0.043611981601413455,-0.5289395479932771,-0.8465517812165932,0.059774880072492875,-0.9682302069396215,-0.2492404727486137,0.020234947830552324,-0.947665488875381,0.31886279409699747,0.01601997925219667,-0.7403002748277472,-0.6722391893096793,0.007069331384741216,-0.7620070324642109,-0.6438801522610427,0.069019069824096,-0.6550458236879394,-0.7552380205891038,0.02303261004839401,-0.6065640406449789,-0.7949497885236474,0.011614573717724867,-0.5528126297204773,-0.827833475426487,0.0953411421414408,0.8529780511711993,0.462810153149326,0.24131971813774414,0.01834713587604181,-0.9628532610363837,0.26940115129068687,0.859712109096961,0.2809486366166177,0.426571158255359,-0.0014755399007950754,0.0017667717023543972,-0.004648852169911413,0.00034177517336908547,-0.004098072019004584,-0.003908831386350712,-0.00927445612454536,-0.022446940956722228,-0.0016910241530043793,5.80681758911572e-05,-8.992323095269317e-05,-0.00397931638262182,-0.002418920106090905,0.003165649358288114,-0.005835993496684989,-0.0014249698639332564,0.0016386733291040567,-0.002127528132454558,-0.003118269326669587,0.0027479766808070627,-0.00512298852827708,-0.003288152013476875,0.0034407372884781573,-0.00274800426716134,-0.00420781082426247,0.014912584564846565,-0.024828123007221543,-0.018320619131009713,0.0040889609067737975,0.0022359419656555954,-0.006959366997506877,0.016796757072549184,-0.008435974359474775
H,-0.47848424041441423,-0.8754978164350097,-0.06750114882408362,-0.5400551952958236,-0.8410919667512325,0.030078056794504378,-0.9752297081272231,-0.2209843472683941,-0.009640261845677418,-0.9468497416393669,0.3211441780261364,-0.01849280069057369,-0.7414079734922528,-0.6709295805482217,-0.01295047441209259,-0.7645384935078153,-0.6428550907295735,0.0470980282800872,-0.6562638122079958,-0.7545270380277709,0.0025995521282251824,-0.6061119747200471,-0.795378415117348,-0.0012045191492376468,-0.5484710973308369,-0.8332591103540988,0.06970445039309345,0.8601127045763315,0.4458648258581014,0.2478118086147492,0.021483830317162958,-0.9704630799259453,0.2402911890510171,0.8634502477820186,0.24515467520530362,0.44085468675080763,-0.002832073103803734,-0.0005236953630602947,-0.0058076560553183346,0.0012840730111410847,0.022272615651798583,-0.005986042453559579,0.00909932143475689,-0.003702125899282094,-0.010623612720100192,0.007175875534237042,-0.004673901066963415,0.0038693614258363575,0.005752113155138239,-0.004958448296951801,0.0019681256786613574,0.007065585678686315,-0.005272527267088045,0.0034561093025013354,0.00873564012367456,-0.006412136422121573,0.01107007435570765,0.012625106588383117,-0.01140914475603283,-0.0017475245256771826,0.015418227603874901,-0.022928837119645606,0.030381257699675215,0.011420268639863854,-0.013593328717982578,-0.00522079501699961,0.012021712883800273,-0.04177747123973505,0.03817269571811878
H,-0.47693411185463647,-0.8756021425101581,-0.07651627918978988,-0.5392434156685691,-0.8418719103911131,0.021638510866334098,-0.9727238510434072,-0.23117643074906097,-0.019125048428911738,-0.9520433915365407,0.3046299174065931,-0.028530581004480082,-0.7396997182855956,-0.6726319925825802,-0.02026152320528037,-0.761958334161829,-0.6462593833387915,0.042051235985348226,-0.6524917307561132,-0.7577692737927672,-0.0063457852527604944,-0.6059625482847177,-0.7954879245860874,-0.0028899678217112774,-0.5390063386274438,-0.8400601878405527,0.06140885705443918,0.8609225134052465,0.4326613408403139,0.26761276138154344,0.007853120734618989,-0.9722179700503575,0.233945607366092,0.8507455594826737,0.24014265993722123,0.4675077495601422,-0.0007383489325233361,-0.0006756175647321117,0.0005755844375359871,0.0009557285240381352,-0.010087757405518427,-0.00046965621752805345,-0.006743778456951621,-0.016409934544394822,-0.0010226499482001265,0.0001581266468795306,-0.0015980859592100716,0.0017040815725184871,0.0010300307862085578,-0.0032999665340696094,0.003968338070967296,0.002221952892104806,-0.00313790968984784,6.97929847205906e-05,-0.0014007021244484275,-5.18339359101283e-06,0.0073296816932326364,0.007914630143615264,-0.006696751411305435,0.0007195370270519988,-0.0007403197308627485,-0.013099158942639078,0.028816083132500517,-0.015180838142321733,-0.0016505640492637808,0.0026695486807811614,-0.014254816859122665,-0.004907689192933967,0.035668193175040816
H,-0.46965748508350214,-0.8818439600363421,-0.04210791911816998,-0.5102323093095141,-0.8581168592362615,0.05743210279255429,-0.9670628379744587,-0.2532071910731415,0.025992033349383166,-0.9475840345879947,0.3187095825712754,0.022554364792241176,-0.7190968190433942,-0.694832145252366,0.010394939425844468,-0.7342157033341635,-0.6748720607809454,0.07399326019847742,-0.6402471549555985,-0.7672761076014781,0.037026413209855315,-0.6016556385891585,-0.7983153364096349,0.02651633849239313,-0.5371778841562425,-0.8344519716219296,0.12300336511533762,0.8933803297232892,0.3757714442266906,0.24630754793001025,-0.05831022396948998,-0.9541997338752402,0.2934327617241276,0.8427425528572825,0.23190326099932063,0.4858043506819094,0.021734479587920685,-0.010003131318964353,0.001385231854600294,-0.0016156137021858252,-0.0157889427978965,0.010708721706675,-0.0028172698225882864,0.02032148269086631,0.016676585725101355,0.013326272471067047,-0.015958335143601787,-0.003751897440495068,0.02046600405653115,-0.022370859915969876,-0.002466335858490709,0.004967949029380414,-0.0032650162825269557,0.008963838390995904,-0.0029697170755750846,0.0034144057026365138,-0.005002053757515494,-0.005448172299932941,0.011850033744807087,0.027186147989278535,0.025181189546908345,-0.050648079087439235,-0.05571357352315309,-0.07343997147524331,0.024260053701301354,0.025078794286415684,-0.01527963339652555,-0.0019975814117165758,-0.016111758949852673
H,-0.4632084802865438,-0.8843050878494518,-0.05867210064591074,-0.5347530517022916,-0.8445327545178338,0.02834784368530764,-0.9745882535205949,-0.22394466340501432,-0.005150129327648283,-0.9597629402954998,0.28055458204251543,-0.012009368438283471,-0.7242054265124537,-0.6895494924851571,-0.006928031710183499,-0.7400587467453178,-0.6711373409190531,0.04344791122542262,-0.6514651314036817,-0.7584033402763527,0.020434187599569956,-0.6045231302934339,-0.7964665163641274,0.013887881444605166,-0.5911240045615547,-0.8019047554177118,0.0867247050705339,0.8837222974476692,0.3975077279645045,0.2470273410015802,-0.11967652924407093,-0.9629561550478828,0.24164637759232138,0.852253958386445,0.20955816740531336,0.479320941424806,-0.030969747189735775,0.016045232531537335,-0.012520077579505892,-0.013974420343094485,0.03172365548123687,-0.014577981149290691,-0.01862791050446344,-0.03569387271565028,-0.01799955170278389,-0.011557612266017814,0.00774378058031866,-0.0007587896082872081,-0.012292048208112583,0.006195847675002031,-0.013981167445314045,-0.017666981245041513,0.011333895138235128,-2.8044082544601e-05,-0.009316496501233673,0.004309947858617269,0.003935724479952794,-0.06039512520227053,0.03500834401732755,-0.019714478517062962,-0.016107037072578323,0.024197411550923587,0.0172839745993107,-0.06781531007153926,-0.0062952933595329386,-0.03522220260406544,0.003062400732204207,-0.019883965780897572,0.010080772270637368
H,-0.46063931541106623,-0.8858587889276892,-0.05536810613694317,-0.5354630216441313,-0.8436703011595913,0.03872693368988978,-0.980697285368002,-0.19553162045800046,-0.000468906067612511,-0.9527887197394825,0.30352423660242794,-0.008166598564344603,-0.7269450644561486,-0.686637305874738,-0.008948935351614732,-0.744395488064356,-0.6667308639580664,0.036678500448625216,-0.6464563364145292,-0.7625719621536969,0.02404594865181297,-0.6035589434060659,-0.7972532981506683,0.010187267662881428,-0.6123139967286153,-0.7852525198108676,0.09192415102089424,0.8653049342781444,0.43495701655595204,0.24911797298196187,-0.12572619533189186,-0.9631284668364751,0.2378581093353508,0.871223727003141,0.21566992495549325,0.44097131536693884,-0.0032791348173172863,0.0024161544364799115,0.007075095495614574,-0.008678196722884779,0.029966744025251235,0.0013772287510682053,0.004405055680539671,0.02452335563814989,0.0005387753649713015,-0.005308802819172509,0.004465887688656411,-0.0053248981503988,-0.006905906194515754,0.005960178039224107,-0.010073405285764968,0.0024396301136749288,-0.002614920799106857,0.00030776654327544645,-0.0016049779881096016,0.0007669192916964773,-0.007004608290691305,-0.023759157042538226,0.018205936685081525,0.0018954514413927759,-0.020986528045002395,0.03900298966968491,-0.0012133625285858929,-0.008618830963298518,0.0013813892896450408,-0.007092262765938162,0.016400603741218378,0.0076654586284172765,-0.04165362056683475
H,-0.4562695437200225,-0.8864823898017223,-0.07724685135945421,-0.5060537162504943,-0.8619882829006175,0.02976300406728416,-0.9740384044764813,-0.22618944193573426,-0.009355370741548108,-0.9303489336064089,0.36550011518411357,-0.0293347496634491,-0.7221221819942375,-0.6915675822535635,-0.016547913700580234,-0.7276239968773827,-0.6852239639825576,0.03211601395275193,-0.6417797822819139,-0.7667200778681964,0.016094509870332337,-0.6031165551297576,-0.7974984239235783,0.015706201572073884,-0.6216881257293395,-0.7790492641367016,0.08115490358077444,0.8779749573696353,0.4006124151516052,0.26204897835745333,-0.15250129070385254,-0.9622923674743025,0.2252482093921303,0.8690772766855897,0.2415754325516931,0.4316781179724326,0.02503953370259321,-0.017694380866993042,0.012914815599905413,0.0022891092004770353,-0.030034220603700673,0.012992280548575439,0.01807001444202988,0.06259947945571875,0.0007105941234065369,0.00045311077086734874,-0.004306675504792357,0.014279766873545534,0.012401719495929553,-0.0178694991504581,0.01731625872663775,0.000306782441571507,-0.0035245148404663418,0.013927306441030404,-0.003927383414735475,0.0003784751011230991,0.02739767913170349,-0.013743900691767952,0.006826856548199145,0.011109497782391238,0.008300251400447156,-0.03372100053031374,0.0348097505980025,-0.031144867063004428,0.0014597002362057854,0.009268845279290554,-0.006516222008595085,0.02652910847023296,0.0125855478280048
H,-0.4621066208618438,-0.8826954039721099,-0.08547686682466676,-0.5216883374074035,-0.852908418213675,0.01971062539205489,-0.97625024363902,-0.21589443814128723,-0.018029236656385048,-0.9358739441946305,0.3503336860504931,-0.03750025327727746,-0.7097917634403366,-0.7038623961025733,-0.02780970882626631,-0.7371966673749234,-0.6755207611300823,0.014586805460442541,-0.6233897278876974,-0.7818585863641109,0.009077339523054038,-0.5972855949121748,-0.8020048455636107,0.0061762288573437435,-0.5988428563438944,-0.7982215714525217,0.0650350388156456,0.8869935489310694,0.38346063529101654,0.2572943554314331,-0.17170229734624964,-0.9656730166132667,0.1949203582775638,0.8667849925976692,0.1877303810378771,0.4619968405117421,-0.009797544015087867,0.005292878857329986,-0.0018223632100167128,0.0036252379792825473,0.006508017964834578,-0.0004438504496243837,0.00031206655359966584,-0.01895341496323294,6.451185138419552e-05,0.018167495695722236,-0.01608179967862222,-0.0030317796604735214,-0.0037355933557194354,0.005916217022862824,-0.009299193027096836,0.024227131536037783,-0.018925494325526926,0.0012128451179342567,0.011668037359404082,-0.008293407469644909,-0.0012999572495175846,0.028682346527266367,-0.022959293145432547,-0.00788984929991629,0.014855668703255442,-0.02093876569020109,0.0034753925391923096,-0.0133639295005758,-0.007167634968576642,-0.022097835649353956,0.0035447930539008188,-0.05763203734342845,0.03854873800452206
H,-0.45693617336801345,-0.884587003220821,-0.093355059855393,-0.5224082802043941,-0.8525670852505329,0.014797091649983806,-0.9787272801440279,-0.20273622456324195,-0.03147910976689457,-0.934456860659703,0.3519528881675708,-0.054032768543893044,-0.7138460898580795,-0.6992159887115107,-0.038996937373533505,-0.7262718992820307,-0.6874005568637522,0.0030988282745416356,-0.6322213519012502,-0.7747724403099295,-0.004881386724286205,-0.6023897832823375,-0.7981794165128006,-0.00601398805649432,-0.615023204866396,-0.7867699193140139,0.052340725429509356,0.8596558215496328,0.430458899646585,0.27513088556335696,-0.17542475082360912,-0.9645557143904351,0.19712541854167911,0.8450840932860255,0.2428153147553168,0.47631250056576563,-0.005890390290820946,0.002232932211853167,0.002964659288655148,-0.007647483998838189,0.015049812826756354,-0.005571680079783287,-0.0037533639589028,0.003510801365788796,-0.008654322235889349,-0.00922477391157328,0.006538006639773664,-0.003309035516540961,0.005754320599062335,-0.009988196484958856,-0.003609784155174673,-0.014002071507383085,0.008977745302892415,-0.0060805332166140105,-0.01027463586399302,0.005717028299521254,-0.004312023883111832,-0.02135079601633183,0.013343251387218924,-0.004816120355410007,-0.032508174875266915,0.04888986360427955,0.02571472316265011,-0.008892900971189804,0.0030089014715426465,0.010083253294841554,-0.026871346805473983,0.056976532966150795,0.02219385308474975
H,-0.43692814980676836,-0.8962602995154959,-0.076231669395519,-0.521608539687188,-0.8520803715501628,0.043400135303194774,-0.974245662193878,-0.22548553656924922,0.0012893775590476382,-0.9299591121075337,0.36754945619743057,-0.009134936077542344,-0.7377229066606114,-0.6746973992919443,-0.023416497964163084,-0.7256164784062735,-0.6877439912266823,0.022111734370494223,-0.6595998660623089,-0.7515553432062021,0.009621995052591625,-0.6376332652691741,-0.7703393877885187,0.0010230560987699797,-0.6637586594673929,-0.7413126187512225,0.09939840673901305,0.7591802659574516,0.5787714675047042,0.29777325632639384,-0.17342780132896338,-0.9302619656265302,0.32331945972190723,0.8020311760523083,0.40667755978062775,0.43744640244380273,-0.019208283044038987,0.012160009995045074,0.011479653193336964,-0.015526405611095195,-0.011076015711332321,0.0156450968660682,-0.015510275009075758,0.02726986432453471,0.027774442006476698,-0.043884840363776934,0.03619188571424137,-0.0015429510505035812,-0.019352602685487885,0.0113298619317449,0.001889515636078587,-0.047386537722303834,0.034890393398402386,-0.002620008682996172,-0.05525150554808167,0.03951332501895677,-0.010086346304609702,-0.06874347816224202,0.057130596857466354,0.029934290849629695,-0.12048357915342633,0.15998586415279414,0.0055189803031628765,-0.018011074066599353,0.04596704505857985,0.10907065072035411,-0.06306094079496227,0.1755355413199859,-0.0559894885818369
H,-0.43279032682788804,-0.8988766177943597,-0.06865390729435986,-0.49693675361293743,-0.8667262980468396,0.04288807739518772,-0.9699861223119254,-0.24309045580347163,-0.005826904798841758,-0.9432819142540853,0.3310533949027328,-0.02495756327296349,-0.7283805190807889,-0.6845623758633975,-0.028916655682509076,-0.7293035975799816,-0.6840482358683195,0.01393820513323049,-0.6420163181239186,-0.7666892971602806,-0.0016027733721734852,-0.6358138303597101,-0.7715868455871208,-0.019862347299106138,-0.6390271570365235,-0.7657012702726016,0.07311536960682527,0.7250172534292949,0.6333168424934613,0.27066540089925384,-0.20647783457433103,-0.945984947352377,0.24995876302345446,0.8046438305511651,0.39668024312349565,0.4418066213530896,0.020533963095370256,-0.01202960821781307,-0.008089820009166193,0.00012171690307227756,-0.014988600955358644,-0.014694044459048535,-0.017460625125431894,-0.03387974301583402,-0.023400389296580285,0.0052045646009420965,-0.007248658292589472,-0.01307791981950513,-0.007824942152588443,0.006312073637226523,-0.015751291338422874,0.01344572495951002,-0.012517635675214689,-0.018802530525924246,-0.0023183880694163106,0.0013688604802617466,-0.028463165499035256,0.02059367945198909,-0.021772333242515374,-0.03386079923334692,-0.038300835507037,0.05716169326762088,-0.03468561752829914,-0.03718785622424797,-0.01310666344698308,-0.08093845879961191,-0.0015251684800235976,-0.007380998378268333,-0.0032175431918722436
H,-0.44456908080439694,-0.8934080944725897,-0.06465531009584412,-0.5169927227867918,-0.8550961653381185,0.039103358034121655,-0.9721308156600766,-0.23423525631523584,-0.009773532780422133,-0.9507158413843333,0.3089977556041263,-0.025686104657808507,-0.7229866780750436,-0.6904807021950012,-0.02294914426098433,-0.7300533331578103,-0.6830278976384125,0.02224908521313888,-0.6364775179641852,-0.7712706158389947,0.006164922504628014,-0.6275342800747448,-0.7784987464163291,-0.01185028097877607,-0.6415824997431571,-0.7629216876384851,0.07951348661810531,0.7490095945789793,0.6085513575196408,0.26201120680160866,-0.19516013582517047,-0.9460823879366239,0.25853556161742325,0.828380446643147,0.3544672878189263,0.43374967145301063,-0.008277215197345422,0.006161609386951206,-0.007783316559581803,0.009634060628357644,0.0033866761664658462,-0.007945225180096112,0.004344826846260863,-0.027524162620376436,-0.004727138583360754,0.017172594982254263,-0.011386849653373665,0.0019689142230090093,0.011029018398680257,-0.004448185091862955,0.004312282881392652,0.017317554136242308,-0.010049842000484088,0.003769098678285761,0.020058304261474202,-0.012380424150978286,0.00401346912181433,0.009223411269875303,-0.0026889406876534627,0.002399519812764303,0.03577109512619331,-0.03023400829559042,-0.012652791296160912,0.02309645272566946,-0.005565963906016824,0.004578201395453049,0.03551537006849087,-0.04768147862633931,-0.01205554709859473
H,-0.4579329533534393,-0.8835860558270362,-0.09784217996865344,-0.5061084790812931,-0.8624382582445744,0.0073795743837127515,-0.9712353443798062,-0.23523394467543712,-0.036971571509369944,-0.9456220895844724,0.31855346890480196,-0.06574611120525276,-0.7132228534689405,-0.7001653921739994,-0.03288745796579231,-0.743128421783054,-0.6687372397372927,0.02346599511578433,-0.622723175707682,-0.7824368576024516,0.002900052023734853,-0.6136229040199019,-0.7894379130093403,0.015959735763461148,-0.6032698586206122,-0.7950953522861708,0.06236071241411866,0.8247483033342883,0.4916841720157899,0.2793508745938695,-0.1302569543405024,-0.9667273827960038,0.22016197037255356,0.8368827520786475,0.3032800923291564,0.45568458923918775,0.02424811625454104,-0.017164131552009465,0.001463086222400413,0.01425934382931282,-0.010820727005754815,0.005988831143861506,0.0184576243489033,-0.0002663253448778602,-0.006873136674634933,0.0231276971551454,-0.019506728624551717,0.02324855616800134,0.00028878392379860784,0.004468619255566297,0.034403779775454765,0.02711821480554555,-0.020988280409010462,0.029921999391916157,0.027275248603885194,-0.02076120523856473,0.060996886615046535,0.05167651367158721,-0.041995703293239206,0.01603409566882267,0.08910258130435134,-0.12668922414940448,0.050526537665070134,0.07826705403371043,-0.030467033504933405,-0.005186721372060374,0.021866177984542823,-0.06100923413532339,0.05512178765898644
H,-0.44094448429067434,-0.895835621629676,-0.05519511566255896,-0.5072656001886588,-0.8605081125369617,0.04698296631030724,-0.9738984570565357,-0.22682216831433066,-0.008573173513038244,-0.9408026015508053,0.33682989610636715,-0.03789572540815836,-0.7324585975028269,-0.6805884918462809,-0.017427211784924516,-0.7339646605197157,-0.6787990151932717,0.022973334125088587,-0.639958409547017,-0.7682373183701442,0.016268273218202282,-0.6211202553103047,-0.7837150150033215,-0.0006353751690259615,-0.6443408763538637,-0.7608638495570592,0.07688327189153336,0.7594236477631042,0.5975803841850801,0.2572419243735218,-0.22366797777480113,-0.9468584656636132,0.2311529401052024,0.8205098933669865,0.36317447477759995,0.44143834876108246,-0.018145590170130732,0.014179711510252546,-0.0030436723794999843,-0.01965158173949444,0.020661342163746266,-0.014248666309762775,-0.012168981029097914,0.030525993004205,-0.014796678509000079,-0.03622421309665136,0.03182646613035833,-0.02718681812522668,-0.007824707799426567,0.002187790346660834,-0.04313972529679022,-0.03422370290209997,0.02644910503494724,-0.029278843111627047,-0.02448582035316771,0.01797246380865858,-0.05924217523858158,-0.05805948679601647,0.04648106853175138,-0.028124504828679772,-0.08231312463394902,0.11814577797192999,-0.06475601452644217,-0.11039949249706368,0.03211848293503039,-0.03165609457344563,-0.03336132777442591,0.07214394825108333,-0.05689330478419977
H,-0.4268534842031483,-0.9024218451101897,-0.05857402574139181,-0.5058374349302692,-0.86119952674838,0.04963733022163681,-0.9690277749039441,-0.24695111968117395,0.0005620969005346912,-0.943140533513015,0.33159010617641277,-0.023107045044764317,-0.7308139461232052,-0.6824022312231716,-0.015432788907580387,-0.7438197648374874,-0.6678604184261376,0.02635562438587985,-0.6455826354484976,-0.7633590258690516,0.02249574252219948,-0.6286884329982878,-0.7776448384040254,0.004399945196755292,-0.654448068015704,-0.7508363113064477,0.08912104069320491,0.7617559739973966,0.5969302694599435,0.25179771540217943,-0.23477502535353975,-0.9382939656199886,0.2539392083774393,0.822423691622,0.38002328101367566,0.4233220728315999,-0.012662834829136438,0.005894809269095469,0.006033273990162423,-0.009220317934934497,-0.013542727886329542,0.012514180492405784,-0.016428932049735723,0.001346433550559356,0.01816759044222689,-0.012446348707904287,0.004772484103623076,0.005373332956176978,-0.023946104405297763,0.017524820247647788,0.006761200339624112,-0.019715225989006657,0.01146451598160636,0.009606379382830047,-0.021659177775509186,0.012656400079809838,0.008414230444614102,-0.024198191749366327,0.016613761731125276,0.015616678880504394,-0.011758673853233703,0.005936108755377201,-0.002065298892509497,-0.025198047666264684,0.015150723524138376,0.02616517835106972,-0.012177201832512585,0.02343502971658945,-0.014737365850649713
H,-0.4372315283759011,-0.8958888951984074,-0.07881419957247733,-0.4980133584941405,-0.8668070090645705,0.025065988867790417,-0.965450139977474,-0.2604387168228439,-0.008814873631902422,-0.9507229506048203,0.308897927664542,-0.026607169669396486,-0.7083887890632964,-0.7057426416611435,-0.010613541849324316,-0.7502257230685612,-0.6593956063729914,0.048567465882515454,-0.6320328731378496,-0.774736995510132,0.01780547839987976,-0.6070836640641321,-0.7942892303872983,0.023538124760087556,-0.5908135807770148,-0.8032014389065599,0.07620210829021455,0.8368338748292299,0.46236194535012093,0.29313904112272177,-0.1839835884966424,-0.9602446227349178,0.2099530987448709,0.842050800519809,0.21138948796691254,0.49625087780379357,0.018202120608881545,-0.012140432227972897,-0.004331167522760877,0.013955679099222962,-0.020020547053452298,0.010863203298648406,0.002795627080947549,-0.0292251284236531,0.01674004920645335,0.032803201232661616,-0.029873360349754297,0.025059420889341592,0.003972085941679027,0.0019318621413638715,0.042452015327721124,0.023927806483400815,-0.017910919552862725,0.0155499097087658,0.03198281310690859,-0.02317734189505516,0.03937835339441778,0.07401253141144198,-0.058898077511894575,0.007321241428095163,0.08545594500458614,-0.14110127402160494,0.06158149955162785,0.0611694810296502,-0.0284836070267116,-0.023745935801482862,0.030005153070561785,-0.17516674295854545,0.09316897880327919
